category,name,description,image_url,product_url
Laptops,ASUS ROG Strix G16 G614JI-N3187W,"De ASUS ROG Strix G16 G614JI-N3187W is de ultieme gaming-laptop die je gamingervaring naar een hoger niveau tilt. Met zijn krachtige specificaties en robuuste ontwerp is deze laptop klaar voor elke uitdaging die je hem geeft.
Met een Intel® Core™ i7-processor van de nieuwste generatie ben je verzekerd van razendsnelle prestaties en maximale responsiviteit, waardoor je moeiteloos kunt gamen, streamen en multitasken zonder vertraging.
Het 16-inch WUXGA-scherm met een resolutie van 1920 x 1200 pixels biedt een adembenemende beeldkwaliteit, zodat je elk detail kunt zien tijdens intense gaming-sessies.
Met 16 GB DDR5-SDRAM intern geheugen en een royale 1 TB SSD-opslag heb je voldoende ruimte en snelheid om al jouw favoriete games en multimedia-inhoud op te slaan en snel te laden.
De ASUS ROG Strix G16 is uitgerust met een krachtige NVIDIA GeForce RTX 4070 grafische kaart, waardoor je kunt genieten van vloeiende en meeslepende graphics met realistische details en verbluffende visuele effecten.
Of je nu de nieuwste AAA-games speelt of bezig bent met grafisch intensieve taken, deze laptop levert de prestaties die je nodig hebt.
Windows 11 Home is al geïnstalleerd, waardoor je direct kunt genieten van de nieuwste functies en verbeteringen van Microsoft's besturingssysteem.
Met zijn stoere grijze kleur en clamshell-vormfactor is de ASUS ROG Strix G16 niet alleen een krachtige gaming-laptop, maar ook een stijlvolle metgezel voor onderweg.",https://www.laptop.nl/picture/80066112/600/370/HighResolution/LPNL/false,https://www.laptop.nl/product/asus-rog-strix-g16-g614ji-n3187w/80066112/17923
Laptops,Outlet: HP Omen Gaming 17-db0530nd,"Welkom in de toekomst van gaming met de HP OMEN 17-db0530nd laptop, een meesterwerk van technologie dat wordt aangedreven door geavanceerde AI-functies. Deze laptop is niet zomaar een gamingmachine; het is een intelligent systeem dat is ontworpen om te anticiperen op je behoeften en je gameplay naar nieuwe hoogten te tillen.
Met een krachtige AMD Ryzen™ 7 8845HS processor aan boord, levert de HP OMEN 17-db0530nd laptop ongeëvenaarde prestaties die zelfs de meest veeleisende gamers tevreden zullen stellen. De combinatie van AMD Radeon Graphics en de discrete NVIDIA GeForce RTX 4070 grafische kaart biedt verbluffende visuele pracht en een soepele gameplay die je meesleept in elke virtuele wereld.
Het 17,3-inch Full HD-beeldscherm biedt een adembenemende kijkervaring, terwijl 16 GB DDR5-SDRAM en een snelle 512 GB SSD-opslagruimte zorgen voor voldoende ruimte en snelheid om al je games moeiteloos te laden en te spelen.
Wat de HP OMEN 17-db0530nd laptop echt onderscheidt, is zijn AI-mogelijkheden. Dit intelligente systeem past zich aan jouw speelstijl aan, leert van je acties en optimaliseert de prestaties om je een voorsprong te geven op de concurrentie. Met Windows 11 Home als besturingssysteem geniet je van een naadloze en intuïtieve gebruikerservaring, terwijl het strakke zwarte ontwerp van de laptop kracht en stijl uitstraalt.
Stap binnen in de toekomst van gaming met de HP OMEN 17-db0530nd laptop en ontdek hoe AI je gamingervaring kan transformeren. Bereid je voor om te domineren in elke game en laat je meeslepen door de kracht van intelligentie en prestaties.",https://www.laptop.nl/picture/80067716/600/370/HighResolution/LPNL/false,https://www.laptop.nl/product/outlet-hp-omen-gaming-17-db0530nd/80067716/17923
Laptops,Lenovo IdeaPad Slim 5 - 82XF00A4MH,"Mobiel zijn op een slimme manier
- Slimme, dunne, lichte 16-inch laptop van militaire kwaliteit
- Met Intel® Core™-processors van de 13e generatie
- Realtime systeemrespons via Lenovo AI Engine
- Optionele vingerafdruklezer en hybride FHD-infraroodcamera
- Verbeterde functies om tijd te besparen en je gegevens te beveiligen
- Keuze uit prachtige beeldschermen, Dolby Audio™-gecertificeerd",https://www.laptop.nl/picture/80066123/600/370/HighResolution/LPNL/false,https://www.laptop.nl/product/lenovo-ideapad-slim-5-82xf00a4mh/80066123/17923
Laptops,Lenovo Yoga Slim 6 Laptop 14IRH8 - 83E0004BMH,"Ga ervoor
- Draait op Intel® Evo™ en maximaal een Intel® Core™-processor van de 13e generatie
- Robuuste duurzaamheid van militaire kwaliteit met een licht ontwerp
- Bescherm je gegevens met slimme, verbeterde beveiligingsfuncties
- Maximaal een OLED-scherm met Dolby Vision™ en optioneel touchscreen
- Verbeterde videovergaderingen met noise cancelling en achtergrondvervaging",https://www.laptop.nl/picture/80065931/600/370/HighResolution/LPNL/false,https://www.laptop.nl/product/lenovo-yoga-slim-6-laptop-14irh8-83e0004bmh/80065931/17923
Laptops,Outlet: HP OmniBook Ultra 14-fh0000nd Copilot+ PC,"HP OmniBook Ultra Flip Next Gen AI-pc: AI-ondersteunde creativiteit
Profiteer van de kracht, mobiliteit en stijl van de HP OmniBook Ultra Flip Next Gen AI-pc. Breng je creaties tot leven met de nieuwste Intel® Core™ Ultra-processor
[1]
met AI-ondersteuning. Doe meer in minder tijd met een pc met goed beschermde AI-tools en een langere batterijduur
[2]
en profiteer van HP Wolf Security-functies voor particulieren.",https://www.laptop.nl/picture/80068542/600/370/HighResolution/LPNL/false,https://www.laptop.nl/product/outlet-hp-omnibook-ultra-14-fh0000nd-copilot-pc/80068542/17923
Laptops,Outlet: Lenovo Legion 5 - 83DG00CXMH,"Gamen zonder compromissen. Scoor beter met de kracht van een Intel® Core™-processor.
Intel® Core™-processors beschikken over een nieuwe geoptimaliseerde hybride architectuur en toonaangevende technologie waarmee je meer kunt doen dan alleen gamen en creatief zijn. Met Intel® kun je het allemaal. Van vooruitgang in games tot vooruitgang in het echte leven: met Intel® kun je beste uit jezelf halen.
Krachtige NVIDIA® GeForce RTX™ grafische kaarten. Sneller dan snel.
Laptop-GPU's uit de NVIDIA® GeForce RTX 40-serie vormen de basis van de snelste laptops ter wereld voor gamers én makers. Ze zijn gemaakt voor het AI-tijdperk en vormen een enorme sprong voorwaarts in prestaties met DLSS 3 op basis van AI. Ze maken levensechte virtuele werelden mogelijk met volledige raytracing. Bovendien optimaliseert de technologie van de Max-Q-suite systeemprestaties, kracht, batterijduur en geluid voor een maximale efficiëntie.
Profiteer van 3 maanden Xbox Game Pass op Lenovo Legion-apparaten
Speel meer dan 100 hoogwaardige games met je nieuwe Lenovo Legion-laptop en drie maanden Xbox Game Pass, met EA Play inbegrepen. Er worden constant nieuwe games toegevoegd, dus je kunt altijd iets nieuws spelen. Download een game en speel met zeer natuurgetrouwe beelden of speel consolegames vanuit de cloud met de verbonden controller. Zie xbox.com/subscriptionterms.
Game slimmer en sneller met Lenovo AI Engine+
Strijd nu op gelijke voet met je tegenstanders met de Lenovo Legion Pro 5i Gen 9. Dit is niet zomaar een gaminglaptop, maar betekent een ware revolutie. Jouw geheime wapen in de gamingarena werkt met een LA1 AI-chip en de Lenovo AI Engine+. Deze laptop optimaliseert je gameplay in realtime met maximale FPS voor vloeiende animaties en snelle reacties waarmee je je tegenstanders een stap voor blijft. En net als jij blijft deze laptop maar doorgaan: hij verbetert en evolueert voortdurend ??dankzij de innovatieve Smart Engine. Met deze laptop speel je niet alleen games, je domineert ze.
Legion ColdFront: de thermische titaan
Klaar om tot het uiterste te gaan in je games? Legion ColdFront is verbeterd met AI, waardoor de koeling nog beter werkt. Door de Phase-Change Materials en superdunne 3D-bladen is het koelsysteem ingrijpend verbeterd. Je eigen Legion Pro 5i-laptop? Die draait soepeler dan ooit tevoren. Verwacht een superkrachtige luchtstroom dankzij onze kolossale hybride koelbuizen. Alles draait om maximale thermische efficiëntie en topprestaties, hoe zwaar de game ook wordt. En het vermogen? Je hebt maar liefst 200 W tot je beschikking.
Visuele glorie op een adembenemend scherm
Richt je vijanden snel te gronde dankzij het geavanceerde Lenovo PureSight-gamingscherm, nu met X-Rite™ Pantone®-certificering en in de fabriek gekalibreerd voor ongelooflijk nauwkeurige kleuren. Door de hoge variabele vernieuwingsfrequentie van 240 Hz, 100% DCI-P3 en een beeldverhouding van 16:10 is het 16"" QHD-scherm van de Legion Pro 5i Gen 9 perfect voor een totaaloverzicht, snelle reflexen en nauwkeurig richten. Het scherm neemt 93,08% van het oppervlak in beslag, waardoor het lijkt alsof je beeld in de ruimte zweeft. Bovendien zie je met HDR en een hoge kleurnauwkeurigheid elk detail van je game, hoe licht of donker het ook wordt.
Profiteer van Lenovo Vantage
Met Lenovo Vantage kun je je instellingen optimaliseren om nog dieper in je games te duiken. Je kunt de mogelijkheden van je laptop aanpassen, personaliseren en maximaliseren met onze alles-in-één-suite van tools. Niets staat je succes in de weg met het realtime prestatiedashboard, overklokopties en AI-afstelling van de prestaties met intelligente ventilatorregeling.
Groener gamen
Game op een verantwoorde manier met de Legion Pro 5i die duurzaamheid vooropstelt. Het A-frame bestaat voor 30% uit gerecyclede kunststof en deze schone, milieubewuste en groene laptop is daarnaast ook van een oliewerende coating voorzien. Het I/O-dashboard aan de achterzijde met volledige I/O-ondersteuning biedt alle aansluitingen die je nodig hebt om je dagelijkse activiteiten te stroomlijnen en te vereenvoudigen. Door de CO2 Carbon Offset Service van Lenovo is je apparaat ook nog eens voorzien van milieuvriendelijke duurzaamheid, proactiviteit en transparantie. Dit is gemakkelijk voor jou en waardevol voor het milieu.
Ervaar de weergaloze kracht
Profiteer van het ongeëvenaarde batterijvermogen van de Legion Pro 5i-laptop. Deze stoere jongen is voorzien van een enorme batterij van 80 Wh, zodat je elke dag de hele dag kunt doorgaan. Met Super Rapid Charge laad je die monsterbatterij binnen enkele minuten op als je de gelijkstroomoplader van 300 W uit de doos gebruikt, terwijl je onderweg met 140 W kunt opladen via USB-C. Tegelijkertijd gebruikt Smart Battery machine learning om de capaciteit van de batterij optimaal te benutten en verslechtering te verminderen, zodat je optimaal gebruik kunt maken van de langere batterijduur van je laptop.
Bevelen, beheersen en veroveren
De Legion Pro 5i Gen 9 is voorzien van een Legion TrueStrike-gamingtoetsenbord, de perfecte bediening voor gamers die nauwkeurige controle en geweldige aanpassingsmogelijkheden eisen. Dit grote toetsenbord beschikt ook over grote pijl- en cijfertoetsen en een groot Mylar-touchpad dat je alles geeft wat je nodig hebt om iedereen de baas te zijn. Dankzij de volledig aanpasbare RGB-verlichting, mogelijk gemaakt door Lenovo Spectrum, kun je een ??geweldige sfeer creëren tijdens het gamen. Bovendien kun je met een toetsveerweg van 1,5 mm en ondersteuning voor verwisselbare toetskapjes de perfecte omgeving voor jouw speelstijl creëren.
Ga nog meer op in games en verbeter je kwaliteit van leven
Tobii Horizon is geavanceerde software die zonder extra hulpmiddelen je hoofdbewegingen volgt, zodat je een topselectie van games en gamefranchises op een geheel nieuwe manier kunt ervaren. Dit gaat verder dan gamen alleen: treed nieuw tijdperk binnen met slimme Tobii Aware-functies die je privacy, veiligheid, productiviteit en welzijn verbeteren.
Nahimic® Audio By SteelSeries voor gamers, meeslepend 3D-geluid
Geniet van games op een geheel nieuwe manier met Nahimic by SteelSeries op de Legion Pro 5i. Dit is speciaal ontworpen voor gamers en produceert een meeslepend 3D-geluid dat je beleving van games verbetert. Communiceer met je teamgenoten met een kristalheldere kwaliteit of mix en deel audiostreams als een professional. Nahimic verbetert niet alleen je games, maar zorgt ervoor dat je er helemaal in kunt opgaan.
Geavanceerde ondersteuning voor Legion-apparaten.
Krijg 24 uur per dag speciale ondersteuning voor gamers met Legion Ultimate Support. Dit is jouw beste gametactiek die altijd garandeert dat je voor 100% presteert. Of het nu gaat om werk of ontspanning, onze gamingspecialisten staan ??klaar om je te helpen met advies over instellingen, optimalisatie van hardware/software en meer. En als we je probleem niet op afstand kunnen oplossen, staan we de volgende werkdag bij je voor de deur. Doe meer met Legion Ultimate Support.
Legion Arena, de ultieme gaminghub
Al je games op één plek. Met de centrale gaminghub Legion Arena synchroniseer je eenvoudig alles van populaire stores en gamingplatforms en heb je volledige controle over hoe je je gamebibliotheek bekijkt en beheert. Je hebt vanaf één plek toegang tot al je games, zonder tussen apps te moeten wisselen om je favoriete games te zoeken.
Profiteer van 3 maanden Xbox Game Pass op Lenovo Legion-apparaten
Speel meer dan 100 kwaliteitsgames met je nieuwe Lenovo Legion-laptop en drie maanden Xbox Game Pass, inclusief EA Play. Er worden constant nieuwe games toegevoegd, dus je kunt altijd iets nieuws spelen. Download een game en speel met zeer natuurgetrouwe beelden of speel consolegames vanuit de cloud met de verbonden controller.
Specificaties kunnen per regio en/of model afwijken.",https://www.laptop.nl/picture/80068485/600/370/HighResolution/LPNL/false,https://www.laptop.nl/product/outlet-lenovo-legion-5-83dg00cxmh/80068485/17923
Laptops,Outlet: Lenovo Yoga Pro 7 - 83AU0048MH,"Ontdek de perfectie van design en prestaties met de Lenovo Yoga Pro 7 notebook. Deze clamshell-laptop combineert kracht, flexibiliteit en stijl in één indrukwekkend apparaat. Of je nu werkt, creëert of ontspant, de Lenovo Yoga Pro 7 levert de prestaties die je nodig hebt en past zich aan jouw behoeften aan.
De Lenovo Yoga Pro 7 notebook is uitgerust met een krachtige AMD Ryzen™ 7-processor, specifiek de 7735HS, met een frequentie van 3,2 GHz. Deze processor biedt ongeëvenaarde snelheid en vlotte multitasking-mogelijkheden. Werk efficiënt, bewerk foto's en video's zonder enige vertraging en geniet van een vlotte gebruikerservaring.
Het 14.5"" 2.5K-beeldscherm biedt een adembenemende kijkervaring met een resolutie van 2560 x 1600 pixels. Geniet van scherpe details, levendige kleuren en een helder beeld bij het bekijken van films, foto's of het werken aan grafische projecten. Het compacte formaat maakt de Lenovo Yoga Pro 7 perfect draagbaar, terwijl het scherm toch voldoende ruimte biedt om comfortabel te werken.
Met 16 GB intern geheugen kun je moeiteloos multitasken en veeleisende taken uitvoeren. Schakel naadloos tussen verschillende programma's en geniet van een responsieve gebruikerservaring zonder enige vertraging. Of je nu bezig bent met intensieve werkzaamheden, grafisch ontwerp of multitasking, de Lenovo Yoga Pro 7 kan het aan.
De totale opslagcapaciteit van 512 GB SSD biedt voldoende ruimte om al je bestanden, documenten en multimedia op te slaan. Profiteer van snelle toegang tot je gegevens en bestanden, en geniet van snel opstarten en vlotte prestaties dankzij de SSD-opslag.
De AMD Radeon 680M geïntegreerde grafische kaart zorgt voor een verbluffende visuele weergave en heldere graphics. Geniet van vloeiende beelden en een meeslepende kijkervaring bij het bekijken van video's, het bewerken van foto's of het spelen van lichte games.
De Lenovo Yoga Pro 7 wordt geleverd met Windows 11 Home, het nieuwste besturingssysteem van Microsoft. Profiteer van de nieuwste functies, verbeterde beveiliging en naadloze integratie met andere apparaten en services. Met Windows 11 Home ben je altijd up-to-date en klaar voor de toekomst.
Met zijn stijlvolle grijze kleur straalt de Lenovo Yoga Pro 7 elegantie en moderniteit uit. Het hoogwaardige ontwerp is perfect afgewerkt en zorgt voor een verfijnde uitstraling. Deze notebook is een combinatie van schoonheid en functionaliteit.
Kortom, de Lenovo Yoga Pro 7 notebook biedt kracht, prestaties en flexibiliteit in een stijlvol ontwerp. Met zijn indrukwekkende specificaties en betrouwbaarheid is deze laptop perfect geschikt voor zowel werk als ontspanning. Ervaar zelf de veelzijdigheid en kracht van de Lenovo Yoga Pro 7 en ontdek waarom het de ideale metgezel is voor jouw dagelijkse leven.",https://www.laptop.nl/picture/80068977/600/370/HighResolution/LPNL/false,https://www.laptop.nl/product/outlet-lenovo-yoga-pro-7-83au0048mh/80068977/17923
Laptops,Lenovo IdeaPad Flex 5 - 82R700M4MH,"Stijlvol en dynamisch ontwerp
Houd de snel veranderende wereld bij met de veelzijdige IdeaPad Flex 5i Gen 7 (14'' Intel). Werk en leer in laptopstand, geniet van entertainment in tentstand, gebruik de staande stand voor presentaties of lees comfortabel in tabletstand. Het scharnier van 360° is meer dan 25.000 keer getest om duurzaamheid te garanderen. Het apparaat is verkrijgbaar in drie kleuren en de dikte van 17,4 mm en het gewicht van 1,6 kg maken hem zeer draagbaar.
Kristalheldere kleur
Geniet van hoge beeldkwaliteit op tot een OLED-scherm van 2,8k, met een beeldverhouding van 16:10 voor meer schermoppervlak, DCI-P3 voor een beter contrast en 400 nits helderheid. TÜV-certificering voor beperkt blauw licht zorgt voor minder vermoeide ogen zonder in te leveren op kleurnauwkeurigheid, zodat je zowel kunt genieten van beeldkwaliteit als ergonomisch comfort.
Onbelemmerde prestaties
De IdeaPad Flex 5i Gen 7 (14'' Intel) is veelzijdig, draagbaar en krachtig. Tot een Intel® Core™ i7-processor van de 12e generatie zorgt voor naadloze streaming, contentcreatie en entertainment. Met tot 16 GB geheugen en 1 TB PCIe 4.0 SSD-opslag kun je gemakkelijk multitasken en je bestanden opslaan. Terwijl intelligente koeling op de achtergrond de temperatuur, en ook het geluidsniveau, laag houdt.
Overweldigende productiviteit
De technologie van Intel® Thunderbolt™ 4.0 zorgt voor een soepele stroomtoevoer naar andere apparaten en snelle gegevensoverdrachten. De IdeaPad Flex 5i Gen 7 biedt ook Rapid Charge Boost voor 2 uur gebruik na slechts 15 minuten opladen. En met de vingerafdruklezer log je privé en veilig in. Met de optionele standaard Lenovo Pen kun je ook op het scherm tekenen, schetsen of notities maken in documenten. Standaard Lenovo Pen is optioneel, niet meegeleverd.
Grenzeloze samenwerking
Als je wilt gaan samenwerken, staat de IdeaPad Flex 5i Gen 7 (14"" Intel) voor je klaar. Videovergaderingen werken beter met afgestemde audio en verminderd achtergrondgeluid. Twee microfoons vangen je stem duidelijker op, Dolby Audio™ optimaliseert het geluid en Smart Noise Cancelling filtert het gebabbel op de achtergrond weg, zodat je je beter kunt concentreren op wat belangrijk is.
Specificaties kunnen per regio/model verschillen.",https://www.laptop.nl/picture/80066137/600/370/HighResolution/LPNL/false,https://www.laptop.nl/product/lenovo-ideapad-flex-5-82r700m4mh/80066137/17923
Laptops,MSI Thin A15 B7UC-004NL,"MASSIEVE BLIKSEM DOORKLIEFT DE LUCHT
Terwijl vurige draken uit de bergen oprijzen, wacht de uitgestrekte en wonderlijke gamingwereld op ontdekking – en de Thin A15 is jouw perfecte metgezel voor deze reis! Het iconische dunne chassis is nu verkrijgbaar in een gloednieuwe kosmisch grijze kleur en uitgerust met verbeterde hardware. Ontketen de kracht en beleef de gamingwereld vrij en razendsnel met de Thin A15!
NIEUWE STANDAARD VOOR GAMING
Welkom in het nieuwe tijdperk van prestaties. De AMD Ryzen 7035HS Series introduceert de snelheid van ""Zen 3+"" voor gamers en creators met pure kracht om elk spel of werkproces op het digitale speelveld aan te kunnen. Met tot 8 cores en 16 threads levert de AMD Ryzen 7035HS Series baanbrekende prestaties.
GEFORCE RTX 30 SERIES LAPTOPS
DE ULTIEME GAME-ERVARING
NVIDIA® GeForce RTX™ 30 Series Laptop GPU’s drijven de snelste laptops ter wereld aan voor gamers en creators. Ze zijn gebouwd met Ampere—NVIDIA’s 2e generatie RTX-architectuur—om je de meest realistische ray-traced graphics en geavanceerde AI-functies zoals NVIDIA DLSS te bieden. Bovendien ontketenen Max-Q-technologieën de kracht van AI om dunne, high-performance laptops sneller en beter dan ooit te maken.
VERHOOG DE PRESTATIES MET AI
NVIDIA DLSS geeft games een prestatieboost zonder in te leveren op beeldkwaliteit. Zet de instellingen en resolutie hoger voor een nog betere visuele ervaring.
MEER MEESLEPENDE ERVARINGEN
Ray Tracing is de heilige graal van graphics. Het simuleert hoe licht zich in de echte wereld gedraagt om de meest realistische en meeslepende graphics te produceren voor zowel gamers als creators – en dankzij de 2e generatie RT Cores loopt alles soepel en snel.
GEOPTIMALISEERDE KRACHT EN PRESTATIES
NVIDIA Max-Q is een reeks AI-aangedreven technologieën die laptops optimaliseren voor hoge prestaties in een dunne vormfactor.
BLIJF KOEL EN STIL ONDER BELASTING
Fijn afgesteld om merkbaar stiller en koeler te blijven onder belasting, waardoor hij moeiteloos in elke omgeving past.
BLIKSEMSNELLE EN VLOEIENDE WEERGAVE
Onze gaming-laptops zijn speciaal ontworpen en geoptimaliseerd voor gamers. Het hogere verversingssnelheidsscherm met soepele visuals laat je gaming-ervaring naar een hoger niveau tillen.
VEELZIJDIGE CONNECTIVITEIT
De Thin A15 biedt uitgebreide connectiviteitsopties, zodat je al je apparaten moeiteloos kunt aansluiten.",https://www.laptop.nl/picture/80068387/600/370/HighResolution/LPNL/false,https://www.laptop.nl/product/msi-thin-a15-b7uc-004nl/80068387/17923
Laptops,Lenovo IdeaPad Gaming 3 - 82K202CLMH,"Versla al je rivalen
Stap over naar het hoogste van elite gamingniveau met een high-end AMD Ryzen™ 5000 H-serie Mobile-processor en de allernieuwste NVIDIA® GeForce RTX™ GPU. De maximale waarden van de IdeaPad Gaming 3 zijn zo goed als bij een grote computer, dus kun je net zo snel gamen en net zo hard rijden als de pro's. De Ideapad beschikt over een razendsnel 165 Hz FHD IPS-scherm, een ultrasnel toetsenbord met 100% N-key rollover, snellere koeling die 40% meer warmte afvoert, en Nahimic surround sound-audio.
Ultieme prestaties, compromisloze batterijduur
Ze zeggen dat hoge prestaties en een lange batterijduur tegelijk op een laptop niet mogelijk zijn. Ze zeggen dat een krachtige gaminglaptop groot, dik en zwaar moet zijn. Ze hebben het mis. Dankzij de nieuwe mobiele processor uit de AMD Ryzen™ 5000 H-serie kun je nu genieten van topprestaties in games op een dunne en lichte laptop met een geweldige batterijduur. Je hoeft dus nooit meer compromissen te sluiten over je gaminglaptop.
Ultieme prestaties voor gamers en makers
Laptop-GPU's uit de NVIDIA® GeForce RTX™ 30-serie leveren de ultieme prestaties voor gamers en creatieve makers. Ze draaien op Ampere, NVIDIA's 2e generatie RTX-architectuur, met nieuwe Ray Tracing Cores, Tensor Cores en streaming-multiprocessors, waardoor de snelheid enorm toeneemt. Geniet van de zeer natuurgetrouwe ray-traced beelden, geavanceerde nieuwe functies en de kracht van AI in een dun en licht ontwerp.
Welkom bij het hoogste niveau van gamingvideo
Game met snelheden en videobeelden van pro-niveau. Speel AAA-titels op het topscherm met 165 Hz FHD (1920 x 1080) IPS op de hoogste resolutie-instellingen voor verbluffende beelden met ultrafijne details en vloeiende framesnelheden zonder tearing. Ervaar games zoals ze zijn bedoeld met 100% sRGB op een nagenoeg randloos scherm.
Een supersnel toetsenbord
De juiste ergonomie en prestaties van het toetsenbord maken het verschil tussen victorie en nederlaag. Dankzij de 1,5 mm toetsdiepte en de 100% N-key rollover van het IdeaPad Gaming 3 Gen 6-toetsenbord met witte achtergrondverlichting of het optionele 4-zone RGB-toetsenbord kun je alle hits scoren die je nodig hebt en volledig opgaan in de game.
Sneller, koeler, stiller
De IdeaPad Gaming 3 Gen 6 is sneller en koeler dan de vorige generaties, met een verhoogd thermisch plafond dat 41% meer warmte afvoert (120 W). De geavanceerde koeling verdubbelt de luchtstroom en heeft twee keer zoveel luchtuitlaten en tot wel vier warmtepijpen.
Afgestemd op topprestaties
Schaf met de IdeaPad Gaming 3 Gen 6 de topprestaties aan die je wenst, met doelgerichte verbeteringen zoals het 30% grotere touchpad uit één stuk. Geniet van de Nahimic-audio voor games, met een meeslepend 7.1-kanaals surround-geluid dat fungeert als radar om je doelen op het strijdtoneel te lokaliseren.
Windows 11 is er nog niet, maar komt later dit jaar uit.
Als je deze pc koopt, ontvang je een gratis upgrade naar Windows 11 wanneer deze beschikbaar is.1 1 De planning voor de uitrol van upgrades is bijna voltooid en deze zal naar verwachting eind 2021 van start gaan en doorlopen tot in 2022. Het precieze moment zal per apparaat verschillen. Bepaalde functies vereisen specifieke hardware. Zie www.microsoft.com/windows/windows-11-specifications.
Specificaties kunnen per regio/model verschillen.",https://www.laptop.nl/picture/80066129/600/370/HighResolution/LPNL/false,https://www.laptop.nl/product/lenovo-ideapad-gaming-3-82k202clmh/80066129/17923
Laptops,MSI Modern 15 F13MG-017NL,"Verhoog uw zakelijke ervaring met de slanke en ultradraagbare Modern 15 F1M. Het ultradunne en lichte ontwerp is uitgerust met een Intel® Core™ 7-processor. Met een batterij die lang meegaat en een volledige aanvulling van I/O-poorten, of u nu op kantoor, onderweg of op reis bent, geniet u de hele dag van kracht en productiviteit.
Schitter helder
De slanke en lichtgewicht Modern Series voelt elke aanraking op de gebogen behuizing en biedt de perfecte grip. Urban Silver weerspiegelt de schoonheid van de toekomst en technologie, Platinum Gray belichaamt de glinstering van het sterrenstelsel, en de Modern Series verweeft licht met schaduwtinten om een betoverend spel van licht en schaduw te creëren.",https://www.laptop.nl/picture/21642778/600/370/HighResolution/LPNL/false,https://www.laptop.nl/product/msi-modern-15-f13mg-017nl/21642778/17923
Laptops,Outlet: Samsung Galaxy Book4 Edge Copilot+ PC - NP940XMA-KB1NL,"Gemakkelijk mee te nemen. Klaar om te gaan
De Galaxy Book4 Edge is ongelofelijk plat en licht en is dus makkelijk overal mee naartoe te nemen. Beschikbaar in twee formaten en dankzij het minimalistische ontwerp eenvoudig mee te nemen in je tas naar je volgende vergadering of op zakenreis.
Nieuwe kleur voor een iconische look
De Galaxy Book4 Edge is beschikbaar in de nieuwe kleur Sapphire Blue. Deze geeft het apparaat een opvallende, verfijnde en unieke uitstraling. De strakke afwerking heeft een metalen glans en creëert een stijlvolle en opvallende look.
De allernieuwste technologie. Het beste van AI
Maak je doelen waar met de razendsnelle AI-gestuurde PC-prestaties. De Galaxy Book4 Edge is uitgerust met de toonaangevende Snapdragon® X Elite processor en een geavanceerde NPU en biedt baanbrekende AI-gestuurde zakelijke en creatieve mogelijkheden.
Vind wat je zoekt met Recall
Gebruik Recall via Copilot in Windows, en doorzoek je PC op een snelle en intuïtieve manier. Omschrijf de details die je je nog kunt herinneren en blader door de snapshots die op het scherm worden weergegeven en vind zo de informatie die je zoekt — , zoals documenten, afbeeldingen, e-mails en zelfs je browsegeschiedenis.
Verbind je telefoon. Ontdek Galaxy AI op je PC
Verbind je smartphone met je PC via Phone Link om recent bezochte websites te bekijken of tot wel 5 mobiele apps op je laptop te openen. Gebruik slimme Galaxy AI-functies zoals Circle to Search met Google, Note Assist en Chat Assist van je Galaxy smartphone en krijg een uitgebreid beeld op het grote scherm van de Galaxy Book4 Edge.
Verbind je workflow van je PC met je telefoon
Met Copilot in Windows heb je toegang tot je telefoon en kun je taken op verschillende apparaten beheren via snelle chatopdrachten. Het werk gaat moeiteloos door. Profiteer daarnaast van slimme communicatiemiddelen. Benader contacten en verstuur moeiteloos berichten vanaf je PC of verbonden telefoon met een simpele chatopdracht.
Snelle toegang tot AI. Geniale assistentie
Het toetsenbord van de Galaxy Book4 Edge is uitgerust met een speciale en gloednieuwe AI-knop. Hiermee kun je Copilot in Windows direct openen en gebruikmaken van slimme features met slechts één druk op de knop. Slimme hulp is dus altijd binnen handbereik.
Schets wanneer de inspiratie toeslaat. Cocreator doet de rest
Maak je volgende meesterwerk met Cocreator. Je hebt alleen maar een goed idee, een ruwe schets en een AI-opdracht nodig en je tekeningen veranderen in ware kunstwerken.
Live Captions. AI-vertalingen in real time
Dankzij Live Captions krijg je nu vertalingen in real time tijdens online meetings en zelfs tijdens het kijken van video's. AI detecteert de taal van de spreker en zet het gesprek slim om in tekst in de door jou gekozen taal.
Kom goed voor de dag met Windows Studio Effect.
Dankzij Windows Studio Effect op de Galaxy Book4 Edge kom je goed voor de dag tijdens videogesprekken. Bepaal hoe je eruitziet op het scherm met AI features zoals Auto Framing, oogcontactcorrectie, lichtverbeteringen, achtergrondeffecten en filters. Zo oog en klink je altijd op je best!
Dynamic AMOLED 2x.
Een schitterende weergave van jouw creaties
Zo meeslepend, je moet het zien om het te geloven. Het display van 14 of 16 inch brengt jouw ideeën tot leven in een hoge resolutie, met levendige kleuren en soepele bewegingen. Ook profiteer je van minder blauw licht voor optimaal oogcomfort.
Genoeg poorten voor al je apparaten
Dankzij de veelzijdige ingebouwde poorten kun je op je Galaxy Book4 Edge 16” moeiteloos en zonder dongel meerdere apparaten aansluiten. Ervaar de razendsnelle gegevensoverdracht van de twee USB 4.0-poorten en sluit gemakkelijk andere apparaten aan met behulp van HDMI 2.1 (ondersteunt 4K bij 60 Hz), USB 3.2 Type-A, microSD-kaart en koptelefoon/microfoon.
Langdurig vermogen met slechts één oplaadsessie
Op het werk of onderweg: het maakt niet uit. De batterij van de Galaxy Book4 Edge 16” heeft voldoende vermogen om maar liefst tot 22 uur video's op af te spelen. Met Super Fast Charging en de meegeleverde oplader laad je je apparaat in slechts 30 minuten tot zelfs 40% op.
Maak foto's met je telefoon en bekijk ze direct op een ander apparaat
Upgrade je videogesprekken van een gewone laptopwebcam naar verbazingwekkende helderheid door je Samsung Galaxy smartphone te gebruiken als verbonden camera. Verbind probleemloos met je Galaxy Book4 Edge, switch tussen front- en backcamera's om de juiste hoek te vinden en geniet van een hoogwaardig beeld met verbeterde video-effecten in video-applicaties.
Buds Auto Switch voor een naadloze ervaring
Je geluid volgt je moeiteloos van het ene naar het andere apparaat wanneer ze zijn gekoppeld met je Galaxy Buds. Als er een gesprek binnenkomt terwijl je op je Galaxy Book4 Edge bezig bent, schakelen je Buds automatisch over naar je telefoon zonder dat je één tel mist. Als je klaar bent, kun je verder genieten van de heldere LE Audio op je laptop.
Quick Share. Bestanden overzetten in een handomdraai
Met Quick Share kun je grote bestanden, presentaties en afgerond werk razendsnel uitwisselen tussen Samsung Galaxy apparaten via directe draadloze koppeling. Als je iets vertrouwelijks moet delen, beschermt de functie private sharing je gevoelige gegevens door deze te versleutelen met blockchaintechnologie.
Samsung Knox. Beveiliging van topniveau.
Samsung Knox helpt bij de totale beveiliging van jouw systeem. Jouw apparaat is van binnenuit beschermd tegen kwaadaardige aanvallen en inbreuken, zodat jij je minder zorgen hoeft te maken.
Touchscreen. Je hoeft alleen maar te tikken
Werken en navigeren was nog nooit zo eenvoudig als met het intuïtieve touchscreen van de Galaxy Book4 Edge. Beheer je projecten met responsieve multi-touch gebaren, bewerk content en zet de puntjes op de i, rechtstreeks op het scherm.
Genoeg poorten voor al je apparaten
Dankzij de veelzijdige ingebouwde poorten kun je op je Galaxy Book4 Edge 14” moeiteloos en zonder dongel meerdere apparaten aansluiten. Ervaar de razendsnelle gegevensoverdracht van de twee USB 4.0-poorten en sluit gemakkelijk andere apparaten aan met behulp van HDMI 2.1 (ondersteunt 4K bij 60 Hz) en koptelefoon/microfoon.",https://www.laptop.nl/picture/80066985/600/370/HighResolution/LPNL/false,https://www.laptop.nl/product/outlet-samsung-galaxy-book4-edge-copilot-pc-np940xma-kb1nl/80066985/17923
Laptops,ASUS Zenbook Duo UX8406CA-PZ032W,"Let’s DUO it
De ASUS Zenbook DUO is een revolutionaire laptop met twee schermen, met twee OLED touchscreens van volledig formaat1, een afneembaar toetsenbord en ingebouwde kickstand - die veelzijdige multitasking vakkundig combineert met uitmuntende mobiliteit. Met de dubbele 14"" 3K OLED 120Hz schermen kunt u uw werkruimte direct uitbreiden naar tot wel 19.8"". Uitmuntende prestaties zijn verzekerd met tot een AI-powered Intel® Core™ Ultra 9 processor en 32GB LPDDR5x-geheugen, plus tot een 2TB PCIe® 4.0 SSD. In combinatie met speciale slimme software, intuïtieve gebarenbesturing en een 75 Wh accu met een verbeterde gebruiksduur, maximaliseert de gebruiksvriendelijke Zenbook DUO de productiviteit, zonder gedoe. Come on — Let’s DUO it.",https://www.laptop.nl/picture/21749008/600/370/HighResolution/LPNL/false,https://www.laptop.nl/product/asus-zenbook-duo-ux8406ca-pz032w/21749008/17923
Laptops,MSI Katana A15 AI B8VG-297NL,"Bescherm je eer en versla je vijanden. Ontwaak je innerlijke kracht en erf de wil van de Draak. In jouw handen ligt het Drakenblad, doordrenkt met oude krachten en gegraveerd met runen van wind. Versla elke tegenstander die je pad kruist met het legendarische zwaard Katana A15 AI B8V.
EEN BETROUWBARE AI-KLAAR PROCESSOR VOOR ULTIEME GAMING-LAPTOPS
AMD Ryzen™ 8040 Series-processors zijn ontworpen om premium ervaringen te bieden met betrouwbare prestaties, ongelooflijke batterijduur en de kracht van persoonlijke AI. Laat de AMD Ryzen™ 8040 Series-processors, uitgerust met AMD Ryzen™ AI, je helpen de kracht van AI-technologie te ontdekken en te benutten voor werk, gaming en AI-gestuurde ervaringen.
GEFORCE RTX™ 40 SERIES LAPTOPS
BEYOND FAST
NVIDIA® GeForce RTX™ 40 Series GPU's zijn ongekend snel voor zowel gamers als content creators. Ze worden aangedreven door de ultra-efficiënte NVIDIA Ada Lovelace-architectuur, die een revolutionaire sprong maakt in prestaties en AI-gestuurde graphics. Beleef hyperrealistische virtuele werelden met
ray tracing
en geniet van ultra-hoge FPS gaming met de laagste latentie. Ontdek baanbrekende nieuwe manieren om te creëren en ervaar ongekende workflow-versnelling.
AI-GESTUURDE PRESTATIES EN LEVENSECHTE GRAPHICS
Ervaar een enorme prestatietoename in games en creatieve applicaties met AI-powered DLSS 3 en geniet van realistische virtuele werelden met volledige ray tracing.
RAY TRACING: HYPERREALISTISCH & HYPERSNEL
De Ada-architectuur benut het volledige potentieel van
ray tracing
, waarmee lichtsimulatie op realistische wijze wordt nagebootst. Dankzij de kracht van de RTX 40 Series en derde-generatie
RT Cores
beleef je ongelooflijk gedetailleerde virtuele werelden als nooit tevoren.
GEOPTIMALISEERD VOOR KRACHT & PRESTATIES
NVIDIA Max-Q is een geavanceerde suite van AI-gestuurde technologieën die je systeem optimaliseert voor maximale efficiëntie. Dit maakt supersnelle laptops mogelijk die dun, stil en extreem energiezuinig zijn.
NOG SLIMMER DAN OOIT
MSI-laptops versnellen je werk en game-ervaring sneller en efficiënter dan ooit tevoren. Ze zijn standaard uitgerust met exclusieve MSI Intelligent Technology, waarmee nieuwe intelligente functies worden geïntroduceerd en automatische optimalisatie naar een hoger niveau wordt getild.
MSI AI ENGINE
MSI AI Engine detecteert automatisch verschillende gebruikersscenario's en past hardware-instellingen hierop aan voor optimale prestaties. Met eenvoudige AI-geoptimaliseerde modi en middelen kun jij je concentreren op wat echt belangrijk is: creëren, werken en entertainment.
BLIKSEMSNELLE EN VLOEIENDE WEERGAVE
Mis nooit een moment dankzij de scherpe beelden en vloeiende refresh rate van het 144Hz IPS-niveau scherm.
VERLICHT JE GAMESTIJL
De
Katana Series
is uitgerust met een 4-Zone RGB-toetsenbord met verlichte WASD-toetsen en speciaal ontworpen keycaps. Geniet van het kleurrijke licht dat pulseert als een energiebron en je een meeslepende game-ervaring biedt in stijl!
HERSMEDE KOELINGSSYSTEEM MET SHARE PIPE DESIGN
Maak kennis met de
Share Pipe
, een warmtebuis die zowel de CPU als GPU koelt en de thermische efficiëntie verhoogt. Dankzij MSI Cooler Boost 5 kunnen gamers zich zonder onderbrekingen verdiepen in complexe gamewerelden.
SNELLER AANSLAG, BETERE PRESTATIES
Versnel je prestaties op elk niveau met de verhoogde lees- en schrijfsnelheden van
DDR5-geheugen
.
MAGISCHE LAADSNELHEDEN
Met extreem hoge prestaties en een bandbreedte tot
7,88 GB/s
maakt
PCIe Gen 4
het mogelijk om games en taken razendsnel te laden.
DE PERFECTE AUDIOBELEVING
Dompel jezelf onder in lossless muziek en geniet van premium geluidskwaliteit met Hi-Resolution Audio.
VERBETER JE AUDIOERVARING
Ervaar audio zoals het bedoeld is en deel het via Nahimic in-game 3D surround & Sound Sharing via Bluetooth.
HAAL ALLE BUFFS BINNEN
Met de exclusieve
MSI Center
kun je jouw MSI-laptop volledig naar wens instellen en aanpassen.
EEN UITZONDERLIJKE DRAADLOZE ERVARING
Met de nieuwste
Wi-Fi 6E geniet je van verbluffende snelheden en een stabiele netwerkverbinding, zelfs als je het netwerk met meerdere gebruikers deelt.",https://www.laptop.nl/picture/80068395/600/370/HighResolution/LPNL/false,https://www.laptop.nl/product/msi-katana-a15-ai-b8vg-297nl/80068395/17923
Laptops,Outlet: ASUS Vivobook Go 14 E1404GA-NK053W,"De ASUS Vivobook Go 14 E1404GA-NK053W is een krachtige laptop die perfect past bij jouw moderne levensstijl. Met zijn clamshell-vormfactor en slanke ontwerp is hij ideaal voor onderweg en past hij gemakkelijk in je tas.
Deze laptop wordt aangedreven door een Intel® Core™ i3-processor uit de N305-serie, wat zorgt voor soepele prestaties en responsiviteit bij alledaagse taken. Het 14-inch Full HD-scherm biedt een scherpe en heldere kijkervaring, ideaal voor het bekijken van films, het bewerken van foto's of het werken aan documenten.
Met 8 GB DDR4-SDRAM biedt de ASUS Vivobook Go 14 voldoende geheugen voor multitasking en snelle gegevensoverdracht. De 256 GB flash-opslag zorgt ervoor dat je bestanden veilig worden opgeslagen en snel toegankelijk zijn.
Dankzij de geïntegreerde Intel® UHD Graphics geniet je van vloeiende grafische prestaties voor entertainment en lichte gaming. Bovendien wordt de laptop geleverd met het gebruiksvriendelijke Windows 11 Home-besturingssysteem, waardoor je direct aan de slag kunt met je favoriete apps en programma's.
Met zijn elegante zwarte afwerking en lichte gewicht van slechts 1,38 kg is deze ASUS Vivobook Go 14 niet alleen stijlvol, maar ook praktisch voor onderweg. Ontdek de vrijheid en flexibiliteit van een laptop die moeiteloos aan al jouw behoeften voldoet.",https://www.laptop.nl/picture/80068077/600/370/HighResolution/LPNL/false,https://www.laptop.nl/product/outlet-asus-vivobook-go-14-e1404ga-nk053w/80068077/17923
Laptops,HP 14-em0520nd,"Ontdek de kracht en mobiliteit van de HP 14-em0520nd laptop. Met zijn clamshell-vormfactor biedt dit apparaat een slank en draagbaar ontwerp zonder in te leveren op prestaties.
Dankzij de AMD Ryzen™ 5 7520U processorfamilie levert deze laptop krachtige prestaties voor al je dagelijkse taken, van multitasking tot contentcreatie.
Geniet van een indrukwekkende kijkervaring op het 35,6 cm (14"") Full HD-scherm met een resolutie van 1920 x 1080 pixels. Elk detail wordt helder en scherp weergegeven, of je nu werkt, films kijkt of online surft.
Met 16 GB LPDDR5-SDRAM intern geheugen biedt deze laptop voldoende ruimte voor soepel multitasken, zodat je naadloos kunt schakelen tussen verschillende applicaties. En dankzij de royale 512 GB SSD-opslag heb je genoeg ruimte voor al je bestanden en programma's.
De AMD Radeon 610M on-board grafische adapter zorgt voor vloeiende en responsieve grafische prestaties, waardoor je kunt genieten van multimedia en lichte gaming met verbluffende beelden.
De HP 14-em0520nd wordt geleverd met Windows 11 Home als het inbegrepen besturingssysteem, waardoor je kunt profiteren van de nieuwste functies en beveiligingsupdates. En met zijn elegante zilveren afwerking voegt dit product een vleugje stijl toe aan je dagelijkse routine, met een draagbaar gewicht van slechts 1,4 kg.",https://www.laptop.nl/picture/80066228/600/370/HighResolution/LPNL/false,https://www.laptop.nl/product/hp-14-em0520nd/80066228/17923
Laptops,MSI Katana A17 AI B8VF-835NL,"Bescherm je eer en versla de vijanden. Ontwaak je innerlijke kracht en erf de wil van de Draak. In je handen ligt het Drakenzwaard, dat stroomt van oude kracht en is gegraveerd met runen van wind. Sla elke vijand neer die je in de weg staat met het legendarische zwaard Katana A17 AI B8V.
EEN VERTROUWDE AI-READY PROCESSOR VOOR ULTIEME GAMING LAPTOPS
AMD Ryzen™ 8040-serie processors zijn ontworpen om heerlijke, premium ervaringen te bieden met betrouwbare prestaties, ongelooflijke levensduur van de batterij en de kracht van persoonlijke AI. Laat AMD Ryzen™ 8040-serie processoren, uitgerust met AMD Ryzen™ AI, u helpen de kracht van AI-technologie te ontdekken en te benutten voor werk, spel en AI-gebaseerde ervaringen.
LAPTOPS UIT DE GEFORCE RTX™ 40-SERIE
MEER DAN SNEL
NVIDIA® GeForce RTX™ 40 Series GPU's zijn ongekend snel voor gamers en ontwerpers. Ze worden aangedreven door de ultra-efficiënte NVIDIA Ada Lovelace-architectuur die een enorme sprong voorwaarts maakt in zowel prestaties als door AI aangedreven graphics. Ervaar levensechte virtuele werelden met ray tracing en ultrahoge FPS-gaming met de laagste latentie. Ontdek revolutionaire nieuwe manieren om te creëren en ongekende workflowversnelling.
AI-AANGEDREVEN PRESTATIES
EN LEVENSECHTE GRAPHICS
Maak een kwantumsprong in pre
staties in games en creatieve apps met DLSS 3 met AI en maak levensechte virtuele werelden mogelijk met volledige ray tracing.
RAY TRACING
HYPERREALISTISCH. SUPERSNEL.
De Ada-architectuur ontketent de volle glorie van ray tracing, dat simuleert hoe licht zich gedraagt in de echte wereld. Met de kracht van de RTX 40-serie en derde generatie RT-cores kun je ongelooflijk gedetailleerde virtuele werelden ervaren zoals nooit tevoren.
GEOPTIMALISEERDE KRACHT EN
PRESTATIES
NVIDIA Max-Q is een geavanceerde suite van AI-gestuurde technologieën die je systeem optimaliseren voor piekefficiëntie. Dit maakt supersnelle laptops mogelijk die dun en stil zijn en een verbazingwekkende batterijlevensduur hebben.
NU NOG SLIMMER
MSI Laptops versnellen werk en ontspanning nu nog sneller en efficiënter dan ooit tevoren. Ze worden standaard geleverd met exclusieve MSI Intelligent Technology die in staat is hele nieuwe intelligente functies te bieden, waardoor automatische tuning naar een heel nieuw niveau wordt getild.
MSI AI Engine
MSI AI Engine kan gebruikersscenario's detecteren en automatisch hardware-instellingen aanpassen om de beste prestaties te bereiken. Met eenvoudige AI afgestemde modi en bronnen kun je je richten op de belangrijke dingen zoals creëren, werk en entertainment.
MSI AI kunstenaar
Genereer afbeeldingen direct op je laptop met MSI AI Artist. Je kunt rijke afbeeldingen maken met kortere instructies en woorden genereren binnen afbeeldingen. MSI AI Artist biedt een verbluffende beeldcompositie die resulteert in realistische en verbazingwekkende visuals. Creëer en inspireer op een geheel nieuw niveau.
BLIKSEMSNELLE EN VLOEIENDE WEERGAVE
Mis nooit een opname met de opvallende beelden en soepele verversingssnelheid van het 144Hz IPS-scherm.
LICHT OP MET GAMESTIJL
De Katana-serie is uitgerust met een 4-zone RGB-toetsenbord met verlichte WASD en speciaal ontworpen keycaps. Geniet van het kleurrijke licht dat schijnt als pulsenergie en je een meeslepende game-ervaring met stijl geeft!
VERNIEUWDE KOELOPLOSSING
MET SHARE PIPE ONTWERP
Introductie van de nieuwe Share Pipe-functie, een heat pipe die aan zowel de CPU als GPU is bevestigd en is ontworpen om de thermische capaciteit te verbeteren en CPU-prestaties vrij te geven! Met de MSI Cooler Boost 5 kunnen gamers complexe spelwerelden verkennen zonder tegenslagen.
SNELLER AANVALLEN
Versnel de prestaties op alle niveaus met een snellere lees/schrijfsnelheid van het geheugen op DDR5-geheugen.
ZOALS MAGISCHE LAADSNELHEID
Met extreem hoge prestaties en tot 7,88 GB/s bandbreedte, stelt de PCIe Gen 4 gebruikers in staat om elke game en taak te laden met lichtsnelle snelheden.
ZOALS MUZIEK HOORT TE ZIJN
Dompel jezelf onder in lossless muziek en geniet van de eersteklas geluidskwaliteit met Hi-Resolution Audio.
VERHEF JE AUDIO
Ervaar audio zoals het bedoeld is en deel het met Nahimic in-game 3D surround & Sound Sharing via Bluetooth.
ALLE EXTRA'S
Het exclusieve MSI Center helpt je om je MSI laptop te bedienen en aan te passen zoals jij dat wilt.
BUITENGEWONE DRAADLOZE ERVARING
De nieuwste Wi-Fi 6E levert verbluffende snelheid terwijl het netwerk soepel en stabiel blijft, zelfs wanneer je het netwerk deelt met meerdere gebruikers.",https://www.laptop.nl/picture/21583484/600/370/HighResolution/LPNL/false,https://www.laptop.nl/product/msi-katana-a17-ai-b8vf-835nl/21583484/17923
Laptops,HP OmniBook Ultra 14-fh0070nd Copilot+ PC,"De ultieme en zeer krachtige Next Gen AI-pc voor werk en ontspanning
De HP OmniBook Ultra Next Gen AI-pc is het ultieme powerhouse voor ongeëvenaarde rekenkracht en videoweergave. HP Wolf Security
[8]
biedt bescherming van je pc, terwijl gepersonaliseerde en veilige AI-tools je productiever maken en je video- en audiokwaliteit verbeteren.",https://www.laptop.nl/picture/21647701/600/370/HighResolution/LPNL/false,https://www.laptop.nl/product/hp-omnibook-ultra-14-fh0070nd-copilot-pc/21647701/17923
Laptops,Outlet: Lenovo Yoga Slim 6 Laptop 14IRH8 - 83E0004BMH,"Ga ervoor
- Draait op Intel® Evo™ en maximaal een Intel® Core™-processor van de 13e generatie
- Robuuste duurzaamheid van militaire kwaliteit met een licht ontwerp
- Bescherm je gegevens met slimme, verbeterde beveiligingsfuncties
- Maximaal een OLED-scherm met Dolby Vision™ en optioneel touchscreen
- Verbeterde videovergaderingen met noise cancelling en achtergrondvervaging",https://www.laptop.nl/picture/80068520/600/370/HighResolution/LPNL/false,https://www.laptop.nl/product/outlet-lenovo-yoga-slim-6-laptop-14irh8-83e0004bmh/80068520/17923
Laptops,HP 17-cp0501nd,"Ontdek de kracht en veelzijdigheid van de HP 17-cp0501nd laptop. Met zijn clamshell-vormfactor biedt dit apparaat een klassiek ontwerp en betrouwbare prestaties voor al je dagelijkse behoeften.
Dankzij de AMD Ryzen™ 5 5500U processorfamilie levert deze laptop indrukwekkende prestaties, waardoor je moeiteloos kunt multitasken en veeleisende taken kunt uitvoeren.
Geniet van een meeslepende kijkervaring op het 43,9 cm (17.3"") Full HD-scherm met een resolutie van 1920 x 1080 pixels. Of je nu aan het werk bent, films kijkt of games speelt, elk detail wordt helder en levendig weergegeven.
Met 16 GB DDR4-SDRAM intern geheugen biedt deze laptop voldoende ruimte voor soepel multitasken, zodat je zonder vertraging tussen verschillende applicaties kunt schakelen. En dankzij de royale 512 GB SSD-opslag heb je genoeg ruimte voor al je bestanden en programma's.
De AMD Radeon Graphics on-board grafische adapter zorgt voor vloeiende en responsieve grafische prestaties, waardoor je kunt genieten van multimedia en gaming met verbluffende beelden.
De HP 17-cp0501nd wordt geleverd met Windows 11 Home als het inbegrepen besturingssysteem, waardoor je kunt profiteren van de nieuwste functies en beveiligingsupdates. En met zijn elegante zilveren afwerking voegt dit product een vleugje stijl toe aan je dagelijkse routine, met een draagbaar gewicht van slechts 2,07 kg.",https://www.laptop.nl/picture/80066227/600/370/HighResolution/LPNL/false,https://www.laptop.nl/product/hp-17-cp0501nd/80066227/17923
Laptops,Outlet: ASUS Zenbook 14 OLED UX3405MA-PP192W,"Nieuwe Zen met AI
Ga een stap verder met de opvallend slanke Zenbook 14 OLED - de ultieme, ultradraagbare laptop die verfijning naar een heel nieuw niveau tilt. Geniet van elk moment met behulp van de verbeterde accu met langere gebruiksduur, versterk uw efficiëntie met de eersteklas Intel® Core™ Ultra processor Series 1 en Intel Arc™ graphics, en bereik naadloze connectiviteit via alle essentiële poorten. Dompel uw zintuigen onder in het levendige ASUS Lumina OLED1 aanraakscherm2 en de krachtige nieuwe Super-lineaire luidsprekers, terwijl u de eco-elegantie van het milieubewuste ontwerp omarmt.
Ontwerp
Eigentijdse kleuren
Kies uit twee verfijnde kleuren om uw perfecte Zenbook samen te stellen.
Mobiliteit
Geniet van uw vrijheid
Geniet van compromisloze mobiliteit met het slanke, lichte en stevige volledig metalen ontwerp. De speciaal vervaardigde naadloze afwerking aan de zijkanten zorgt voor een meer vloeiende touch-ervaring. De Zenbook 14 OLED is altijd klaar voor elke uitdaging, overal!
Accu
De hele dag door, elke dag weer
Maak uzelf los van het lichtnet en wees overal productief. De Zenbook 14 OLED heeft het dag-lange uithoudingsvermogen dat u nodig hebt, en meer. En als het tijd is om bij te laden, gaat dat met USB-C Easy Charge uiterst snel en gemakkelijk!
Prestaties
Ontgrendel nieuwe AI-ervaringen
Voer moeiteloos taken uit met de AI-verbeterde multitasking-capaciteiten van de Zenbook 14 OLED. Met de geïntegreerde NPU AI-engine in de Intel Core Ultra-processor zullen AI-gebaseerde vliegen apps door hun taken, en de ultrasnelle, tot 1TB SSD-opslag, 32GB RAM en WiFi 6E6 zorgen ervoor dat u minder lang hoeft te wachten en sneller kunt werken, waar u ook bent.
Scherm
Bekijk het ongelooflijke
Het ultralevendige 2880 x 1800 ASUS Lumina OLED-scherm maakt elk moment ongelooflijk, met zijn tot 600 nits helderheid16, webvriendelijke 16:10 beeldverhouding en 87% scherm/behuizing ratio. En adaptieve synchronisatie past automatisch de verversingssnelheid aan, voor altijd vloeiende beelden.
Audio
Alles klinkt beter
Waar u ook naar luistert, het krachtige, kristalheldere geluid dat wordt geleverd door de Super-lineaire luidsprekers, de slimme versterker en ASUS Audio Booster zal uw oren verwennen.
Toetsenbord
Meer comfort, minder afleiding
Onze revolutionaire Quiet Keyboard-technologie elimineert op elegante wijze storende geluiden, wat zowel uw eigen persoonlijke ruimte als dat van de mensen in uw omgeving ten goede komt. En een druk op de emoji-sneltoets geeft uw gesprekken een levendige uitdrukking. Voor het betere rekenwerk is het touchpad voorzien van het ASUS NumberPad22,23 2.0 virtuele numerieke toetsenblok.
I/O-poorten
Gemakkelijke aansluitingen
De Zenbook 14 OLED is voorzien van alle essentiële, volledig functionele poorten die u nodig hebt voor snelle en naadloze verbindingen onderweg, zodat u geen vervelende dongles en adapters hoeft mee te nemen. Er is zelfs een handige audio combi-aansluiting!
Smart conferencing
Ziet er geweldig uit, klinkt geweldig
U ziet er altijd op uw best uit en klinkt ook zo, dankzij onze innovatieve Ai-verbeterde camera- en audiosystemen.
Beste online vergaderervaring
De ASUS AiSense-camera zorgt ervoor dat u er altijd op uw best uitziet tijdens virtuele vergaderingen.
Duidelijk horen en gehoord worden
Two-Way AI Noise Cancelation maakt gebruik van een enorme deep-learning database om achtergrondgeluiden voor microfoon en audio te verminderen.
Privacy
Bescherm uw privacy
Blijf veilig, dankzij het privacyschild van de camera en snelle gezichtsaanmelding zonder wachtwoord.
Ontgrendelen, onmiddellijk
Met de Windows Hello infrarood (IR) camera kunt u uw laptop snel en veilig ontgrendelen.
Fysiek webcam privacyschild
Het geïntegreerde privacyschild schuift over de webcam voor onmiddellijke privacybescherming tegen nieuwsgierige blikken en onderbrekingen.
Militair niveau
Laptopduurzaamheid op Amerikaans militair niveau
ASUS consumentenlaptops voldoen aan de uiterst veeleisende MIL-STD 810H militaire norm26 voor betrouwbaarheid en duurzaamheid. Daarvoor worden ze onderworpen aan een streng testregime, inclusief uitgebreide tests voor gebruik in ruige omgevingen. Deze factoren helpen ook de levensduur en daarmee de duurzaamheid van de laptops te verbeteren, zodat u kunt werken, reizen of ontspannen in het vertrouwen dat uw ASUS-laptop klaar is voor de echte wereld - vandaag en tot ver in de toekomst.
Software
Echt gepersonaliseerde workflow
ASUS biedt een softwarepakket dat is ontworpen om uw computerervaring naar een hoger plan te tillen. MyASUS biedt een verzameling handige apps en tools die u helpen meer uit uw laptop te halen, terwijl GlideX u in staat stelt meer gedaan te krijgen door schermen te delen op verschillende apparaten. Bovendien helpt ScreenXpert u bij het beheren van app-vensters op alle aangesloten schermen, voor een soepelere workflow.
MyASUS
MyASUS biedt eenvoudige toegang tot ASUS-apps die zijn ontworpen om u te helpen uw systeem te onderhouden, uw software bij te werken, de prestaties van uw pc te optimaliseren, en contact op te nemen met ASUS voor after-sales ondersteuning.
GlideX
GlideX is een oplossing voor het delen van schermen tussen verschillende apparaten die bekabelde of draadloze verbindingen gebruikt om u een grotere en betere ruimte te geven voor werk en ontspanning. GlideX optimaliseert uw workflow in een handomdraai!
ScreenXpert for ASUS PCs
ScreenXpert for ASUS PCs - dat u kunt downloaden via de Microsoft store of kunt vinden in het Start-menu van uw pc - helpt u app-vensters te beheren op alle schermen die zijn aangesloten op uw ASUS pc en geeft u volledige controle over uw workflow!",https://www.laptop.nl/picture/80068928/600/370/HighResolution/LPNL/false,https://www.laptop.nl/product/outlet-asus-zenbook-14-oled-ux3405ma-pp192w/80068928/17923
Laptops,MSI Cyborg 15 A13UC-689NL,"CYBER-UP!
De nieuwe fase van evolutie is hier: duik in de wereld van games in cyberpunk-stijl, laat je sci-fi stijl zien en versla je tegenstander met revolutionaire hardware. De Cyborg 15 A13U heeft een futuristisch, mechanisch uiterlijk en is gemaakt om de meest baanbrekende, geavanceerde gaming-laptop te worden.
DOORZICHTIG ONTWERP
Door de doorschijnende delen op het toetsenbord en chassis kun je door delen van de binnenkant kijken. Met cybernetische afwerking van boven tot onder, geeft de Cyborg 15 A13U een nieuwe kijk op wat de toekomst inhoudt.
DUNNE EN LICHTE BEHUIZING
Met een gewicht van 1,98 kg en een dikte van 21,95 mm is de Cyborg 15 A13U perfect voor gaming onderweg. De integratie van aluminium materiaal op de cover zorgt voor een glad, hoogwaardig gevoel bij de eerste aanraking en houdt de Cyborg licht.
NAAR DE VOLGENDE GENERATIE TOT INTEL® CORE™ i7-13620H PROCESSOR
De 13e generatie Intel® Core™ i7-processor is hier. Met een verbeterde hybride core-architectuur bestaande uit 6 Performance-cores en 4 Efficient-cores. Deze krachtpatser heeft in totaal 10 cores en is nu 15% sneller dan de vorige versie, waardoor hij superieure prestaties levert bij multitasking en zelfs de meest veeleisende games.
GEFORCE RTX 30-SERIE LAPTOPS DE ULTIEME GAME
NVIDIA® GeForce RTX™ 30-serie laptop GPU's zijn de kracht achter 's werelds snelste laptops voor gamers en ontwerpers. Ze zijn gebouwd met Ampere-NVIDIA's 2e generatie RTX-architectuur voor de meest realistische ray-traced graphics en geavanceerde AI-functies zoals NVIDIA DLSS. Bovendien ontketenen Max-Q technologieën de kracht van AI om dunne, krachtige laptops te maken die sneller en beter zijn dan ooit.
VLOEIENDE, SLANKE BEWEGINGEN
Leg elke beweging vast met het scherpe en vloeiende 144Hz IPS-beeldscherm.
NEXT-GEN KOELING VOOR NEXT-GEN GAMING
Nieuw CPU & GPU Shared-Pipe ontwerp zorgt voor real-time warmteafvoer balancering tussen CPU & GPU voor verbeterde efficiëntie. In combinatie met het exclusieve thermische pasta van MSI zorgt dit voor maximale prestaties tijdens extreme gaming.
IO-POORTEN
DC-ingang
RJ45
HDMI™ (4K@60Hz)
USB 3.2 Gen1 Type-C / DP
USB 3.2 Gen1 Type-A*2
Audio Combo-aansluiting
Kensington slot",https://www.laptop.nl/picture/80068388/600/370/HighResolution/LPNL/false,https://www.laptop.nl/product/msi-cyborg-15-a13uc-689nl/80068388/17923
Laptops,Outlet: HP Pavilion x360 14-ek0512nd,"Ontdek de veelzijdigheid en kracht van de HP Pavilion x360 14-ek0512nd. Dit hybride (2-in-1) apparaat, met zijn convertibele (Map) vormfactor, biedt een naadloze overgang tussen laptop- en tabletmodus, waardoor je flexibel kunt werken en spelen.
Met een Intel® Core™ i3-1215U processorfamilie aan boord, levert deze Pavilion indrukwekkende prestaties voor dagelijkse taken. Of je nu werkt, surft op het web of media consumeert, deze processor staat garant voor een soepele ervaring.
Geniet van je content op het levendige 35,6 cm (14"") Full HD touchscreen display met een verbluffende resolutie van 1920 x 1080 pixels. Of het nu gaat om het bekijken van films, het bewerken van foto's of het maken van aantekeningen, elk detail komt tot leven op dit scherm.
Met 8 GB DDR4-SDRAM intern geheugen biedt deze laptop voldoende multitaskingkracht, zodat je moeiteloos tussen verschillende apps kunt schakelen zonder vertraging. En met een royale opslagcapaciteit van 512 GB SSD heb je genoeg ruimte voor al je bestanden, van documenten tot multimedia.
De Intel® UHD Graphics zorgen voor vloeiende grafische prestaties, of je nu grafisch intensieve games speelt of multimedia-content bekijkt. En met Windows 11 Home als het inbegrepen besturingssysteem, profiteer je van de nieuwste functies en beveiligingsupdates.
Met zijn elegante zilveren afwerking is de HP Pavilion x360 14-ek0512nd niet alleen krachtig, maar ook stijlvol. Het is de perfecte metgezel voor degenen die op zoek zijn naar een veelzijdige en betrouwbare laptop die aan al hun behoeften voldoet.",https://www.laptop.nl/picture/80069005/600/370/HighResolution/LPNL/false,https://www.laptop.nl/product/outlet-hp-pavilion-x360-14-ek0512nd/80069005/17923
Laptops,HP 14-em0521nd,"Ontdek de kracht en betrouwbaarheid van de HP 14-em0521nd laptop. Met zijn clamshell-vormfactor biedt dit apparaat een klassiek en toch functioneel ontwerp dat perfect is voor dagelijks gebruik.
De AMD Ryzen™ 5 7520U processorfamilie zorgt voor indrukwekkende prestaties, waardoor je naadloos kunt multitasken en veeleisende taken kunt uitvoeren zonder vertraging.
Geniet van een meeslepende kijkervaring op het 35,6 cm (14"") Full HD-scherm met een resolutie van 1920 x 1080 pixels. Of je nu films kijkt, foto's bewerkt of aan documenten werkt, elk detail wordt helder en levendig weergegeven.
Met 16 GB LPDDR5-SDRAM intern geheugen biedt deze laptop voldoende ruimte voor soepel multitasken, zodat je moeiteloos kunt schakelen tussen verschillende applicaties. En dankzij de 512 GB SSD-opslag heb je genoeg ruimte voor al je bestanden en programma's.
De AMD Radeon 610M on-board grafische adapter zorgt voor vloeiende en responsieve grafische prestaties, waardoor je kunt genieten van gaming en multimedia zonder compromissen.
Met Windows 11 Home als het inbegrepen besturingssysteem profiteer je van de nieuwste functies en beveiligingsupdates, terwijl de elegante zilveren afwerking van het product een vleugje stijl toevoegt aan je dagelijkse routine.",https://www.laptop.nl/picture/80066224/600/370/HighResolution/LPNL/false,https://www.laptop.nl/product/hp-14-em0521nd/80066224/17923
Laptops,Outlet: Lenovo IdeaPad Slim 3 - 83ER00E6MH,"Responsief, krachtige prestaties
Ontworpen met kwaliteit van militaire klasse, de IdeaPad Slim 3i Gen 8 laptop is ideaal voor werk, school of entertainment onderweg. Aangedreven door tot wel 13e generatie Intel® Core™ processors biedt dit 15? apparaat bliksemsnelle reactietijden voor al je apps. Dan kun jij naar hartenlust multitasken. Bovendien kun je dankzij de enorme hoeveelheden opslagruimte je hele multimediabibliotheek op je pc opslaan.
Duurzaamheid volgens militaire specificaties
Of je nu naar de bibliotheek gaat, de koffiebar, de luchthaventerminal, of ergens anders, je kunt erop vertrouwen dat dit stevige apparaat lang meegaat. De IdeaPad Slim 3i Gen 8 laptop is 10% dunner dan de vorige generatie en past makkelijk in je rugzak of reistas. Hij is gemaakt om bestand te zijn tegen schokken, stof en zware reisomstandigheden - in een kleur naar keuze.
Dompel jezelf onder in de ervaring
Met zijn smalle randen en prachtige scherm zal de IdeaPad Slim 3i Gen 8 zeker de aandacht trekken, zelfs als jij zelf gefocust blijft op het 15"" high-def groothoekscherm. De TÜV-gecertificeerde Low Blue Light-technologie helpt vermoeide ogen te voorkomen. Bovendien geniet je met de naar de gebruiker gerichte luidsprekers en Dolby Audio™ van eersteklas geluid als je een videogesprek voert, een film kijkt of gewoon naar je favoriete muziek luistert.
Wachten is niet nodig
Je moet erop vertrouwen dat je apparaat je onderweg kan bijhouden. Met zijn snellaadtechnologie levert de IdeaPad Slim 3i Gen 8 laptop 2 uur gebruik na 15 minuten opladen. Verder hebben we je privacy en beveiliging onder controle. De webcam is voorzien van een privacyschuifje, zodat je niet op camera hoeft te zijn als je dat niet wilt. Maar het beste van alles is misschien wel de optionele vingerafdruklezer die in de aan/uit-knop is geïntegreerd. Hiermee kun je met één tikje van je vinger direct inloggen en veilig opstarten.
Slimme functies doen het werk
De IdeaPad Slim 3i Gen 8 laptop past zich op basis van het gebruik automatisch aan voor optimale prestaties, langere batterijduur en lagere temperaturen om efficiënter te werken met Smart Power. Smart Wireless-technologie detecteert naadloos elke onderbreking in de connectiviteit en lost dynamisch problemen op om je in realtime opnieuw te verbinden. Bovendien beschermen slimme beveiligingsfuncties je meest gevoelige bestanden en voorkomen onbevoegde toegang en bestandsdiefstal. Je kunt zelfs al je BIOS-gegevens wissen bij het overzetten naar een nieuwe pc. Als het op beveiliging aankomt, zit je bij ons goed.
Specificaties kunnen verschillen per regio/model.",https://www.laptop.nl/picture/80069007/600/370/HighResolution/LPNL/false,https://www.laptop.nl/product/outlet-lenovo-ideapad-slim-3-83er00e6mh/80069007/17923
Laptops,Samsung Galaxy Book3 Pro - NP960XFG-KC3NL,"Carrièreversnellende snelheid
Deze processor betekent business. Bereik alles met de nieuwste 13e generatie Intel® Core™-processor. Plus, deze krachtpatser voor onderweg synchroniseert naadloos met andere Galaxy-apparaten om multitasking met gemak te vermenigvuldigen.
Je werk op volledig scherm
Zie je ambities tot leven komen op een 3K AMOLED-scherm (2880 X 1800). Deze jaw-dropping laptop zet Samsung's rijke erfgoed van innovatieve displays met een 16:10 aspect ratio, de grootste ooit voor Galaxy.
Dun, licht, premium ontwerp
Streef uw ambities na vanaf elke plek met een verbazingwekkend dun, lichtgewicht ontwerp. Deze krachtige pc is klaar om met u mee te gaan op uw reis naar de top.
Boordevol poorten
Zie eruit als een pro terwijl je de dag in handen hebt met een groot aantal poorten - plus een groter touchpad. Geen onhandige adapter meer nodig. Sluit gemakkelijk grotere schermen, externe opslagapparaten en meer aan.
Vermogen om vooruit te komen
Blijf van stroom voorzien tijdens uw projecten met een batterij die lang meegaat. Laad vervolgens razendsnel op met de Fast Charging USB-C-lader die ook werkt met je andere Galaxy-apparaten.
De Galaxy connected ervaring
Vermenigvuldig uw productiviteit met één naadloze ervaring op al uw apparaten. Galaxy doorbreekt barrières zodat u moeiteloos meer kunt doen.",https://www.laptop.nl/picture/80064056/600/370/HighResolution/LPNL/false,https://www.laptop.nl/product/samsung-galaxy-book3-pro-np960xfg-kc3nl/80064056/17923
Laptops,ASUS Vivobook Go 14 E1404FA-NK508W,"De ASUS Vivobook Go 14 E1404FA-NK508W is een veelzijdige laptop die perfect past bij jouw behoeften. Met zijn clamshell-vormfactor combineert deze laptop draagbaarheid met krachtige prestaties. Aangedreven door een AMD Ryzen™ 5-processor, specifiek de 7520U, biedt deze laptop voldoende vermogen om moeiteloos te multitasken en te genieten van al je favoriete toepassingen.
Het 14-inch Full HD-scherm met een resolutie van 1920 x 1080 pixels levert scherpe en levendige beelden, waardoor je kunt genieten van een meeslepende kijkervaring. Met 16 GB LPDDR5-SDRAM intern geheugen biedt de Vivobook Go 14 snelle en responsieve prestaties, zelfs bij intensief gebruik.
Met een totale opslagcapaciteit van 512 GB, geleverd via een SSD, heb je voldoende ruimte om al je bestanden, documenten en multimedia op te slaan zonder compromissen te sluiten aan snelheid. De geïntegreerde AMD Radeon 610M grafische kaart zorgt voor vloeiende beelden en een geweldige grafische ervaring, of je nu creatief bezig bent of geniet van je favoriete games.
De laptop wordt geleverd met Windows 11 Home, waardoor je kunt profiteren van de nieuwste functies en beveiligingsupdates van Microsoft. Met een stijlvol zilveren ontwerp is de ASUS Vivobook Go 14 E1404FA-NK508W niet alleen krachtig, maar ook een lust voor het oog.",https://www.laptop.nl/picture/80066102/600/370/HighResolution/LPNL/false,https://www.laptop.nl/product/asus-vivobook-go-14-e1404fa-nk508w/80066102/17923
Laptops,"Apple MacBook Pro (2024) 14"" - M4 Pro - 24 GB - 512 GB - Spacezwart","MacBook Pro
Met de superkracht van M4.
Prestaties
Op en top Pro.
MacBook Pro draait op de krachtigste chips in een pro-laptop ooit. Fenomenale CPU-prestaties, zowel single- als multi-threaded, sneller centraal geheugen en verbeterde versnellers voor machine­learning: met de chips uit de de M4-familie doe je dingen die je nooit voor mogelijk hield. En dankzij de krachtige Neural Engine worden AI-taken, zoals het upscalen van afbeeldingen en het maken van ondertitels, razend­snel uitgevoerd. MacBook Pro met M4 is tot 3,4x sneller dan M1.
Next-level grafische prestaties. Game on.
Vlieg door grafisch intensieve workflows met een reactie­snelheid die je verbeelding kan bijhouden. De M4-chips hebben een GPU met een ray tracing-engine met hardware-acceleratie van de tweede generatie, waardoor afbeeldingen sneller gerenderd worden en games realistischer aanvoelen dan ooit. En het snelle geheugen op de chip wordt met dynamic caching geoptimaliseerd. Dit verhoogt het gemiddelde GPU-gebruik aanzienlijk, wat een enorme prestatie­boost betekent voor de meest veeleisende pro-apps en games.
Batterij
Power voor de hele dag. En nacht
.
De nieuwe MacBook Pro heeft de langste batterijduur ooit in een Mac – tot wel 24 uur – en ondersteunt snelladen. Zo kun je in ongeveer 30 minuten alweer tot 50% opladen. Alle modellen leveren op netstroom dezelfde prestaties als op de batterij, zodat jij je energie in je passie kunt steken, en niet in de zoektocht naar een stopcontact.
macOS
Scherp als een Mac
Tienduizenden apps zijn geoptimaliseerd voor de kracht van macOS, van je meest gebruikte productiviteits­apps tot je favoriete games en je meest veeleisende pro-apps. En dankzij de M4-chips werken al die apps als nooit tevoren.
Mac + iPhone
Samen nog beter.
Telefoontjes en berichten - Je telefoontjes en berichten komen direct op je laptop binnen. Zo hoef je niet telkens tussen devices te switchen als je lekker bezig bent.
Universeel klembord - Kopieer tekst, afbeeldingen, foto’s en video’s op je iPhone en plak ze op je Mac – of andersom.
AirDrop - Zet draadloos foto’s, grote bestanden en meer over tussen je iPhone, Mac en andere Apple devices in de buurt. Zelfs zonder wifi.
Gemaakt voor Apple Intelligence.
Je geniale sidekick.
Apple Intelligence helpt je met schrijven, jezelf uitdrukken en dingen moeiteloos voor elkaar krijgen. Dankzij baanbrekende privacy­bescherming kun je erop vertrouwen dat alleen jij bij je gegevens kan en niemand anders. Zelfs Apple niet
Display
Bekijk alles in een heel nieuw licht.
Een kleurrijke afbeelding van de hoge resolutie, de helderheid en het contrast van het display
Ga met het grootste gemak van een zonovergoten terras naar een donkere studio. Het indrukwekkende Liquid Retina XDR-display biedt maar liefst 1600 nits aan piekhelderheid voor HDR, en nu tot wel 1000 nits helderheid voor SDR-content bij fel licht. Zo kun je ook buiten duidelijk zien wat er op je scherm staat. En bij weinig licht dimt het display tot slechts 1 nit, zodat je ook in een donkere ruimte prettig kunt werken.
Steel de show.
Dankzij de 12MP Center Stage-camera zie je er bij elk licht geweldig uit. Tel daarbij de geavanceerde microfoons en speakers en je maakt bij elke meeting indruk.
Poorten en connectiviteit
Meer poorten. Meer power.
MacBook Pro is voorzien van verschillende poorten waarmee je professionele accessoires verbindt, hoge­resolutie­displays aansluit of direct bestanden van een SDXC-kaart haalt. Modellen met M4 Pro en M4 Max hebben nu Thunderbolt 5, goed voor overdrachts­snelheden tot wel 120 Gb/s. MacBook Pro ondersteunt ook wifi 6E52 en Bluetooth 5.3, zodat je verbinding kunt maken met zowel het internet als je draadloze devices.
Beveiliging
Geen compromissen.
Beveiliging begint met Apple silicon en wordt doorgevoerd in de architectuur van macOS. Dankzij de verregaande integratie van hardware en software en automatische software-updates blijft MacBook Pro ook op de lange termijn stabiel en goed beveiligd. De beveiligings­architectuur is bovendien de drijvende kracht achter features als Touch ID, ‘Zoek mijn’ en de geavanceerde bescherming tegen virussen en malware.",https://www.laptop.nl/picture/21670730/600/370/HighResolution/LPNL/false,https://www.laptop.nl/product/apple-macbook-pro-2024-14-m4-pro-24-gb-512-gb-spacezwart/21670730/17923
Laptops,HP Victus Gaming 15-fa1550nd,"Stap in de wereld van high-performance gaming met de HP Victus Gaming 15-fa1550nd laptop. Met zijn krachtige specificaties en robuuste ontwerp is dit de ultieme keuze voor gamers die topprestaties willen, waar ze ook gaan.
Uitgerust met een Intel® Core™ i7-13620H processor levert deze laptop razendsnelle prestaties, waardoor zelfs de meest veeleisende games soepel draaien en je in het heetst van de strijd geen compromissen hoeft te sluiten.
Geniet van een meeslepende gaming-ervaring op het 39,6 cm (15.6"") Full HD-scherm met een resolutie van 1920 x 1080 pixels. Met levendige kleuren en scherpe details word je volledig ondergedompeld in de virtuele werelden van je favoriete games.
Met 16 GB DDR4-SDRAM intern geheugen heb je voldoende ruimte voor naadloos multitasken en soepele game-ervaringen. En dankzij de snelle 512 GB SSD-opslag heb je genoeg ruimte voor al je games, saves en downloads, met snelle laadtijden en responsieve prestaties.
De HP Victus Gaming 15-fa1550nd is uitgerust met zowel de Intel® UHD Graphics als de discrete NVIDIA GeForce RTX 4060 grafische adapter, waardoor je verzekerd bent van verbluffende grafische prestaties en een meeslepende gameplay-ervaring.
Met Windows 11 Home als het inbegrepen besturingssysteem ben je klaar om direct aan de slag te gaan met de nieuwste games en functies. En met zijn stoere zwarte ontwerp straalt deze laptop kracht en stijl uit tijdens elke gaming-sessie.",https://www.laptop.nl/picture/80066236/600/370/HighResolution/LPNL/false,https://www.laptop.nl/product/hp-victus-gaming-15-fa1550nd/80066236/17923
Laptops,HP Victus Gaming 16-r0556nd,"Stap in de wereld van grenzeloze gaming mogelijkheden met de HP Victus Gaming 16-r0556nd laptop. Ontworpen om de eisen van zelfs de meest veeleisende gamers te overtreffen, combineert deze laptop krachtige hardware met een slank en draagbaar ontwerp.
Met een Intel® Core™ i7-13620H processor aan boord, levert deze laptop ongeëvenaarde prestaties, of je nu opgaat in epische avonturen of jezelf onderdompelt in intense multiplayergevechten. De NVIDIA GeForce RTX 4070 grafische kaart zorgt voor verbluffende visuele pracht en vloeiende gameplay, zodat je elk detail kunt waarnemen en snel kunt reageren op elke situatie.
Het 16,1-inch Full HD-beeldscherm biedt een meeslepende kijkervaring, met levendige kleuren en scherpe details die elke game tot leven brengen. Met 16 GB DDR5-SDRAM en een razendsnelle 512 GB SSD-opslagruimte, laad je games in een oogwenk en geniet je van responsieve prestaties zonder vertraging.
Of je nu thuis bent of onderweg, de HP Victus Gaming-laptop biedt de ultieme gamingervaring. Met Windows 11 Home als besturingssysteem ben je verzekerd van een soepele en intuïtieve gebruikerservaring, zodat je je kunt concentreren op wat echt belangrijk is: je gameplay naar nieuwe hoogten tillen.
Met zijn strakke zwarte ontwerp is de HP Victus Gaming-laptop niet alleen een krachtige gamingmachine, maar ook een stijlvolle metgezel waar je trots op kunt zijn. Neem de controle over je games en domineer de competitie waar je ook bent met deze indrukwekkende gaminglaptop van HP.",https://www.laptop.nl/picture/80066237/600/370/HighResolution/LPNL/false,https://www.laptop.nl/product/hp-victus-gaming-16-r0556nd/80066237/17923
Laptops,ASUS TUF Gaming A15 FA506NCR-HN009W,"De ASUS TUF Gaming A15 FA506NCR-HN009W is een krachtige laptop met een robuust ontwerp, ideaal voor intensieve taken. Uitgerust met een AMD Ryzen™ 7 7435HS-processor en 16 GB DDR5-geheugen levert deze laptop soepele prestaties voor multitasking en zware applicaties.
Het 15,6-inch Full HD-scherm met een resolutie van 1920 x 1080 pixels zorgt voor scherpe en levendige beelden. De NVIDIA GeForce RTX 3050 grafische kaart biedt extra grafische kracht, ideaal voor creatieve toepassingen en media-editing.
Met een snelle 512 GB SSD-opslag start het systeem razendsnel op en laadt het programma’s vlot in. Windows 11 Home is vooraf geïnstalleerd, waardoor je direct aan de slag kunt.
Het stevige ontwerp en de efficiënte koeling maken de ASUS TUF Gaming A15 een betrouwbare keuze voor gebruikers die op zoek zijn naar een duurzame en krachtige laptop.",https://www.laptop.nl/picture/80066111/600/370/HighResolution/LPNL/false,https://www.laptop.nl/product/asus-tuf-gaming-a15-fa506ncr-hn009w/80066111/17923
Laptops,HP OmniBook Ultra 14-fh0000nd Copilot+ PC,"HP OmniBook Ultra Flip Next Gen AI-pc: AI-ondersteunde creativiteit
Profiteer van de kracht, mobiliteit en stijl van de HP OmniBook Ultra Flip Next Gen AI-pc. Breng je creaties tot leven met de nieuwste Intel® Core™ Ultra-processor
[1]
met AI-ondersteuning. Doe meer in minder tijd met een pc met goed beschermde AI-tools en een langere batterijduur
[2]
en profiteer van HP Wolf Security-functies voor particulieren.",https://www.laptop.nl/picture/21647703/600/370/HighResolution/LPNL/false,https://www.laptop.nl/product/hp-omnibook-ultra-14-fh0000nd-copilot-pc/21647703/17923
Laptops,Outlet: HP Omen Gaming 17-db0530nd,"Welkom in de toekomst van gaming met de HP OMEN 17-db0530nd laptop, een meesterwerk van technologie dat wordt aangedreven door geavanceerde AI-functies. Deze laptop is niet zomaar een gamingmachine; het is een intelligent systeem dat is ontworpen om te anticiperen op je behoeften en je gameplay naar nieuwe hoogten te tillen.
Met een krachtige AMD Ryzen™ 7 8845HS processor aan boord, levert de HP OMEN 17-db0530nd laptop ongeëvenaarde prestaties die zelfs de meest veeleisende gamers tevreden zullen stellen. De combinatie van AMD Radeon Graphics en de discrete NVIDIA GeForce RTX 4070 grafische kaart biedt verbluffende visuele pracht en een soepele gameplay die je meesleept in elke virtuele wereld.
Het 17,3-inch Full HD-beeldscherm biedt een adembenemende kijkervaring, terwijl 16 GB DDR5-SDRAM en een snelle 512 GB SSD-opslagruimte zorgen voor voldoende ruimte en snelheid om al je games moeiteloos te laden en te spelen.
Wat de HP OMEN 17-db0530nd laptop echt onderscheidt, is zijn AI-mogelijkheden. Dit intelligente systeem past zich aan jouw speelstijl aan, leert van je acties en optimaliseert de prestaties om je een voorsprong te geven op de concurrentie. Met Windows 11 Home als besturingssysteem geniet je van een naadloze en intuïtieve gebruikerservaring, terwijl het strakke zwarte ontwerp van de laptop kracht en stijl uitstraalt.
Stap binnen in de toekomst van gaming met de HP OMEN 17-db0530nd laptop en ontdek hoe AI je gamingervaring kan transformeren. Bereid je voor om te domineren in elke game en laat je meeslepen door de kracht van intelligentie en prestaties.",https://www.laptop.nl/picture/80068052/600/370/HighResolution/LPNL/false,https://www.laptop.nl/product/outlet-hp-omen-gaming-17-db0530nd/80068052/17923
Laptops,"Apple MacBook Air (2024) 13.6"" - M3 - 24 GB - 512 GB - Zilver","Strak. Sterk. Nu met M3.
Met MacBook Air kun je werken en gamen naar hartenlust – en de M3-chip geeft de populairste laptop ter wereld nog meer kracht en mogelijkheden. Bovendien gaat de batterij tot wel 18 uur mee,2 dus je neemt de superhandzame MacBook Air makkelijk overal mee naartoe voor alles wat je het liefste doet.
Gemaakt om verder te komen.
MacBook Air is superlicht en ultradun. Zo kun je ’m makkelijk elke dag gebruiken en is hij ook nog beter voor de planeet. MacBook Air met M3 bestaat voor 50 procent uit gerecyclede materialen – een primeur voor Apple. En alle MacBook Air-laptops hebben een stevige behuizing van gerecycled aluminium.
Twee perfect handzame formaten. Het 13-inch model is de ultieme laptop voor onderweg, en op het grotere scherm van het 15-inch model heb je meer ruimte om te multitasken.
Vier oogstrelende kleuren. Je kunt kiezen uit vier buitenaards mooie uitvoeringen, elk met een bijpassende MagSafe-oplaadkabel.
Prestaties en batterijduur
Propvol power.
Van zodra je je MacBook Air openklapt, is hij overal klaar voor. En dankzij het design zonder ventilator hoor je ’m ook bij de zwaarste workloads niet. Of je nu multitaskt met meerdere apps, video’s bewerkt in iMovie of Baldur’s Gate 3 speelt in de gamemodus, de M3-chip laat alles nog sneller en vloeiender gaan.
De ongekende AI-prestaties van de Neural Engine van MacBook Air met de M3-chip maken intelligente macOS-features mogelijk die je productiviteit en creativiteit verhogen. Denk aan krachtige camera­features, een realtime dicteer­functie en manieren om alles duidelijker te verbeelden.
Dankzij het brede ecosysteem van apps kun je geavanceerde AI-features gebruiken op je MacBook Air. Kijk je huiswerk na met AI-wiskunde­hulp in Goodnotes, verbeter automatisch je foto’s in Pixelmator Pro, of verwijder het achtergrondgeluid van een video met CapCut.
Batterij voor een hele dag. De batterij van zowel MacBook Air met M2 als MacBook Air met M3 gaat tot 18 uur mee, dus laat de oplader gerust thuis.2
MacBook Air is gemaakt voor Apple Intelligence,1 waarmee je jezelf makkelijk uitdrukt en alles moeiteloos voor elkaar krijgt. Dankzij baan­brekende privacy­bescherming kun je erop vertrouwen dat alleen jij bij je gegevens kan en niemand anders. Zelfs Apple niet.
Een MacBook Air voor iedereen.
Nieuw bij Mac?
Hou je van iPhone, dan hou je van Mac. Met een Mac kun je net zo makkelijk overweg als met een iPhone. Tekst op je telefoon naar je Mac kopiëren, met vrienden chatten in Berichten of devices opsporen met ‘Zoek mijn’? Als je Mac met iPhone gebruikt, werken ze naadloos samen.
Instellen is een eitje. Het overzetten van je bestanden en apps van je oude pc of Mac is heel simpel en zo gedaan met Migratie-assistent. En mocht je daar toch hulp bij nodig hebben, dan staat Apple Support altijd voor je klaar met een online chat, telefoontje of afspraak in de Store.
Overal toegang tot je bestanden met iCloud. Met iCloud kun je al je foto’s, contacten en bestanden op een centrale locatie bewaren, zodat je er vanaf al je devices bij kunt. Maak een taken­lijst op je iPhone en vink ’m af op je MacBook Air. En zo kan er nog veel meer.
Krachtige apps zijn standaard. Mac bevat standaard al apps als FaceTime, Freeform, Foto’s en Keynote. Je kunt dus meteen met al je creatieve ideeën aan de slag, alleen of samen met anderen.
Mac gaat lang mee. Mac-laptops hebben een behuizing van stevig gerecycled aluminium en kunnen dus heel wat hebben. En gratis macOS-updates zorgen ervoor dat alles de komende jaren soepel blijft draaien en goed is beveiligd.
Yep, Mac kan dat. En dat geldt niet alleen voor MacBook Air. Ook alle andere Macs zijn net zo makkelijk, krachtig en ongelofelijk.
Display, camera en audio
Schitterend. Helder.
Het Liquid Retina-display van MacBook Air is een lust voor het oog. Het kan 1 miljard kleuren weergeven en heeft een tot 2x zo hoge resolutie als vergelijkbare pc-laptops. Dankzij het grote contrast en de duidelijke details spatten foto’s en video’s van het scherm, en de haarscherpe tekst is makkelijk leesbaar.
HD-camera. Dankzij de 1080p FaceTime HD-camera kom je goed voor de dag, of je nu gezellig bijpraat met je vrienden of een zakelijk gesprek voert met je collega’s waar ook ter wereld.
Indrukwekkend geluidssysteem. De speakers van MacBook Air zijn geschikt voor ruimtelijke audio en Dolby Atmos, wat een oase van driedimensionaal geluid oplevert als je naar muziek luistert of een film kijkt.
Poorten en connectiviteit
Aansluitingen vol in beeld.
De MagSafe-oplaadkabel bevat magneten waarmee je hem makkelijk vastmaakt en weer losmaakt. Je hoeft dus niet bang te zijn dat je MacBook Air opeens door de lucht vliegt. Via de twee Thunderbolt-poorten kun je professionele accessoires aansluiten en je Mac opladen. En de mini-jack-aansluiting ondersteunt koptelefoons met hoge impedantie. Met het M3-model heb je toegang tot wifi 6E, goed voor tot 2x de overdrachts­snelheid van wifi 6.
Magic Keyboard met Touch ID
Ontgrendel alles met alleen je vinger.
Het stille Magic Keyboard typt heel prettig en is voorzien van achtergrond­verlichting, een rij functietoetsen van volledige hoogte en Touch ID. Daardoor kun je met alleen je vingerafdruk snel, makkelijk en veilig je Mac ontgrendelen en bij apps en websites inloggen.",https://www.laptop.nl/picture/21670690/600/370/HighResolution/LPNL/false,https://www.laptop.nl/product/apple-macbook-air-2024-13-6-m3-24-gb-512-gb-zilver/21670690/17923
Laptops,"Outlet: Apple MacBook Pro (2024) 14"" - M4 - 16 GB - 512 GB - Spacezwart","MacBook Pro
Met de superkracht van M4.
Prestaties
Op en top Pro.
MacBook Pro draait op de krachtigste chips in een pro-laptop ooit. Fenomenale CPU-prestaties, zowel single- als multi-threaded, sneller centraal geheugen en verbeterde versnellers voor machine­learning: met de chips uit de de M4-familie doe je dingen die je nooit voor mogelijk hield. En dankzij de krachtige Neural Engine worden AI-taken, zoals het upscalen van afbeeldingen en het maken van ondertitels, razend­snel uitgevoerd. MacBook Pro met M4 is tot 3,4x sneller dan M1.
Next-level grafische prestaties. Game on.
Vlieg door grafisch intensieve workflows met een reactie­snelheid die je verbeelding kan bijhouden. De M4-chips hebben een GPU met een ray tracing-engine met hardware-acceleratie van de tweede generatie, waardoor afbeeldingen sneller gerenderd worden en games realistischer aanvoelen dan ooit. En het snelle geheugen op de chip wordt met dynamic caching geoptimaliseerd. Dit verhoogt het gemiddelde GPU-gebruik aanzienlijk, wat een enorme prestatie­boost betekent voor de meest veeleisende pro-apps en games.
Batterij
Power voor de hele dag. En nacht
.
De nieuwe MacBook Pro heeft de langste batterijduur ooit in een Mac – tot wel 24 uur – en ondersteunt snelladen. Zo kun je in ongeveer 30 minuten alweer tot 50% opladen. Alle modellen leveren op netstroom dezelfde prestaties als op de batterij, zodat jij je energie in je passie kunt steken, en niet in de zoektocht naar een stopcontact.
macOS
Scherp als een Mac
Tienduizenden apps zijn geoptimaliseerd voor de kracht van macOS, van je meest gebruikte productiviteits­apps tot je favoriete games en je meest veeleisende pro-apps. En dankzij de M4-chips werken al die apps als nooit tevoren.
Mac + iPhone
Samen nog beter.
Telefoontjes en berichten - Je telefoontjes en berichten komen direct op je laptop binnen. Zo hoef je niet telkens tussen devices te switchen als je lekker bezig bent.
Universeel klembord - Kopieer tekst, afbeeldingen, foto’s en video’s op je iPhone en plak ze op je Mac – of andersom.
AirDrop - Zet draadloos foto’s, grote bestanden en meer over tussen je iPhone, Mac en andere Apple devices in de buurt. Zelfs zonder wifi.
Gemaakt voor Apple Intelligence.
Je geniale sidekick.
Apple Intelligence helpt je met schrijven, jezelf uitdrukken en dingen moeiteloos voor elkaar krijgen. Dankzij baanbrekende privacy­bescherming kun je erop vertrouwen dat alleen jij bij je gegevens kan en niemand anders. Zelfs Apple niet
Display
Bekijk alles in een heel nieuw licht.
Een kleurrijke afbeelding van de hoge resolutie, de helderheid en het contrast van het display
Ga met het grootste gemak van een zonovergoten terras naar een donkere studio. Het indrukwekkende Liquid Retina XDR-display biedt maar liefst 1600 nits aan piekhelderheid voor HDR, en nu tot wel 1000 nits helderheid voor SDR-content bij fel licht. Zo kun je ook buiten duidelijk zien wat er op je scherm staat. En bij weinig licht dimt het display tot slechts 1 nit, zodat je ook in een donkere ruimte prettig kunt werken.
Steel de show.
Dankzij de 12MP Center Stage-camera zie je er bij elk licht geweldig uit. Tel daarbij de geavanceerde microfoons en speakers en je maakt bij elke meeting indruk.
Poorten en connectiviteit
Meer poorten. Meer power.
MacBook Pro is voorzien van verschillende poorten waarmee je professionele accessoires verbindt, hoge­resolutie­displays aansluit of direct bestanden van een SDXC-kaart haalt. MacBook Pro ondersteunt ook wifi 6E52 en Bluetooth 5.3, zodat je verbinding kunt maken met zowel het internet als je draadloze devices.
Beveiliging
Geen compromissen.
Beveiliging begint met Apple silicon en wordt doorgevoerd in de architectuur van macOS. Dankzij de verregaande integratie van hardware en software en automatische software-updates blijft MacBook Pro ook op de lange termijn stabiel en goed beveiligd. De beveiligings­architectuur is bovendien de drijvende kracht achter features als Touch ID, ‘Zoek mijn’ en de geavanceerde bescherming tegen virussen en malware.",https://www.laptop.nl/picture/80068931/600/370/HighResolution/LPNL/false,https://www.laptop.nl/product/outlet-apple-macbook-pro-2024-14-m4-16-gb-512-gb-spacezwart/80068931/17923
Laptops,ASUS Vivobook Go 15 OLED E1504FA-L11182W,"ASUS Vivobook Go 15 OLED E1504FA-L11182W is een krachtige laptop die perfect past bij jouw behoeften. Deze clamshell-vormfactor laptop, uitgerust met een AMD Ryzen™ 5-processor, biedt indrukwekkende prestaties zonder compromissen. Geniet van haarscherpe beelden op het 15,6-inch Full HD OLED-scherm met een resolutie van 1920 x 1080 pixels.
Met 16 GB LPDDR5-SDRAM intern geheugen kun je naadloos multitasken en moeiteloos schakelen tussen verschillende taken. En dankzij de 512 GB SSD-opslag heb je voldoende ruimte om al je bestanden op te slaan, van documenten tot multimedia.
De laptop is uitgerust met de AMD Radeon 610M on-board graphics adapter, waardoor je kunt genieten van soepele grafische prestaties, of je nu aan het gamen bent of foto's en video's bewerkt.
Windows 11 Home is al voorgeïnstalleerd, waardoor je direct aan de slag kunt met alle nieuwe functies en verbeteringen die dit besturingssysteem te bieden heeft.
Met zijn stijlvolle zwarte kleur is de ASUS Vivobook Go 15 OLED E1504FA-L11182W niet alleen krachtig, maar ook een lust voor het oog.",https://www.laptop.nl/picture/80066107/600/370/HighResolution/LPNL/false,https://www.laptop.nl/product/asus-vivobook-go-15-oled-e1504fa-l11182w/80066107/17923
Laptops,"Apple MacBook Pro (2024) 14"" - M4 - 16 GB - 512 GB - Spacezwart","MacBook Pro
Met de superkracht van M4.
Prestaties
Op en top Pro.
MacBook Pro draait op de krachtigste chips in een pro-laptop ooit. Fenomenale CPU-prestaties, zowel single- als multi-threaded, sneller centraal geheugen en verbeterde versnellers voor machine­learning: met de chips uit de de M4-familie doe je dingen die je nooit voor mogelijk hield. En dankzij de krachtige Neural Engine worden AI-taken, zoals het upscalen van afbeeldingen en het maken van ondertitels, razend­snel uitgevoerd. MacBook Pro met M4 is tot 3,4x sneller dan M1.
Next-level grafische prestaties. Game on.
Vlieg door grafisch intensieve workflows met een reactie­snelheid die je verbeelding kan bijhouden. De M4-chips hebben een GPU met een ray tracing-engine met hardware-acceleratie van de tweede generatie, waardoor afbeeldingen sneller gerenderd worden en games realistischer aanvoelen dan ooit. En het snelle geheugen op de chip wordt met dynamic caching geoptimaliseerd. Dit verhoogt het gemiddelde GPU-gebruik aanzienlijk, wat een enorme prestatie­boost betekent voor de meest veeleisende pro-apps en games.
Batterij
Power voor de hele dag. En nacht
.
De nieuwe MacBook Pro heeft de langste batterijduur ooit in een Mac – tot wel 24 uur – en ondersteunt snelladen. Zo kun je in ongeveer 30 minuten alweer tot 50% opladen. Alle modellen leveren op netstroom dezelfde prestaties als op de batterij, zodat jij je energie in je passie kunt steken, en niet in de zoektocht naar een stopcontact.
macOS
Scherp als een Mac
Tienduizenden apps zijn geoptimaliseerd voor de kracht van macOS, van je meest gebruikte productiviteits­apps tot je favoriete games en je meest veeleisende pro-apps. En dankzij de M4-chips werken al die apps als nooit tevoren.
Mac + iPhone
Samen nog beter.
Telefoontjes en berichten - Je telefoontjes en berichten komen direct op je laptop binnen. Zo hoef je niet telkens tussen devices te switchen als je lekker bezig bent.
Universeel klembord - Kopieer tekst, afbeeldingen, foto’s en video’s op je iPhone en plak ze op je Mac – of andersom.
AirDrop - Zet draadloos foto’s, grote bestanden en meer over tussen je iPhone, Mac en andere Apple devices in de buurt. Zelfs zonder wifi.
Gemaakt voor Apple Intelligence.
Je geniale sidekick.
Apple Intelligence helpt je met schrijven, jezelf uitdrukken en dingen moeiteloos voor elkaar krijgen. Dankzij baanbrekende privacy­bescherming kun je erop vertrouwen dat alleen jij bij je gegevens kan en niemand anders. Zelfs Apple niet
Display
Bekijk alles in een heel nieuw licht.
Een kleurrijke afbeelding van de hoge resolutie, de helderheid en het contrast van het display
Ga met het grootste gemak van een zonovergoten terras naar een donkere studio. Het indrukwekkende Liquid Retina XDR-display biedt maar liefst 1600 nits aan piekhelderheid voor HDR, en nu tot wel 1000 nits helderheid voor SDR-content bij fel licht. Zo kun je ook buiten duidelijk zien wat er op je scherm staat. En bij weinig licht dimt het display tot slechts 1 nit, zodat je ook in een donkere ruimte prettig kunt werken.
Steel de show.
Dankzij de 12MP Center Stage-camera zie je er bij elk licht geweldig uit. Tel daarbij de geavanceerde microfoons en speakers en je maakt bij elke meeting indruk.
Poorten en connectiviteit
Meer poorten. Meer power.
MacBook Pro is voorzien van verschillende poorten waarmee je professionele accessoires verbindt, hoge­resolutie­displays aansluit of direct bestanden van een SDXC-kaart haalt. MacBook Pro ondersteunt ook wifi 6E52 en Bluetooth 5.3, zodat je verbinding kunt maken met zowel het internet als je draadloze devices.
Beveiliging
Geen compromissen.
Beveiliging begint met Apple silicon en wordt doorgevoerd in de architectuur van macOS. Dankzij de verregaande integratie van hardware en software en automatische software-updates blijft MacBook Pro ook op de lange termijn stabiel en goed beveiligd. De beveiligings­architectuur is bovendien de drijvende kracht achter features als Touch ID, ‘Zoek mijn’ en de geavanceerde bescherming tegen virussen en malware.",https://www.laptop.nl/picture/21670716/600/370/HighResolution/LPNL/false,https://www.laptop.nl/product/apple-macbook-pro-2024-14-m4-16-gb-512-gb-spacezwart/21670716/17923
Laptops,"Apple MacBook Air (2025) 13"" - M4 - 16 GB - 256 GB - Middernacht","Zo snel kan licht zijn.
MacBook Air is de populairste laptop ter wereld. Om vele redenen. Zo gaat de batterij tot 18 uur mee. Levert de M4-chip ongekend snelle prestaties voor werk en privé. Is de laptop gemaakt voor Apple Intelligence om allerlei dingen moeiteloos voor elkaar te krijgen. En is er nu de prachtige nieuwe kleur hemelsblauw. Met de supercompacte MacBook Air kun je alles aan, waar je ook bent.
Desgin
Gaat overal met je mee.
MacBook Air is opvallend licht en maar iets meer dan een centimeter dun. Zo past de laptop perfect in je drukke leven. En in je tas. MacBook Air met M4 bestaat voor meer dan 50 procent uit gerecyclede materialen en heeft een stevige behuizing van gerecycled aluminium.
Twee perfect compacte formaten. Het 13-inch model is de ultieme laptop voor onderweg. Op het grotere scherm van het 15-inch model heb je nog meer ruimte om te multi­tasken.
Er hangt een nieuwe kleur in de lucht. Met vier prachtige kleuren, waaronder het nieuwe hemelsblauw, is iedereen in de wolken. En bij elke MacBook Air zit een MagSafe-oplaadkabel in de bijpassende kleur.
Prestaties en batterij­duur
M4. Met stip de snelste chip.
Megasnel multi­tasken. Op MacBook Air met M4 gaat alles nog sneller en vloeiender. Of je nu schakelt tussen meerdere apps en tabbladen, video’s bewerkt of games als Sid Meier’s Civilization® VII speelt. En dat allemaal in een geruisloos design zonder ventilator.
Neural Engine. De turbo voor AI. Dankzij de snellere Neural Engine in de M4-chip zit MacBook Air vol krachtige AI-mogelijkheden, waardoor alles wat je doet nog beter gaat. Zo houdt je camera je automatisch midden in beeld, kun je AI-afbeeldingen verbeteren en moeiteloos met de nieuwste LLM’s werken. Kortom, een enorme boost voor je productiviteit en creativiteit.
Batterij waar je verder mee komt. MacBook Air heeft een batterij die tot 18 uur meegaat. En die snelladen ondersteunt: tot wel 50% in 30 minuten.6 Je kunt dus gewoon blijven doorwerken, zonder dat je je zorgen hoeft te maken over je batterij.
Mac + iPhone
Een dreamteam.
Hou je van iPhone, dan hou je van Mac. Met een Mac kun je net zo makkelijk overweg als met een iPhone. Tekst van je iPhone naar je Mac kopiëren of devices opsporen met Zoek Mijn? Je Mac en je iPhone vormen een geweldig team.
Gemaakt voor Apple Intelligence.
Meer doen. Minder moeite.
Apple Intelligence is ingebouwd in je Mac. Het systeem baseert zich op je persoonlijke context en helpt je met schrijven, jezelf uitdrukken en dingen moeiteloos voor elkaar krijgen.
Maximale power. Optimale privacy.
Apple Intelligence beschermt je privacy op alle fronten. Het systeem is geïntegreerd in het hart van je Mac, en gegevens worden op het device zelf verwerkt. Hoewel het zich bewust is van je persoonlijke gegevens, worden die gegevens niet verzameld.
En dankzij het baan­brekende Private Cloud Compute kan Apple Intelligence gebruik­maken van grotere server-based modellen die draaien op Apple silicon. Zo kunnen complexere verzoeken voor je worden afgehandeld zonder dat je privacy in het gedrang komt.
Display
Schitterend van alle kanten.
Het Liquid Retina-display van MacBook Air kan 1 miljard kleuren weergeven en heeft een tot 2x zo hoge resolutie als vergelijkbare pc-laptops. Dankzij het grote contrast en de duidelijke details spatten foto’s en video’s van het scherm, en is tekst haarscherp.
Camera en audio
Beweegt met je mee.
Middelpunt. Blijf in beeld tijdens videogesprekken. Ook als je beweegt of als er mensen naast je komen zitten.
Bureauweergave. Laat je bureau van bovenaf zien terwijl je zelf ook in beeld blijft. Ideaal als je bijvoorbeeld online lesgeeft of je nieuwste project wilt laten zien.
Drie microfoons. Met MacBook Air is je stem tijdens audio- en video­gesprekken goed te horen, terwijl achter­grond­geluiden zoveel mogelijk worden gedempt.
Indruk­wekkend geluidssysteem. De speakers van MacBook Air zijn geschikt voor Ruimtelijke Audio en Dolby Atmos, wat een oase van drie­dimensionaal geluid oplevert als je naar muziek luistert of een film kijkt.
Poorten en connectiviteit
Maak goede connecties.
De MagSafe-oplaadkabel klikt magnetisch vast en weer los. Je hoeft dus niet bang te zijn dat je MacBook Air opeens door de lucht vliegt. Via de twee Thunderbolt 4-poorten kun je professionele accessoires aansluiten en je Mac opladen. De mini-jack-aansluiting ondersteunt koptelefoons met hoge impedantie. En wifi 6E heeft een tot twee keer zo hoge overdrachts­snelheid als wifi 6.
Maak van MacBook Air je ideale werkplek door er tot twee externe displays op aan te sluiten. Met al die extra ruimte kun je eenvoudig in meerdere documenten of apps tegelijk werken.
Beveiliging
Bewaak het fort met één vinger.
Het Magic Keyboard is voorzien van achter­grond­verlichting, een rij functie­toetsen van volledige hoogte en Touch ID, waarmee je snel, makkelijk en veilig je Mac ontgrendelt, inlogt bij apps en websites en online betalingen goedkeurt, met alleen je vinger­afdruk.",https://www.laptop.nl/picture/21770980/600/370/HighResolution/LPNL/false,https://www.laptop.nl/product/apple-macbook-air-2025-13-m4-16-gb-256-gb-middernacht/21770980/17923
Laptops,Outlet: Lenovo Yoga Pro 7 - 83E3002XMH,"En met veel vermogen...
Alles wat je kunt doen, kun je beter doen met AMD Ryzen™ 8040 serie-processors. Of je nu beats maakt, met gigantische 3D-renders werkt of ingewikkelde effecten toevoegt aan een video: deze krachtbron kan elke uitdaging van bijna elke grootte aan. Ervaar de kracht van persoonlijke AI-verwerking met AMD Ryzen™ AI en ontdek nieuwe AI-ervaringen die de manier waarop je werkt en dagelijks entertainment ervaart, zult veranderen. Het draait op een geheugenbandbreedte van 16 GB en maakt multitasken sneller en vloeiender. Bovendien heb je voldoende opslagruimte voor je meesterwerken.
Het helderste beeld in de donkerste scène
Ervaar een visueel feest op een 14,5? PureSight Pro-beeldscherm. Foto's bewerken, je portfolio samenstellen of je favoriete shows binge-watchen. Elk moment is een meesterwerk. Levendige kleuren komen tot leven met ongeëvenaarde nauwkeurigheid en professionele kleurengamma's. Een krachtige nauwkeurigheid van kleuren dompelt je dieper onder in elke scène, terwijl een hoge vernieuwingsfrequentie zorgt voor soepele bewegingen. En maak je geen zorgen over vermoeide ogen tijdens die late sessies, dankzij de TÜV Low Blue Light-technologie.
Alles van Suite. Samengebracht.
Open een portaal van mogelijkheden met Premium Suite, met productiviteitstools om je ideeën naar voren te brengen. Vier uitzonderlijke luidsprekers, versterkt door Dolby Atmos®, creëren een akoestische plek, waar je ook bent. Word luid en glashelder gehoord op met de quad noise-canceling microfoons van studiokwaliteit. Iedereen zal elk woord horen. Met de FHD IR-camera sta je in het middelpunt van videogesprekken en krijg je totale gemoedsrust met de privacysluiter.  Het maken van rapporten is een fluitje van een cent op het Yoga-toetsenbord, met olie-afstotende toetsen met een afstand van 1,5 mm.
Het kan dit de hele dag doen
Ervaar onvoorstelbaar uithoudingsvermogen met een langdurige 73 WHr-batterij waardoor je dag en nacht kunt blijven werken. Stroom nodig? Met Rapid Charge Express ben je verzekerd van een batterijduur van maximaal 3 uur door slechts 15 minuten op te laden. Het tweetal volledig functionele USB-C-poorten zijn uitgerust met een breed scala aan connectiviteit en kunnen grote bestandsoverdrachten en snelle stroomvoorziening verwerken. Met de HDMI 2.1-poort kun je maximaal 8K-schermen aansluiten. Bovendien kun je soepel overgaan van online gesprekken naar projecten met het supersnelle wifi 6E-netwerk. *De werking van 6GHz-wifi 6E is afhankelijk van de ondersteuning van het besturingssysteem, routers/AP's/poorten die wifi 6E ondersteunen, samen met de regionale wettelijke certificeringen en toewijzing van frequenties.
Samen met jou tot het einde
Lenovo AI Engine+ zorgt voor wat je nodig hebt, zodat je je kunt richten op de grotere dingen, zoals het bereiken van je dromen. Van complexe renders tot relaxed bingen. Smart Power zorgt ervoor dat de hardwareprestaties en koelefficiëntie overeenkomen met je taak, zonder te veel batterij te verbruiken. Het voelt via Smart Login aan wanneer je bijna klaar bent om te starten, en zorgt ervoor dat je er goed uitziet en goed klinkt op de camera. Je weet niet eens dat je offline bent, omdat Smart Wireless je automatisch weer verbindt met het netwerk. @Ableton Live-software niet inbegrepen
Duurzaamheid is ingebouwd. En aan de buitenkant.
De EPEAT® Gold-geregistreerde en ENERGY STAR®-gecertificeerde Yoga Pro 7 14? bereikt plasticvrije verpakkingen door get gebruik van droog geperst papierpulp als demping en 100% biogebaseerde systeemtas van bamboevezel. Het bestaat uit 90% post-consumer gerecycled plastic voor de behuizing van de zwarte 100 W-voedingsadapter, 50% post-consumer gerecycled plastic in het toetsenbord en 50% gerecycled aluminium in de onderkant. Al het karton dat voor de verpakkingen wordt gebruikt, is FSC™-gecertificeerd en gemaakt van materiaal dat onder controle staat voor minder nadelige gevolgen voor het milieu. Yoga Pro 7i Gen 9 offers Lenovo CO2 Offset Service. *EPEAT-geregistreerd waar mogelijk — ga naar www.epeat.net voor de registratiestatus per land. FSC License codes: C156624 Via de Lenovo CO2 Offset Service kun je de geschatte uitstoot gedurende de gemiddelde levenscyclus van je pc compenseren, klimaatactieprojecten helpen ondersteunen die zijn geverifieerd door de Verenigde Naties, Gold Standard® en Climate Action Reserve, en volledige transparantie hebben over de bijdrage die je levert aan de omgeving. **Accessoires worden apart verkocht
Wij staan voor je klaar
Premium Care Plus is een verhoogde klantenservice die je apparaten extra zorg, dekking en beveiliging biedt. Ontvang snelle, persoonlijke service van deskundige technici, 24 uur per dag, zeven dagen per week. Zie de spanning en sensatie van het leven onder ogen met een Accidental Damage Protection. Prestatieproblemen en malware-aanvallen worden opgelost door Smart Performance. Problemen met de batterij? Sealed Battery Warranty* zorgt ervoor dat je aan de slag kunt met vervangingen. En met Data Migration-transfer kunnen al je gegevens en pc-instellingen in één stap worden overgedragen.
Je verbeelding versterkt
Het ontketenen van je creativiteit wordt veel gemakkelijker met Windows 11 op je Yoga Pro-laptop. De nieuwste tools voor makers zijn ingebouwd in het besturingssysteem: noteer je ideeën in Journal, bewerk video's in Clipchamp, leg inspiratie vast via Screen Recorder en bekijk je onbewerkte foto's in Photos. Om je prestaties nog meer te ondersteunen. Het wordt geleverd met Copilot – je AI-aangedreven intelligente assistent – om alle manieren te verbeteren waarop je creëert.
Specificaties kunnen verschillen per regio/model.",https://www.laptop.nl/picture/80068381/600/370/HighResolution/LPNL/false,https://www.laptop.nl/product/outlet-lenovo-yoga-pro-7-83e3002xmh/80068381/17923
Laptops,ASUS VivoBook X1605VA-MB183W,"ASUS VivoBook X1605VA-MB183W is een veelzijdige laptop die ontworpen is om te voldoen aan de behoeften van moderne gebruikers. Met een krachtige Intel® Core™ i9-processor biedt deze laptop indrukwekkende prestaties voor een breed scala aan taken, van productiviteitswerk tot multimedia-entertainment.
Het 16-inch WUXGA-scherm met een resolutie van 1920 x 1200 pixels levert levendige kleuren en scherpe details, waardoor je kunt genieten van een meeslepende kijkervaring tijdens het kijken naar films, het spelen van games of het bewerken van foto's en video's.
Met 16 GB DDR4-SDRAM biedt de VivoBook X1605VA-MB183W voldoende geheugen voor soepele multitasking en responsieve prestaties, zelfs bij veeleisende taken. En met een opslagcapaciteit van 1 TB SSD heb je ruimte genoeg voor al je bestanden, documenten, foto's en video's, terwijl je profiteert van snelle opstarttijden en laadtijden van applicaties.
De laptop wordt geleverd met geïntegreerde Intel Iris Xe Graphics, die zorgen voor heldere en vloeiende beelden voor al je grafische behoeften, van het bekijken van video's tot het bewerken van afbeeldingen.
Met Windows 11 Home als besturingssysteem profiteer je van een intuïtieve en gebruiksvriendelijke interface, waardoor je productief kunt blijven en gemakkelijk toegang hebt tot al je favoriete apps en programma's.
Met zijn strakke zwarte ontwerp en draagbaar clamshell-formaat is de ASUS VivoBook X1605VA-MB183W niet alleen een krachtige werkpartner, maar ook een stijlvolle metgezel voor onderweg.",https://www.laptop.nl/picture/80066216/600/370/HighResolution/LPNL/false,https://www.laptop.nl/product/asus-vivobook-x1605va-mb183w/80066216/17923
Laptops,MSI Cyborg 15 AI A1VEK-019NL,"CYBER-UP!
De volgende fase van de evolutie is hier: duik in de wereld van games in cyberpunk-stijl, laat je sci-fi mode zien en versla je tegenstander met revolutionaire hardware. De Cyborg 15 A13U heeft een futuristisch, gemechaniseerd uiterlijk en is gemaakt om de meest baanbrekende, avant-gardistische gaminglaptop te worden.
DOORZICHTIG ONTWERP
Door de doorschijnende delen op het toetsenbord en chassis kun je door delen van de binnenkant kijken. Met cybernetisch aandoende afwerking en taal van boven tot onder, stelt de Cyborg 15 A13U opnieuw voor wat de toekomst inhoudt.
NIEUW-GEN HYBRID PRESTATIES Tot Intel® Core™ Ultra 7 processor 155H
Met zijn razendsnelle verwerkingssnelheid en Intel's eerste geïntegreerde NPU voor energiezuinige AI-acceleratie. De nieuwste Intel® Core™ Ultra 7 processor 155H is een game-changer. Of je nu houdt van gamen, content creëren of zware multitasking, dit is jouw toegang tot een soepele en krachtige computerervaring.
GEFORCE RTX 40-SERIE LAPTOPS VERDER DAN SNEL
NVIDIA® GeForce RTX™ 40-serie laptop GPU's zijn de kracht achter 's werelds snelste laptops voor gamers en ontwerpers. Gebouwd met de ultra-efficiënte NVIDIA Ada Lovelace architectuur, zorgen ze voor een enorme sprong in prestaties met AI-gestuurde DLSS 3 en maken ze levensechte virtuele werelden mogelijk met volledige ray tracing. Bovendien optimaliseert het Max-Q-pakket van technologieën de systeemprestaties, het stroomverbruik, de batterijlevensduur en de akoestiek voor topprestaties.
NU MET AI
MSI Laptops versnellen toepassingen sneller en efficiënter dan ooit tevoren. Ze worden standaard geleverd met exclusieve MSI Intelligent Technology die in staat is om geheel nieuwe AI-functies te bieden, waardoor automatische optimalisatie naar een geheel nieuw niveau wordt getild.
VLOEIENDE BEWEGINGEN
Ervaar elke actie levendig met het heldere en vloeiende 144Hz IPS-beeldscherm.
GAMEN IN STIJL
De Cyborg 15 AI is uitgerust met een 4-zone RGB-toetsenbord met verlichte WASD en speciaal ontworpen keycaps. Geniet van het kleurrijke licht dat schijnt als pulserende energie voor een meeslepende game-ervaring in stijl!
NEXT-GEN KOELING VOOR NEXT-GEN GAMING
Het CPU&GPU Shared-Pipe ontwerp zorgt voor real-time warmteafvoer balancering tussen CPU&GPU voor verbeterde efficiëntie. In combinatie met het exclusieve thermische pasta van MSI zorgt dit voor maximale prestaties tijdens extreem gamen.
ALLES WAT JE NODIG HEBT
BUITENGEWONE DRAADLOZE ERVARING
De nieuwste Wi-Fi 6E levert verbluffende snelheden en houdt het netwerk soepel en stabiel, zelfs wanneer je het netwerk deelt met meerdere gebruikers.
ONTGRENDEL AL HET POTENTIEEL
Haal de machtige prestaties uit je laptop met ondersteuning van DDR5 geheugen. Geniet van nog hogere frequenties, grotere capaciteit en betere prestaties.
PCIe Gen 4 OPSLAG ONDERSTEUNING
PCIe 4.0 verbetert effectief de dagelijkse workflow en heeft een betere signaalbetrouwbaarheid, integratie en verbinding voor betere prestaties.
AUDIO-EUPHORIA
DTS levert meeslepende, nauwkeurige audioplaatsing voor gamers, waardoor je een voorsprong hebt op de concurrentie.
ALLE FUNCTIES
Het exclusieve MSI Center helpt je om je MSI laptop te bedienen en aan te passen zoals jij dat wilt.
NAADLOZE GAME-ERVARING
Ontwikkeld onder een exclusieve samenwerking met BlueStacks, zorgt de MSI APP Player voor een naadloze game-ervaring tussen mobiel gamen en de PC.
COMPLETE IO
USB 3.2 Gen2 Type-C / DP
USB 3.2 Gen1 Type-A x2
RJ45
DC-ingang
HDMI™ 2.1 (4K@60Hz)
Audio Combo-aansluiting
Kensington slot",https://www.laptop.nl/picture/21561137/600/370/HighResolution/LPNL/false,https://www.laptop.nl/product/msi-cyborg-15-ai-a1vek-019nl/21561137/17923
Laptops,MSI Cyborg 15 AI A1VFK-017NL,"CYBER-UP!
De volgende fase van de evolutie is hier: duik in de wereld van games in cyberpunk-stijl, laat je sci-fi mode zien en versla je tegenstander met revolutionaire hardware. De Cyborg 15 A13U heeft een futuristisch, gemechaniseerd uiterlijk en is gemaakt om de meest baanbrekende, avant-gardistische gaminglaptop te worden.
DOORZICHTIG ONTWERP
Door de doorschijnende delen op het toetsenbord en chassis kun je door delen van de binnenkant kijken. Met cybernetisch aandoende afwerking en taal van boven tot onder, stelt de Cyborg 15 A13U opnieuw voor wat de toekomst inhoudt.
NIEUW-GEN HYBRID PRESTATIES Tot Intel® Core™ Ultra 7 processor 155H
Met zijn razendsnelle verwerkingssnelheid en Intel's eerste geïntegreerde NPU voor energiezuinige AI-acceleratie. De nieuwste Intel® Core™ Ultra 7 processor 155H is een game-changer. Of je nu houdt van gamen, content creëren of zware multitasking, dit is jouw toegang tot een soepele en krachtige computerervaring.
GEFORCE RTX 40-SERIE LAPTOPS VERDER DAN SNEL
NVIDIA® GeForce RTX™ 40-serie laptop GPU's zijn de kracht achter 's werelds snelste laptops voor gamers en ontwerpers. Gebouwd met de ultra-efficiënte NVIDIA Ada Lovelace architectuur, zorgen ze voor een enorme sprong in prestaties met AI-gestuurde DLSS 3 en maken ze levensechte virtuele werelden mogelijk met volledige ray tracing. Bovendien optimaliseert het Max-Q-pakket van technologieën de systeemprestaties, het stroomverbruik, de batterijlevensduur en de akoestiek voor topprestaties.
NU MET AI
MSI Laptops versnellen toepassingen sneller en efficiënter dan ooit tevoren. Ze worden standaard geleverd met exclusieve MSI Intelligent Technology die in staat is om geheel nieuwe AI-functies te bieden, waardoor automatische optimalisatie naar een geheel nieuw niveau wordt getild.
VLOEIENDE BEWEGINGEN
Ervaar elke actie levendig met het heldere en vloeiende 144Hz IPS-beeldscherm.
GAMEN IN STIJL
De Cyborg 15 AI is uitgerust met een 4-zone RGB-toetsenbord met verlichte WASD en speciaal ontworpen keycaps. Geniet van het kleurrijke licht dat schijnt als pulserende energie voor een meeslepende game-ervaring in stijl!
NEXT-GEN KOELING VOOR NEXT-GEN GAMING
Het CPU&GPU Shared-Pipe ontwerp zorgt voor real-time warmteafvoer balancering tussen CPU&GPU voor verbeterde efficiëntie. In combinatie met het exclusieve thermische pasta van MSI zorgt dit voor maximale prestaties tijdens extreem gamen.
ALLES WAT JE NODIG HEBT
BUITENGEWONE DRAADLOZE ERVARING
De nieuwste Wi-Fi 6E levert verbluffende snelheden en houdt het netwerk soepel en stabiel, zelfs wanneer je het netwerk deelt met meerdere gebruikers.
ONTGRENDEL AL HET POTENTIEEL
Haal de machtige prestaties uit je laptop met ondersteuning van DDR5 geheugen. Geniet van nog hogere frequenties, grotere capaciteit en betere prestaties.
PCIe Gen 4 OPSLAG ONDERSTEUNING
PCIe 4.0 verbetert effectief de dagelijkse workflow en heeft een betere signaalbetrouwbaarheid, integratie en verbinding voor betere prestaties.
AUDIO-EUPHORIA
DTS levert meeslepende, nauwkeurige audioplaatsing voor gamers, waardoor je een voorsprong hebt op de concurrentie.
ALLE FUNCTIES
Het exclusieve MSI Center helpt je om je MSI laptop te bedienen en aan te passen zoals jij dat wilt.
NAADLOZE GAME-ERVARING
Ontwikkeld onder een exclusieve samenwerking met BlueStacks, zorgt de MSI APP Player voor een naadloze game-ervaring tussen mobiel gamen en de PC.
COMPLETE IO
USB 3.2 Gen2 Type-C / DP
USB 3.2 Gen1 Type-A x2
RJ45
DC-ingang
HDMI™ 2.1 (4K@60Hz)
Audio Combo-aansluiting
Kensington slot",https://www.laptop.nl/picture/80068391/600/370/HighResolution/LPNL/false,https://www.laptop.nl/product/msi-cyborg-15-ai-a1vfk-017nl/80068391/17923
Laptops,ASUS Vivobook Go 14 E1404GA-NK294W,"De ASUS Vivobook Go 14 E1404GA-NK294W is een krachtige laptop ontworpen voor mobiliteit en prestaties. Met zijn clamshell-vormfactor biedt deze laptop een perfecte balans tussen draagbaarheid en functionaliteit. Uitgerust met een Intel Core i3 N-series processor, specifiek de i3-N305, levert deze laptop betrouwbare prestaties voor dagelijkse taken en multitasking.
Het 14-inch Full HD-scherm met een resolutie van 1920 x 1080 pixels zorgt voor heldere en levendige beelden, ideaal voor entertainment en productiviteit. Met 8 GB DDR4-SDRAM intern geheugen biedt de Vivobook Go 14 voldoende snelheid voor soepele multitasking en probleemloos schakelen tussen applicaties.
Deze laptop beschikt over een totale opslagcapaciteit van 256 GB, geleverd via flashopslag, wat zorgt voor snelle opstarttijden en responsieve prestaties. De geïntegreerde Intel® UHD Graphics zorgen voor vloeiende grafische weergave, of je nu films bekijkt, foto's bewerkt of casual games speelt.
Met Windows 11 Home als het voorgeïnstalleerde besturingssysteem profiteer je van de nieuwste functies en beveiligingsupdates van Microsoft. De laptop heeft een elegant zwart ontwerp en weegt slechts 1,38 kg, waardoor hij gemakkelijk mee te nemen is onderweg. Kortom, de ASUS Vivobook Go 14 E1404GA-NK294W biedt een uitstekende combinatie van prestaties, draagbaarheid en stijl voor gebruikers die onderweg zijn.",https://www.laptop.nl/picture/80066101/600/370/HighResolution/LPNL/false,https://www.laptop.nl/product/asus-vivobook-go-14-e1404ga-nk294w/80066101/17923
Laptops,Outlet: HP Victus Gaming 16-r0556nd,"Stap in de wereld van grenzeloze gaming mogelijkheden met de HP Victus Gaming 16-r0556nd laptop. Ontworpen om de eisen van zelfs de meest veeleisende gamers te overtreffen, combineert deze laptop krachtige hardware met een slank en draagbaar ontwerp.
Met een Intel® Core™ i7-13620H processor aan boord, levert deze laptop ongeëvenaarde prestaties, of je nu opgaat in epische avonturen of jezelf onderdompelt in intense multiplayergevechten. De NVIDIA GeForce RTX 4070 grafische kaart zorgt voor verbluffende visuele pracht en vloeiende gameplay, zodat je elk detail kunt waarnemen en snel kunt reageren op elke situatie.
Het 16,1-inch Full HD-beeldscherm biedt een meeslepende kijkervaring, met levendige kleuren en scherpe details die elke game tot leven brengen. Met 16 GB DDR5-SDRAM en een razendsnelle 512 GB SSD-opslagruimte, laad je games in een oogwenk en geniet je van responsieve prestaties zonder vertraging.
Of je nu thuis bent of onderweg, de HP Victus Gaming-laptop biedt de ultieme gamingervaring. Met Windows 11 Home als besturingssysteem ben je verzekerd van een soepele en intuïtieve gebruikerservaring, zodat je je kunt concentreren op wat echt belangrijk is: je gameplay naar nieuwe hoogten tillen.
Met zijn strakke zwarte ontwerp is de HP Victus Gaming-laptop niet alleen een krachtige gamingmachine, maar ook een stijlvolle metgezel waar je trots op kunt zijn. Neem de controle over je games en domineer de competitie waar je ook bent met deze indrukwekkende gaminglaptop van HP.",https://www.laptop.nl/picture/80067075/600/370/HighResolution/LPNL/false,https://www.laptop.nl/product/outlet-hp-victus-gaming-16-r0556nd/80067075/17923
Laptops,"Apple MacBook Air (2024) 15.3"" - M3 - 8 GB - 512 GB - Middernacht","Strak. Sterk. Nu met M3.
Met MacBook Air kun je werken en spelen naar hartenlust – en de M3-chip geeft de populairste laptop ter wereld nog meer kracht en mogelijk­heden. De batterij gaat tot wel 18 uur mee, dus je neemt de superhandzame MacBook Air makkelijk overal mee naartoe voor alles wat je het liefste doet.
DRAAGBAAR DESIGN
Gemaakt om verder te komen.
MacBook Air is superlicht en ultradun. Zo kun je ’m makkelijk elke dag gebruiken en is hij ook nog beter voor de planeet. MacBook Air met M3 bestaat voor 50 procent uit gerecyclede materialen – een primeur voor Apple. En alle MacBook Air-laptops hebben een stevige behuizing van gerecycled aluminium.
Twee perfect handzame formaten.
Het 13-inch model is de ultieme laptop voor onderweg, en op het grotere scherm van het 15-inch model heb je meer ruimte om te multitasken.
Vier oogstrelende kleuren.
Je kunt kiezen uit vier buitenaards mooie uitvoeringen, elk met een bijpassende MagSafe-oplaadkabel.
PRESTATIES EN BATTERIJDUUR
Propvol power.
Van zodra je je MacBook Air openklapt, is hij overal klaar voor. En dankzij het design zonder ventilator hoor je ’m ook bij de zwaarste workloads niet. Of je nu multitaskt met meerdere apps, video’s bewerkt in iMovie of Baldur’s Gate 3 speelt in de gamemodus, de M3-chip laat alles nog sneller en vloeiender gaan.
De ongekende AI-prestaties van de Neural Engine van MacBook Air met de M3-chip maken intelligente macOS-features mogelijk die je productiviteit en creativiteit verhogen. Denk aan krachtige camera­features, een realtime dicteer­functie en manieren om alles duidelijker te verbeelden.
Dankzij het brede ecosysteem van apps kun je geavanceerde AI-features gebruiken op je MacBook Air. Kijk je huiswerk na met AI-wiskunde­hulp in Goodnotes, verbeter automatisch je foto’s in Pixelmator Pro, of verwijder het achtergrondgeluid van een video met CapCut.
Batterij voor een hele dag. De batterij van zowel MacBook Air met M2 als MacBook Air met M3 gaat tot 18 uur mee, dus laat de oplader gerust thuis.
DISPLAY, CAMERA EN AUDIO
Schitterend. Helder.
Het Liquid Retina-display van MacBook Air is een lust voor het oog. Het kan 1 miljard kleuren weergeven en heeft een tot 2x zo hoge resolutie als vergelijkbare pc-laptops. Dankzij het grote contrast en de duidelijke details spatten foto’s en video’s van het scherm, en de haarscherpe tekst is makkelijk leesbaar.
HD-camera.
Dankzij de 1080p FaceTime HD-camera kom je goed voor de dag, of je nu gezellig bijpraat met je vrienden of een zakelijk gesprek voert met je collega’s waar ook ter wereld.
Indrukwekkend geluidssysteem.
De speakers van MacBook Air zijn geschikt voor ruimtelijke audio en Dolby Atmos, wat een oase van driedimensionaal geluid oplevert als je naar muziek luistert of een film kijkt.
POORTEN EN CONNECTIVITEIT
Aansluitingen vol in beeld.
De MagSafe-oplaadkabel bevat magneten waarmee je hem makkelijk vastmaakt en weer losmaakt. Je hoeft dus niet bang te zijn dat je MacBook Air opeens door de lucht vliegt. Via de twee Thunderbolt-poorten kun je professionele accessoires aansluiten en je Mac opladen. En de mini-jack-aansluiting ondersteunt koptelefoons met hoge impedantie. Met het M3-model heb je toegang tot wifi 6E, goed voor tot 2x de overdrachts­snelheid van wifi 6.
Op modellen met M3 kun je tot twee externe displays aansluiten wanneer de laptop is dichtgeklapt.
MAGIC KEYBOARD MET TOUCH ID
Ontgrendel alles met alleen je vinger.
Het stille Magic Keyboard typt heel prettig en is voorzien van achtergrond­verlichting, een rij functietoetsen van volledige hoogte en Touch ID. Daardoor kun je met alleen je vingerafdruk snel, makkelijk en veilig je Mac ontgrendelen en bij apps en websites inloggen.",https://www.laptop.nl/picture/21587346/600/370/HighResolution/LPNL/false,https://www.laptop.nl/product/apple-macbook-air-2024-15-3-m3-8-gb-512-gb-middernacht/21587346/17923
Laptops,Lenovo IdeaPad 3 Chrome - 82N4005BMH,"Groot scherm. Grootse prestaties. Veel waar voor je geld.
Koop een IdeaPad 3i Chromebook Gen 6 (15"" Intel) omdat ie heel betaalbaar is en houd 'm voor de prestaties en het entertainment van hoge klasse. Dit intuïtieve apparaat beschikt over een 15,6"" FHD-scherm en de betrouwbare kracht van Intel®-processors, waarmee je de zwaarste webpagina's in een ogenblik opent. Multitasken doe je moeiteloos en de virusbeveiliging raakt nooit verouderd. Voor extra gebruiksgemak kun je bovendien met Google Assistant je smarthome-apparaten bedienen.",https://www.laptop.nl/picture/80069063/600/370/HighResolution/LPNL/false,https://www.laptop.nl/product/lenovo-ideapad-3-chrome-82n4005bmh/80069063/17923
Laptops,Lenovo Legion Pro 7 - 83F5003PMH,"ULTIEME PRESTATIES VOOR GAMERS
Desktop-niveau prestaties, overal
Ervaar next-level gaming en productiviteit met Intel® Core™ Ultra-processors. Geniet van ultra-soepele gameplay, naadloos multitasken en AI-versnelde creatieve taken. Sluit al je randapparatuur aan met Thunderbolt™ 4 en profiteer van koelere, stillere prestaties voor gaming, streaming en contentcreatie, zelfs zonder stekker.
UITGEBREIDE GAMEBIBLIOTHEEK
Geniet 3 maanden van Xbox Game Pass op Lenovo Legion-apparaten
Speel honderden pc-games en dag-één blockbusters zoals Halo Infinite en Overwatch 2 met je nieuwe Lenovo Legion-apparaat en 3 maanden PC Game Pass, inclusief EA Play. Met regelmatig toegevoegde nieuwe titels is er altijd iets nieuws om te spelen.
LENOVO AI ENGINE+
Slimme prestaties voor de overwinning
Lenovo AI Engine+ geeft eSports-grootmeesters de voorsprong om te winnen met realtime scenariodetectie voor geoptimaliseerde FPS en slimmere resourceverdeling. Smart FPS zorgt voor zijdezachte prestaties en optimaliseert CPU/GPU voor competitief gamen op topniveau. Stuur je gameplay aan met AI-gestuurde precisie en domineer elk moment op het slagveld.
LEGION COLDFRONT: VAPOR MET GEÏNTEGREERDE HYPERCHAMBER
Blijf koel. Blijf gevaarlijk.
De Coldfront-technologie van de Legion Pro 7i drijft de prestaties tot het uiterste met een enorme vapor chamber en geïntegreerd HyperChamber-ontwerp, waarmee de totale TDP wordt verhoogd tot 250W met een extra boost van 15W. Acoustic AI past de ventilatorsnelheden aan voor stiller gamen, terwijl het geoptimaliseerde luchtstroomontwerp het comfort verhoogt. Schakel direct tussen modi met de Fn+Q-commando en laat Lenovo AI Engine+ de koeling en prestaties optimaliseren.
UITZONDERLIJKE ECOSYSTEEMERVARINGEN
Het Legion-ecosysteem biedt een uniforme ervaring over pc’s, handhelds, tablets, monitoren en software. Legion Space voegt evoluerende AI-functies toe voor verbeterde creativiteit en gaming. Geniet van directe compatibiliteit en automatische driverupdates voor betrouwbare prestaties, jarenlang.
CREDIBILITEIT & SAMENWERKING
Duurzaamheid
Ons doel is om slimme technologie te bieden die een helderdere, duurzamere toekomst bouwt voor onze klanten, gemeenschappen en de planeet. Daarom streven we naar toonaangevende certificeringen die onze inzet voor duurzaamheid in productontwerp aantonen. Samen kunnen we bouwen aan een slimmere toekomst voor iedereen.",https://www.laptop.nl/picture/80068554/600/370/HighResolution/LPNL/false,https://www.laptop.nl/product/lenovo-legion-pro-7-83f5003pmh/80068554/17923
Laptops,Lenovo Yoga Slim 7 14Q8X9 Copilot+ PC - 83ED001RMH,"Maak kennis met de Lenovo Yoga Slim 7 14Q8X9 met Copilot+ PC. Deze laptop, ontworpen voor veelzijdigheid en prestaties, is uitgerust met Windows 11 Home en de geïntegreerde Copilot+-functionaliteit, wat zorgt voor een intelligente en intuïtieve werkervaring. Copilot+ PC helpt je productiviteit te verhogen door slimme assistentie in al je dagelijkse taken, van multitasking tot het stroomlijnen van workflows.
De laptop heeft een slanke clamshell-vormfactor en een prachtig 14.5 inch 3K OLED touchscreen met een resolutie van 2944 x 1840 pixels, ideaal voor zowel werk als ontspanning. Aangedreven door een Qualcomm Snapdragon X1E-78-100 processor en voorzien van 32 GB LPDDR5x-SDRAM-geheugen, biedt hij snelle prestaties, zelfs voor veeleisende toepassingen. De 1 TB SSD zorgt voor een ruime en snelle opslagcapaciteit.
Grafisch gezien biedt de Qualcomm Adreno GPU krachtige prestaties, wat deze laptop perfect maakt voor het bekijken van content in hoge kwaliteit of lichte grafische toepassingen. Het stijlvolle design in blauw maakt de Lenovo Yoga Slim 7 niet alleen een krachtige, maar ook een visueel aantrekkelijke keuze.
Met de integratie van Copilot+ PC en Windows 11, is deze laptop een slimme keuze voor iedereen die op zoek is naar een premium werkervaring in een elegante en draagbare behuizing.",https://www.laptop.nl/picture/80067571/600/370/HighResolution/LPNL/false,https://www.laptop.nl/product/lenovo-yoga-slim-7-14q8x9-copilot-pc-83ed001rmh/80067571/17923
Laptops,HP 17-cn3139nd - B87Z0EA#ABH,"De HP 17-cn3139nd is een veelzijdige laptop die perfect aansluit bij jouw dagelijkse behoeften. Met zijn strakke zilveren ontwerp en indrukwekkende specificaties is dit de ideale keuze voor werk, studie en ontspanning. De laptop beschikt over een groot 17,3-inch Full HD-scherm met een resolutie van 1920 x 1080 pixels, wat zorgt voor scherp en helder beeld. Hij wordt aangedreven door de Intel Core i3-N305 processor uit de N-serie, die ontworpen is voor soepele prestaties. Met 8 GB DDR4 RAM kun je efficiënt multitasken, terwijl de 512 GB SSD zorgt voor snelle opstarttijden en voldoende opslagruimte. De geïntegreerde Intel® UHD Graphics is perfect voor dagelijkse grafische taken.
De HP 17-cn3139nd wordt geleverd met Windows 11 Home, wat zorgt voor een moderne en intuïtieve gebruikerservaring. Het slanke clamshell-ontwerp in elegant zilver geeft de laptop een stijlvolle uitstraling, en met een gewicht van slechts 2,08 kg is hij ook gemakkelijk mee te nemen. Deze laptop biedt een uitstekende balans tussen prestaties, opslag en draagbaarheid, en is een betrouwbare keuze voor iedereen die op zoek is naar een krachtige en stijlvolle laptop.",https://www.laptop.nl/picture/80068876/600/370/HighResolution/LPNL/false,https://www.laptop.nl/product/hp-17-cn3139nd-b87z0ea-abh/80068876/17923
Laptops,Outlet: HP Chromebook Fortis x360 G5 - 5R2P0ES#ABH,"Robuuste 2-in-1 Chromebook
De HP Fortis x360 Chromebook biedt betrouwbaarheid en prestaties in een robuust 360 graden ontwerp. Deze laptop heeft een quad-core Intel®-processor
[8]
, voldoende geheugen en een lange batterijduur zodat je de hele dag productief kunt zijn. Door het 360 graden scharnier kun je de laptop in verschillende standen gebruiken en het duurzame ontwerp zorgt voor gemoedsrust.",https://www.laptop.nl/picture/80068985/600/370/HighResolution/LPNL/false,https://www.laptop.nl/product/outlet-hp-chromebook-fortis-x360-g5-5r2p0es-abh/80068985/17923
Laptops,ASUS Vivobook Go 15 E1504FA-NJ1181W,"De ASUS Vivobook Go 15 E1504FA-NJ1181W is een veelzijdige laptop die perfect is voor jouw dagelijkse behoeften. Met zijn clamshell-vormfactor biedt deze laptop een uitstekende balans tussen draagbaarheid en prestaties. Aangedreven door een AMD Ryzen™ 5-processor, specifiek de 7520U, levert deze laptop voldoende vermogen om moeiteloos te multitasken en te genieten van verschillende toepassingen.
Het 15.6-inch Full HD-scherm met een resolutie van 1920 x 1080 pixels biedt scherpe en heldere beelden, waardoor je kunt genieten van een meeslepende kijkervaring. Met 16 GB LPDDR5-SDRAM intern geheugen biedt de Vivobook Go 15 snelle en responsieve prestaties, zelfs bij intensief gebruik.
Met een totale opslagcapaciteit van 512 GB, geleverd via een SSD, heb je voldoende ruimte om al je bestanden, documenten en multimedia op te slaan zonder in te leveren op snelheid. De geïntegreerde AMD Radeon 610M grafische kaart zorgt voor vloeiende beelden en een geweldige grafische ervaring, of je nu creatief bezig bent of geniet van je favoriete games.
De laptop wordt geleverd met Windows 11 Home, waardoor je kunt profiteren van de nieuwste functies en beveiligingsupdates van Microsoft. Met een stijlvol zwart ontwerp is de ASUS Vivobook Go 15 E1504FA-NJ1181W niet alleen krachtig, maar ook een lust voor het oog.",https://www.laptop.nl/picture/80066105/600/370/HighResolution/LPNL/false,https://www.laptop.nl/product/asus-vivobook-go-15-e1504fa-nj1181w/80066105/17923
Laptops,MSI Sword 16 HX B14VFKG-015NL,"TOPPRESTATIES VOOR GAMERS
INTEL® CORE™ i7 PROCESSOR 14700HX
Of je nu midden in epische gevechten zit, uitgestrekte virtuele werelden verkent of je gameplay wereldwijd streamt, de krachtige Intel® Core™ i7 processor 14700HX is jouw ultieme gamingpartner. Geniet van naadloos, lag-vrij gamen en ontgrendel het volledige potentieel van je gaming-rig.
GEFORCE RTX 40 SERIES LAPTOPS – BEYOND FAST
NVIDIA® GeForce RTX™ 40 Series Laptop GPU's
drijven de snelste laptops ter wereld aan voor zowel gamers als content creators. Dankzij de ultra-efficiënte NVIDIA Ada Lovelace-architectuur ervaar je een enorme sprong in prestaties met
AI-gestuurde DLSS
3 en levensechte virtuele werelden met
volledige ray tracing
. Bovendien optimaliseert de Max-Q suite van technologieën je systeem voor maximale prestaties, efficiënt energieverbruik, langere batterijduur en fluisterstille werking.
AI-GESTUURDE PRESTATIES EN LEVENSECHTE GRAPHICS
Krijg een enorme prestatiewinst in games en creatieve applicaties met AI-powered DLSS
3
en beleef realistische virtuele werelden met volledige ray tracing.
RAY TRACING – HYPERREALISTISCH & HYPERSNEL
De
Ada-architectuur
benut de volledige kracht van ray tracing, wat lichtsimulatie op realistische wijze nabootst. Dankzij de kracht van de RTX 40 Series en derde-generatie RT Cores ervaar je ongelooflijk gedetailleerde virtuele werelden als nooit tevoren.
GEOPTIMALISEERD VOOR KRACHT & PRESTATIES
NVIDIA Max-Q is een geavanceerde AI-gestuurde technologie die je systeem optimaliseert voor maximale efficiëntie. Hierdoor zijn laptops dunner, sneller, stiller en energiezuiniger dan ooit tevoren.
NOG SLIMMER DAN OOIT
MSI-laptops versnellen je werk- en game-ervaring sneller en efficiënter dan ooit. Ze zijn standaard uitgerust met
MSI Intelligent Technology, waarmee nieuwe intelligente functies worden geïntroduceerd en automatische optimalisatie naar een hoger niveau wordt getild.
MSI AI ENGINE
MSI AI Engine
herkent automatisch verschillende gebruikersscenario’s en past hardware-instellingen hierop aan voor optimale prestaties. Met AI-geoptimaliseerde modi en middelen kun je je volledig richten op creëren, werken en entertainment.
MSI AI ARTIST
Maak direct op je laptop beelden met MSI AI Artist. Creëer indrukwekkende visuals met korte prompts en genereer tekst binnen afbeeldingen. MSI AI Artis
t
levert verbluffende beeldcomposities voor een realistische en adembenemende visuele ervaring. Ontdek en inspireer op een geheel nieuw niveau.
ONGEËVENAARDE BEELDKWALITEIT
Dankzij een 240Hz QHD+ IPS-niveau scherm met 100% DCI-P3 kleurdekking geniet je van haarscherpe, levendige beelden in de soepelste kwaliteit. Het 16:10 golden ratio-display vergroot het beeldoppervlak en biedt een ultieme visuele ervaring.
VERLICHT JE GAMESTIJL
De
Sword Series
introduceert een geüpgradede 24-Zone RGB-toetsenbord. De transparante WASD-toetsen lichten op in levendige kleuren, waardoor je gameplay naar een hoger niveau wordt getild. Laat je wereld stralen met stijl en innovatie.
UITZONDERLIJKE DRAADLOZE ERVARING
Met de nieuwste
Wi-Fi 6E
geniet je van razendsnelle internetverbindingen, zelfs wanneer je het netwerk deelt met meerdere gebruikers.
HERONTWORPEN VOOR MAXIMALE KOELING
Het vernieuwde koelingssysteem met 6 uitlaatventilaties zorgt voor een efficiëntere luchtstroom. Dankzij het gedeelde warmtebuisontwerp met 5 heat pipes, een grotere diameter van de thermische buizen en exclusieve MSI-koelpasta blijft de laptop optimaal presteren, zelfs tijdens extreme gaming-sessies.
AAN DE VOORHOEDE VAN SNELHEID
Profiteer van de ultieme snelheden met
DDR5-geheugen
, wat de algehele prestaties van je laptop aanzienlijk verhoogt.
HOGERE SNELHEID, LAGERE LATENTIE
De nieuwe Sword Series ondersteunt 2 SSD-slots met 1x PCIe Gen 5 & 1x PCIe Gen 4, waardoor je geniet van razendsnelle lees- en schrijfsnelheden en een minimale latentie. (
Optioneel. Specificaties kunnen variëren per configuratie.
)
DE PERFECTE AUDIOBELEVING
Dompel jezelf onder in verliesvrije muziek en geniet van Hi-Resolution Audio voor een ongeëvenaarde geluidskwaliteit.
VERBETER JE AUDIOERVARING
Ervaar en deel audio zoals het bedoeld is met Nahimic in-game 3D surround & Sound Sharing via Bluetooth.
HAAL ALLE BUFFS BINNEN
Met de exclusieve MSI Center pas je jouw MSI-laptop volledig naar wens aan en optimaliseer je jouw instellingen.
SPEEL MOBIELE GAMES ALS EEN CONSOLE MET CONTROLLER
Dankzij een exclusieve samenwerking met BlueStacks biedt de MSI APP Player een naadloze overgang tussen mobiel gamen en PC-gaming. Speel je favoriete mobiele games met console-achtige precisie!",https://www.laptop.nl/picture/80068396/600/370/HighResolution/LPNL/false,https://www.laptop.nl/product/msi-sword-16-hx-b14vfkg-015nl/80068396/17923
Laptops,Outlet: MSI Thin 15 B12UC-1255NL,"Enorme bliksems knetteren door de lucht; zwevende draken komen tevoorschijn uit de bergen, de uitgestrektheid en wonderen van de gamewereld wachten om ontdekt te worden, en de Thin 15 is de perfecte metgezel voor je reis! Het iconische dunne chassis wordt nu geleverd in een gloednieuwe kosmose grijze kleur en geüpgradede hardware. Gebruik de kracht en ervaar de gamewereld vrij en snel met de Thin 15!
LAPTOPS UIT DE GEFORCE RTX 30-SERIE
ULTIEM GAMEN
NVIDIA® GeForce RTX™ 30-serie laptop GPU's vormen de motor achter 's werelds snelste laptops voor gamers en ontwerpers. Ze zijn gebouwd met Ampere-NVIDIA's 2e generatie RTX-architectuur voor de meest realistische ray-traced graphics en geavanceerde AI-functies zoals NVIDIA DLSS. Bovendien ontketenen Max-Q technologieën de kracht van AI om dunne, krachtige laptops te maken die sneller en beter zijn dan ooit.
VERBETER PRESTATIES MET AI
NVIDIA DLSS geeft games een snelheidsboost met compromisloze beeldkwaliteit. Verhoog de instellingen en resolutie voor een nog betere visuele ervaring.
MEESLEPENDERE ERVARINGEN
Ray Tracing is de heilige graal van de grafische industrie. Het simuleert hoe licht zich gedraagt in de echte wereld om de meest realistische en meeslepende beelden te produceren voor gamers en ontwerpers - en het werkt snel dankzij 2e generatie RT cores.
GEOPTIMALISEERDE KRACHT EN PRESTATIES
NVIDIA Max-Q is een suite van technologieën aangedreven door AI die laptops optimaliseren om hoge prestaties te leveren in dunne vormfactoren.
BLIJF KOEL EN STIL ONDER BELASTING
Fijn afgestemd om merkbaar stiller en koeler te zijn onder belasting, zodat hij gemakkelijk opgaat in elke omgeving.
BLIKSEMSNEL EN VLOEIEND BEELD
Onze gaming laptops zijn op maat gemaakt en sterk geoptimaliseerd voor gamers. Het beeldscherm wordt geleverd met een hoge verversingssnelheid en vloeiende beelden, zodat je het volgende niveau van gaming kunt ervaren.",https://www.laptop.nl/picture/80068799/600/370/HighResolution/LPNL/false,https://www.laptop.nl/product/outlet-msi-thin-15-b12uc-1255nl/80068799/17923
Laptops,HP 15-fc0535nd,"Ontdek de veelzijdigheid en prestaties van de HP 15-fc0535nd laptop. Met zijn clamshell-vormfactor biedt dit apparaat een klassiek en functioneel ontwerp dat perfect is voor dagelijks gebruik.
Aangedreven door een AMD Ryzen™ 5 7520U processorfamilie, levert deze laptop indrukwekkende prestaties voor multitasking en veeleisende taken, zodat je moeiteloos kunt werken en spelen.
Geniet van een meeslepende kijkervaring op het 39,6 cm (15.6"") Full HD-scherm met een resolutie van 1920 x 1080 pixels. Of je nu films bekijkt, foto's bewerkt of aan documenten werkt, elk detail wordt helder en scherp weergegeven.
Met 16 GB LPDDR5-SDRAM intern geheugen biedt deze laptop voldoende ruimte voor soepel multitasken, zodat je zonder vertraging tussen verschillende applicaties kunt schakelen. En dankzij de 512 GB SSD-opslag heb je genoeg ruimte voor al je bestanden en programma's.
De AMD Radeon 610M on-board grafische adapter zorgt voor vloeiende en responsieve grafische prestaties, waardoor je kunt genieten van gaming en multimedia zonder compromissen.
De HP 15-fc0535nd wordt geleverd met Windows 11 Home in S mode als het inbegrepen besturingssysteem, waardoor je kunt profiteren van de nieuwste functies en beveiligingsupdates. En met zijn elegante zilveren afwerking voegt dit product een vleugje stijl toe aan je dagelijkse routine.",https://www.laptop.nl/picture/80066225/600/370/HighResolution/LPNL/false,https://www.laptop.nl/product/hp-15-fc0535nd/80066225/17923
Laptops,Lenovo IdeaPad Slim 3 - 82XN005RMH,"Slimme mobiliteit
- Profiteer van flexibele prestaties van de nieuwste AMD-processors
- Geniet van een kleurrijke mediabeleving op een scherp 14? beeldscherm en met Dolby Audio™
- Verschillende poorten waarop je al je favoriete randapparaten kunt aansluiten
- Lenovo AI Engine leert wat je computergewoonten zijn en zorgt ervoor dat je soepeler op je laptop werkt
- Een milieuvriendelijk apparaat met EPEAT® Silver-certificering en gemaakt van hergebruikt materiaal",https://www.laptop.nl/picture/80066221/600/370/HighResolution/LPNL/false,https://www.laptop.nl/product/lenovo-ideapad-slim-3-82xn005rmh/80066221/17923
Laptops,Outlet: HP Omen Gaming 17-db0530nd,"Welkom in de toekomst van gaming met de HP OMEN 17-db0530nd laptop, een meesterwerk van technologie dat wordt aangedreven door geavanceerde AI-functies. Deze laptop is niet zomaar een gamingmachine; het is een intelligent systeem dat is ontworpen om te anticiperen op je behoeften en je gameplay naar nieuwe hoogten te tillen.
Met een krachtige AMD Ryzen™ 7 8845HS processor aan boord, levert de HP OMEN 17-db0530nd laptop ongeëvenaarde prestaties die zelfs de meest veeleisende gamers tevreden zullen stellen. De combinatie van AMD Radeon Graphics en de discrete NVIDIA GeForce RTX 4070 grafische kaart biedt verbluffende visuele pracht en een soepele gameplay die je meesleept in elke virtuele wereld.
Het 17,3-inch Full HD-beeldscherm biedt een adembenemende kijkervaring, terwijl 16 GB DDR5-SDRAM en een snelle 512 GB SSD-opslagruimte zorgen voor voldoende ruimte en snelheid om al je games moeiteloos te laden en te spelen.
Wat de HP OMEN 17-db0530nd laptop echt onderscheidt, is zijn AI-mogelijkheden. Dit intelligente systeem past zich aan jouw speelstijl aan, leert van je acties en optimaliseert de prestaties om je een voorsprong te geven op de concurrentie. Met Windows 11 Home als besturingssysteem geniet je van een naadloze en intuïtieve gebruikerservaring, terwijl het strakke zwarte ontwerp van de laptop kracht en stijl uitstraalt.
Stap binnen in de toekomst van gaming met de HP OMEN 17-db0530nd laptop en ontdek hoe AI je gamingervaring kan transformeren. Bereid je voor om te domineren in elke game en laat je meeslepen door de kracht van intelligentie en prestaties.",https://www.laptop.nl/picture/80068693/600/370/HighResolution/LPNL/false,https://www.laptop.nl/product/outlet-hp-omen-gaming-17-db0530nd/80068693/17923
Laptops,Outlet: MSI Sword 17 HX B14VFKG-010NL,"Topprestaties voor gamers
Intel® Core™ i7 processor 14700HX
Of je nu midden in epische gevechten zit, uitgestrekte virtuele werelden verkent of je gameplay wereldwijd streamt, de krachtige Intel® Core™ i7 processor 14700HX is jouw ultieme gamingpartner. Geniet van naadloos, lag-vrij gamen en ontgrendel het volledige potentieel van je gaming-rig.
GeForce RTX 40 Series laptops – beyond fast
NVIDIA® GeForce RTX™ 40 Series Laptop GPU's drijven de snelste laptops ter wereld aan voor zowel gamers als content creators. Dankzij de ultra-efficiënte NVIDIA Ada Lovelace-architectuur ervaar je een enorme sprong in prestaties met AI-gestuurde DLSS 3 en levensechte virtuele werelden met volledige ray tracing. Bovendien optimaliseert de Max-Q suite van technologieën je systeem voor maximale prestaties, efficiënt energieverbruik, langere batterijduur en fluisterstille werking.
AI-gestuurde prestaties en levensechte graphics
Krijg een enorme prestatiewinst in games en creatieve applicaties met AI-powered DLSS 3 en beleef realistische virtuele werelden met volledige ray tracing.
Ray tracing – hyperrealistisch & hypersnel
De Ada-architectuur benut de volledige kracht van ray tracing, wat lichtsimulatie op realistische wijze nabootst. Dankzij de kracht van de RTX 40 Series en derde-generatie RT Cores ervaar je ongelooflijk gedetailleerde virtuele werelden als nooit tevoren.
Geoptimaliseerd voor kracht & prestaties
NVIDIA Max-Q is een geavanceerde AI-gestuurde technologie die je systeem optimaliseert voor maximale efficiëntie. Hierdoor zijn laptops dunner, sneller, stiller en energiezuiniger dan ooit tevoren.
Nog slimmer dan ooit
MSI-laptops versnellen je werk- en game-ervaring sneller en efficiënter dan ooit. Ze zijn standaard uitgerust met MSI Intelligent Technology, waarmee nieuwe intelligente functies worden geïntroduceerd en automatische optimalisatie naar een hoger niveau wordt getild.
MSI AI Engine
MSI AI Engine herkent automatisch verschillende gebruikersscenario’s en past hardware-instellingen hierop aan voor optimale prestaties. Met AI-geoptimaliseerde modi en middelen kun je je volledig richten op creëren, werken en entertainment.
MSI AI Artist
Maak direct op je laptop beelden met MSI AI Artist. Creëer indrukwekkende visuals met korte prompts en genereer tekst binnen afbeeldingen. MSI AI Artist levert verbluffende beeldcomposities voor een realistische en adembenemende visuele ervaring. Ontdek en inspireer op een geheel nieuw niveau.
Ongeëvenaarde beeldkwaliteit
Dankzij een 240Hz QHD+ IPS-niveau scherm met 100% DCI-P3 kleurdekking geniet je van haarscherpe, levendige beelden in de soepelste kwaliteit. Het 16:10 golden ratio-display vergroot het beeldoppervlak en biedt een ultieme visuele ervaring.
Verlicht je gamestijl
De Sword Series introduceert een geüpgradede 24-Zone RGB-toetsenbord. De transparante WASD-toetsen lichten op in levendige kleuren, waardoor je gameplay naar een hoger niveau wordt getild. Laat je wereld stralen met stijl en innovatie.
Uitzonderlijke draadloze ervaring
Met de nieuwste Wi-Fi 6E geniet je van razendsnelle internetverbindingen, zelfs wanneer je het netwerk deelt met meerdere gebruikers.
Herontworpen voor maximale koeling
Het vernieuwde koelingssysteem met 6 uitlaatventilaties zorgt voor een efficiëntere luchtstroom. Dankzij het gedeelde warmtebuisontwerp met 5 heat pipes, een grotere diameter van de thermische buizen en exclusieve MSI-koelpasta blijft de laptop optimaal presteren, zelfs tijdens extreme gaming-sessies.
Aan de voorhoede van snelheid
Profiteer van de ultieme snelheden met DDR5-geheugen, wat de algehele prestaties van je laptop aanzienlijk verhoogt.
Hogere snelheid, lagere latentie
De nieuwe Sword Series ondersteunt 2 SSD-slots met 1x PCIe Gen 5 & 1x PCIe Gen 4, waardoor je geniet van razendsnelle lees- en schrijfsnelheden en een minimale latentie. (
Optioneel. Specificaties kunnen variëren per configuratie.
)
De perfecte audiobeleving
Dompel jezelf onder in verliesvrije muziek en geniet van Hi-Resolution Audio voor een ongeëvenaarde geluidskwaliteit.
Verbeter je audioervaring
Ervaar en deel audio zoals het bedoeld is met Nahimic in-game 3D surround & Sound Sharing via Bluetooth.
Haal alle buffs binnen
Met de exclusieve MSI Center pas je jouw MSI-laptop volledig naar wens aan en optimaliseer je jouw instellingen.
Speel mobiele games als een console met controller
Dankzij een exclusieve samenwerking met BlueStacks biedt de MSI APP Player een naadloze overgang tussen mobiel gamen en PC-gaming. Speel je favoriete mobiele games met console-achtige precisie.",https://www.laptop.nl/picture/80068812/600/370/HighResolution/LPNL/false,https://www.laptop.nl/product/outlet-msi-sword-17-hx-b14vfkg-010nl/80068812/17923
Laptops,Lenovo Legion Pro 7 16IAX10H - 83F5006AMH,"ULTIEME PRESTATIES VOOR GAMERS
Prestaties op het niveau van een desktop-pc, waar je ook bent
Ervaar gaming en productiviteit op een hoger niveau met Intel® Core™ Ultra-processors. Geniet van ultrasoepele gameplay, naadloos multitasken en AI-versnelde creatieve taken. Sluit alle randapparatuur aan via Thunderbolt™ 4 en geniet van een langere speeltijd zonder opladen met koelere, stille prestaties voor gamen, streamen en creëren.
UITGEBREIDE GAMING-BIBLIOTHEEK
Geniet van 3 maanden Xbox Game Pass op Lenovo Legion-apparaten
Speel honderden pc-games en kaskrakers zoals Halo Infinite en Overwatch 2, met je nieuwe Lenovo Legion-apparaten en drie maanden PC Game Pass - inclusief EA play. Er worden voortdurend nieuwe games toegevoegd, dus je kunt altijd wat nieuws spelen.
LENOVO AI ENGINE+
Smart Performance voor een overwinning
Lenovo AI Engine+ geeft eSports-grootmeesters een voorsprong om te winnen met realtime scenariodetectie voor geoptimaliseerde FPS en slimmere toewijzing van middelen. Smart FPS zorgt voor soepele prestaties en verfijnt de CPU/GPU voor competitief spel op het hoogste niveau. Verbeter je gameplay met door AI-aangedreven precisie en domineer elk moment op het slagveld.
LEGION COLDFRONT: VAPOR MET GEÏNTEGREERDE HYPERKAMER
Blijf koel. Blijf gevaarlijk.
De Coldfront-technologie van de Legion Pro 7i haalt het uiterste uit de prestaties met een enorme verdampingskamer en een geïntegreerd hyperkamer-ontwerp, waardoor de totale TDP wordt verhoogd tot 250 W met een extra boost van 15 W. Akoestische AI past de ventilatorsnelheid aan voor een stillere gameplay, terwijl het geoptimaliseerde luchtstroomontwerp het comfort verbetert. Schakel direct tussen modi met het Fn+Q-commando en laat Lenovo AI Engine+ de koeling en het vermogen optimaliseren.
Uitzonderlijke ecosysteemervaringen
Het Legion-ecosysteem biedt een uniform ontwerp voor pc's, handhelds, tablets, beeldschermen en software voor een naadloze gebruikerservaring. Legion Space voegt evoluerende AI-functies toe voor verbeterde creativiteit en gaming. Geniet van directe compatibiliteit met stuurprogramma-updates, waardoor betrouwbare prestaties gegarandeerd zijn voor de komende jaren.
GELOOFWAARDIGHEID EN SAMENWERKING
Duurzaamheid
Ons doel is om slimmere technologie te leveren die een betere, duurzamere toekomst creëert voor onze klanten, gemeenschappen en de planeet. Daarom streven we naar toonaangevende labels en certificeringen die onze toewijding aan duurzaamheid in productontwerp aantonen. Samen kunnen we bouwen aan een slimmere toekomst voor iedereen.",https://www.laptop.nl/picture/80068552/600/370/HighResolution/LPNL/false,https://www.laptop.nl/product/lenovo-legion-pro-7-16iax10h-83f5006amh/80068552/17923
Laptops,Lenovo Legion Slim 5 - 83DH0059MH,"Adembenemende game-ervaring
Geniet van de kracht en vertrouwde prestaties van de AMD Ryzen™ 8040 Series-processors, die de snelheid leveren die je nodig hebt voor hoge framesnelheden en meeslepende spel-ervaringen. Ontdek nieuwe spelwerelden, geniet van spelen zonder de stekker in het stopcontact en gebruik de innovatieve technologie van Ryzen™ AI in krachtige, draagbare gaming-laptops.
Sneller dan snel
De NVIDIA® GeForce RTX™ 40 Series Laptop-GPU's drijven 's werelds snelste laptops aan voor gamers en creators. Ze zijn gemaakt voor het AI-tijdperk en leveren een enorme sprong voorwaarts in prestaties door middel van AI-aangedreven DLSS 3. Daarnaast maken ze levensechte virtuele werelden mogelijk met volledige raytracing. Bovendien optimaliseert de Max-Q-reeks technologieën en systeemprestaties, vermogen, levensduur van de batterij en akoestiek voor maximale efficiëntie.
Geniet van 3 maanden Xbox Game Pass Ultimate op Lenovo Legion-apparaten
Speel Forza Horizon 5, Battlefield V en honderden andere pc-games op de Lenovo Legion Slim 5   met 3 maanden toegang tot Game Pass, inclusief EA Play. Geniet van iconische franchises, zoals Halo en nog veel meer. Bovendien krijg je gratis extraatjes, waaronder in-game content, verbruiksartikelen en meer. Daarnaast krijg je ook ledenkorting tot wel 20% op geselecteerde spellen in de Game Pass-bibliotheek en tot wel 10% op gerelateerde add-ons voor spellen. Er worden voortdurend spellen toegevoegd, dus er zijn altijd nieuwe games die je kunt spelen. **Game Pass Ultimate: het abonnement wordt automatisch verlengd tegen de normale maandtarieven, tenzij het wordt geannuleerd. Onderworpen aan xbox.com/subscriptionterms.
Koel, kalm en niet te stoppen
Vermijd thermische throttling met een vrijwel stil geluid van de ventilator dankzij de Legion ColdFront-koeltechnologie. Geavanceerde thermische verbindingen, grotere koperen warmtepijpen en ultramoderne in- en uitlaatpoorten zorgen ervoor dat je pc topprestaties levert met minimaal geluid van de ventilator of koele temperaturen van het systeem. Moet je van prestatiemodus wisselen? Een eenvoudige druk op Fn+Q zet je aan het roer om van warmtemodus te wisselen en wisselt naadloos naar je gewenste gebruiksscenario.
Speel verder met AI Smarts
Geef je spelervaring een boost met de Lenovo AI Engine+ en de LA1 AI-chip. De Legion Slim 5-laptop is speciaal ontworpen voor gamers die eenvoud willen. De laptop maakt gebruik van AI om de instellingen in realtime te optimaliseren. Je hoeft je geen zorgen meer te maken over de prestaties van de CPU en GPU. De Lenovo AI Engine+ is jouw betrouwbare bondgenoot die moeiteloos alles uit je haalt.
PureSight, pure sensatie
Ervaar het spelverloop zonder problemen met het 16'' 16:10 PureSight Gaming-display van de Legion Slim 5. Dankzij de snelle vernieuwingsfrequentie en ondersteuning voor NVIDIA® G-SYNC® en AMD FreeSync™ Premium, is er geen sprake meer van haperende beeldschermen en vertraging bij de invoer, waardoor het spel uiterst soepel verloopt. Met een WQXGA (2560 x 1600)-resolutie, 100% sRGB-kleurnauwkeurigheid, 500 nits helderheid, VESA DisplayHDR™ 400-certificering en X-Rite-kleurkalibratie, kun je genieten van verbluffende beelden en precieze kleuren op het uitgebreide canvas.
Sla toe met precisie
Omarm de ongeëvenaarde precisie met het Legion TrueStrike-toetsenbord. De toetsaanslag van 1,5 mm zorgt ervoor dat je snel kunt typen. De aanpasbare toetsen kunnen de besturing aanpassen die bij je speelstijl past. Verlicht je spel met een kalme, witte achtergrondverlichting of dynamische Legion Spectrum 4-zone RGB-verlichting.
Stijl en kracht worden samengebracht
De krachtige chassis van de Legion Slim 5 biedt twee ontwerpopties die aansluiten bij je voorkeuren. Kies voor de compromisloze prestaties met een hoger GPU-vermogen of ga voor een slank en draagbaar model met een lagere GPU-optie. Het robuuste ontwerp combineert esthetiek met functionaliteit. De laptop heeft een A-cover van geanodiseerd aluminium voor een premium touch en heeft het iconische ontwerp van de Lenovo Legion behouden. **De afmetingen van het systeem kunnen variëren, afhankelijk van de configuraties. Het gewicht van het systeem is bij benadering en is gebaseerd op de resultaten in het Lenovo-lab. Dit gewicht is afhankelijk van de bron van het onderdeel, de variatie in de distributie van elk onderdeel en het productieproces. Het is mogelijk dat dit niet het exacte gewicht is voor elk specifiek model.
Speel langer, laad sneller op
Langdurig gamen met de krachtige 80 Whr-batterij van de Legion Slim 5. Met de Super Rapid Charge laad je binnen 10 minuten op tot 30% and tot 70% binnen 30 minuten. Ideaal voor drukke studenten en gamers. Snel 140W Type-C-opladen betekent dat je klaar bent voor lessen of LAN-party's zonder je zorgen te maken over de batterij.
Maak je klaar en speel verder
Personaliseer je gaming-uitrusting met Legion voor oneindige mogelijkheden. Creëer je ultieme set-up met een compleet assortiment accessoires. Van levendige gaming-beeldschermen tot headsets, en muizen en toetsenborden die speciaal zijn ontworpen voor gamers. Of je nu een volledige set-up wilt of alleen voor de essentiële benodigdheden gaat: blijf verbonden en houd de controle met de Legion-accessoires.
Nahimic ® Audio By SteelSeries voor gamers, meeslepende 3D-audio
Ervaar gamen op een nieuw niveau met de Nahimic by SteelSeries op de Legion Slim 5. Speciaal ontworpen voor gamers. Het levert meeslepende 3D-audio die je spelervaring verbetert. Communiceer met je teamgenoten in haarscherpe kwaliteit of mix en deel audiostreams als een professional. Nahimic verbetert niet alleen je gaming, het zorgt ervoor dat je er helemaal in op gaat.
Omarm de Lenovo Vantage
Lenovo Vantage stelt je in staat om de instellingen te optimaliseren en je spelervaring te verbeteren. Je kunt de mogelijkheden van je laptop aanpassen, personaliseren en maximaliseren met ons all-in-one pakket aan tools. Met ons realtime prestatie-dashboard, overklokregeling en de aangepaste modus met ventilatorcontrole staat niets je in de weg.
Een competitie van krachtige spelers in jouw hoek
Waarom begin je niet elk spel met een voordeel van het A-team? Profiteer van de kracht van elite-technici die jouw taal spreken en versla bugs of gebreken op commando. Gewapend met een arsenaal aan tips en trucs, helpen ze je om je concurrentie te slim af te zijn en voor goud te gaan. Ons team staat dag en nacht voor je klaar om je te helpen via chat, e-mail of telefoon. Sla de wachtrij over en ga direct naar een echt persoon die weet wat de meest dringende behoeften van een gamer zijn - en daar met passie en snelheid aan voldoet. **Legion Ultimate Support, welke bestaat uit technici die zich richten op gamers, is momenteel alleen beschikbaar in de Verenigde Staten, Canada, Japan, India, Taiwan, Hong Kong, Singapore, de Filipijnen, Maleisië, Thailand, Vietnam en Korea. Premium Care voor Gaming en geavanceerde technici zijn beschikbaar voor de rest van de wereld. Producten en aanbiedingen zijn afhankelijk van beschikbaarheid. Lenovo behoudt zich het recht voor om op elk moment zonder voorafgaande kennisgeving wijzigingen aan te brengen in het productaanbod en de specificaties. Sommige markten bieden mogelijk geen 24/7-ondersteuning en volgen de best beschikbare SLA's.
Profiteer van 3 maanden Xbox Game Pass op Lenovo Legion-apparaten
Speel meer dan 100 kwaliteitsgames met je nieuwe Lenovo Legion-laptop en drie maanden Xbox Game Pass, inclusief EA Play. Er worden constant nieuwe games toegevoegd, dus je kunt altijd iets nieuws spelen. Download een game en speel met zeer natuurgetrouwe beelden of speel consolegames vanuit de cloud met de verbonden controller.
Specificaties kunnen verschillen per regio/model.",https://www.laptop.nl/picture/80066135/600/370/HighResolution/LPNL/false,https://www.laptop.nl/product/lenovo-legion-slim-5-83dh0059mh/80066135/17923
Laptops,Outlet: ASUS Zenbook 14 OLED UX3405MA-PP192W,"Nieuwe Zen met AI
Ga een stap verder met de opvallend slanke Zenbook 14 OLED - de ultieme, ultradraagbare laptop die verfijning naar een heel nieuw niveau tilt. Geniet van elk moment met behulp van de verbeterde accu met langere gebruiksduur, versterk uw efficiëntie met de eersteklas Intel® Core™ Ultra processor Series 1 en Intel Arc™ graphics, en bereik naadloze connectiviteit via alle essentiële poorten. Dompel uw zintuigen onder in het levendige ASUS Lumina OLED1 aanraakscherm2 en de krachtige nieuwe Super-lineaire luidsprekers, terwijl u de eco-elegantie van het milieubewuste ontwerp omarmt.
Ontwerp
Eigentijdse kleuren
Kies uit twee verfijnde kleuren om uw perfecte Zenbook samen te stellen.
Mobiliteit
Geniet van uw vrijheid
Geniet van compromisloze mobiliteit met het slanke, lichte en stevige volledig metalen ontwerp. De speciaal vervaardigde naadloze afwerking aan de zijkanten zorgt voor een meer vloeiende touch-ervaring. De Zenbook 14 OLED is altijd klaar voor elke uitdaging, overal!
Accu
De hele dag door, elke dag weer
Maak uzelf los van het lichtnet en wees overal productief. De Zenbook 14 OLED heeft het dag-lange uithoudingsvermogen dat u nodig hebt, en meer. En als het tijd is om bij te laden, gaat dat met USB-C Easy Charge uiterst snel en gemakkelijk!
Prestaties
Ontgrendel nieuwe AI-ervaringen
Voer moeiteloos taken uit met de AI-verbeterde multitasking-capaciteiten van de Zenbook 14 OLED. Met de geïntegreerde NPU AI-engine in de Intel Core Ultra-processor zullen AI-gebaseerde vliegen apps door hun taken, en de ultrasnelle, tot 1TB SSD-opslag, 32GB RAM en WiFi 6E6 zorgen ervoor dat u minder lang hoeft te wachten en sneller kunt werken, waar u ook bent.
Scherm
Bekijk het ongelooflijke
Het ultralevendige 2880 x 1800 ASUS Lumina OLED-scherm maakt elk moment ongelooflijk, met zijn tot 600 nits helderheid16, webvriendelijke 16:10 beeldverhouding en 87% scherm/behuizing ratio. En adaptieve synchronisatie past automatisch de verversingssnelheid aan, voor altijd vloeiende beelden.
Audio
Alles klinkt beter
Waar u ook naar luistert, het krachtige, kristalheldere geluid dat wordt geleverd door de Super-lineaire luidsprekers, de slimme versterker en ASUS Audio Booster zal uw oren verwennen.
Toetsenbord
Meer comfort, minder afleiding
Onze revolutionaire Quiet Keyboard-technologie elimineert op elegante wijze storende geluiden, wat zowel uw eigen persoonlijke ruimte als dat van de mensen in uw omgeving ten goede komt. En een druk op de emoji-sneltoets geeft uw gesprekken een levendige uitdrukking. Voor het betere rekenwerk is het touchpad voorzien van het ASUS NumberPad22,23 2.0 virtuele numerieke toetsenblok.
I/O-poorten
Gemakkelijke aansluitingen
De Zenbook 14 OLED is voorzien van alle essentiële, volledig functionele poorten die u nodig hebt voor snelle en naadloze verbindingen onderweg, zodat u geen vervelende dongles en adapters hoeft mee te nemen. Er is zelfs een handige audio combi-aansluiting!
Smart conferencing
Ziet er geweldig uit, klinkt geweldig
U ziet er altijd op uw best uit en klinkt ook zo, dankzij onze innovatieve Ai-verbeterde camera- en audiosystemen.
Beste online vergaderervaring
De ASUS AiSense-camera zorgt ervoor dat u er altijd op uw best uitziet tijdens virtuele vergaderingen.
Duidelijk horen en gehoord worden
Two-Way AI Noise Cancelation maakt gebruik van een enorme deep-learning database om achtergrondgeluiden voor microfoon en audio te verminderen.
Privacy
Bescherm uw privacy
Blijf veilig, dankzij het privacyschild van de camera en snelle gezichtsaanmelding zonder wachtwoord.
Ontgrendelen, onmiddellijk
Met de Windows Hello infrarood (IR) camera kunt u uw laptop snel en veilig ontgrendelen.
Fysiek webcam privacyschild
Het geïntegreerde privacyschild schuift over de webcam voor onmiddellijke privacybescherming tegen nieuwsgierige blikken en onderbrekingen.
Militair niveau
Laptopduurzaamheid op Amerikaans militair niveau
ASUS consumentenlaptops voldoen aan de uiterst veeleisende MIL-STD 810H militaire norm26 voor betrouwbaarheid en duurzaamheid. Daarvoor worden ze onderworpen aan een streng testregime, inclusief uitgebreide tests voor gebruik in ruige omgevingen. Deze factoren helpen ook de levensduur en daarmee de duurzaamheid van de laptops te verbeteren, zodat u kunt werken, reizen of ontspannen in het vertrouwen dat uw ASUS-laptop klaar is voor de echte wereld - vandaag en tot ver in de toekomst.
Software
Echt gepersonaliseerde workflow
ASUS biedt een softwarepakket dat is ontworpen om uw computerervaring naar een hoger plan te tillen. MyASUS biedt een verzameling handige apps en tools die u helpen meer uit uw laptop te halen, terwijl GlideX u in staat stelt meer gedaan te krijgen door schermen te delen op verschillende apparaten. Bovendien helpt ScreenXpert u bij het beheren van app-vensters op alle aangesloten schermen, voor een soepelere workflow.
MyASUS
MyASUS biedt eenvoudige toegang tot ASUS-apps die zijn ontworpen om u te helpen uw systeem te onderhouden, uw software bij te werken, de prestaties van uw pc te optimaliseren, en contact op te nemen met ASUS voor after-sales ondersteuning.
GlideX
GlideX is een oplossing voor het delen van schermen tussen verschillende apparaten die bekabelde of draadloze verbindingen gebruikt om u een grotere en betere ruimte te geven voor werk en ontspanning. GlideX optimaliseert uw workflow in een handomdraai!
ScreenXpert for ASUS PCs
ScreenXpert for ASUS PCs - dat u kunt downloaden via de Microsoft store of kunt vinden in het Start-menu van uw pc - helpt u app-vensters te beheren op alle schermen die zijn aangesloten op uw ASUS pc en geeft u volledige controle over uw workflow!",https://www.laptop.nl/picture/80068169/600/370/HighResolution/LPNL/false,https://www.laptop.nl/product/outlet-asus-zenbook-14-oled-ux3405ma-pp192w/80068169/17923
Laptops,Outlet: Acer Aspire 3 15 A315-44P-R599,"Je kunt direct aan de slag met de Aspire 3 dankzij de nieuwste AMD Ryzen™ 7000 serie processoren
[1]
, geoptimaliseerd voor multitasking en productiviteit. Met gebruiksgemak aan de basis staat deze gezinsvriendelijke laptop altijd voor je klaar.
Meteen klaar voor gebruik
Je kunt direct aan de slag met de Aspire 3 dankzij de nieuwste AMD Ryzen™ 7000 serie processoren
[1]
met Radeon™ grafische kaart – voor prestaties en productiviteit voor het hele gezin. Ideaal als je optimaal wilt kunnen werken, studeren of gamen.
Verbeterde thermiek
Het 78% grotere ventilatoroppervlak verbetert het thermische systeem en vergroot de thermische capaciteit met 17%
[3]
. Zo kun je langer en efficiënter werken zonder het stopcontact nodig te hebben
[4]
.
Doelgericht ontwerp
Dankzij de slanke metalen cover
[1]
, die verkrijgbaar is nieuwe, levendige kleuren
[1]
, is de Aspire 3 met zijn 1,6 kg
[1]
en 18,9 mm
[1]
lichter en dunner dan ooit tevoren. Daarbij zorgt de lange batterijduur dat gebruikers meer gedaan krijgen tussen oplaadbeurten.
Het scherm
Het 1080p FHD
[1]
-scherm garandeert een scherp en gedetailleerd beeld dat perfect is voor internetten en videostreamen. Bovendien vermindert Acer BlueLightShield™ daarbij de blootstelling aan blauw licht.
Ultieme connectiviteit
Sluit je nieuwste apparaten aan of laad ze op via de multifunctionele USB Type-C-poort. WiFi 6E
[1,2]
en HDMI 2.1 bieden daarbij nog meer productiviteit en functionaliteit voor het hele gezin.",https://www.laptop.nl/picture/80068932/600/370/HighResolution/LPNL/false,https://www.laptop.nl/product/outlet-acer-aspire-3-15-a315-44p-r599/80068932/17923
Laptops,Acer Aspire Spin 14 ASP14-51MTN-57HR,"De draagbare, convertible Acer Aspire Spin 14 is eenvoudig van laptop naar tablet om te klappen. Met een uiterst responsive touchscreen en een Intel Core Ultra processor.
Klaar voor elke taak
Je krijgt alles voor elkaar met een Intel® Core™ Ultra 7 processor met Intel® AI Boost, Intel® Arc™ grafische kaart en geheugen en opslag met een ultrahoge snelheid. Voor directe AI-ondersteuning staat de AI-functie Copilot met één druk op de speciale Copilot knop voor je klaar.
Intel® AI Boost
Deze AI-pc beschikt over de speciale AI-engine van Intel: AI Boost. Deze NPU verwerkt AI-taken in plaats van de CPU om AI-werklasten te optimaliseren voor een intuïtievere en prettigere AI-ervaring.
Copilot
Copilot is een AI-aangedreven assistent in Windows die je helpt antwoorden en inspiratie van over het hele web te halen, die creativiteit en samenwerking ondersteunt en die je helpt je te concentreren op de taak die je moet uitvoeren.
Responsive touchscreen
Creëer moeiteloos op het schitterende 14-inch WUXGA IPS-touchscreen met een ruime beeldverhouding van 16:10. Blijf bovendien in contact met anderen via glasheldere videogesprekken dankzij de 1080p-webcam en twee digitale microfoons.
Dun, licht en veelzijdig
Met het dunne en lichte metalen design met 360°-scharnier schakel je moeiteloos tussen de laptop-, tent-, presentatie- en tabletmodus. De meegeleverde Acer Active Stylus transformeert je scherm tot het ideale canvas voor notities, schetsen en projecten.
Moeiteloze connectiviteit
Sluit aan wat je maar wilt dankzij twee USB Type-C-poorten (Thunderbolt 4) en HDMI 2.1-aansluitingen, en profiteer van ultrasnel internet en helder geluid dankzij WiFi 6E en Intel® Bluetooth LE Audio.
Doe meer met AI-oplossingen van Acer
AcerSense™ geeft je meer controle over je apparaat. Met één tik beheer je moeiteloos je systeem. Verbeter videogesprekken met Acer PurifiedVoice™ en PurifiedView™. Maak en bewerk AI-stickers waar je maar wilt met Acer LiveArt™.
Stroomlijn je instellingen
AcerSense™ is een veelzijdige tool die je met één druk op de knop opent, zodat je op één plek toegang hebt tot alle AI-functies van je apparaat. Voor een vloeiendere, gebruiksvriendelijkere ervaring.
Soepelere videogesprekken
Acer PurifiedVoice™ en PurifiedView ™ 2.0 verbeteren je videogesprekken door achtergrondgeluiden terug te dringen, op jou te blijven scherpstellen en het beeld en geluid te optimaliseren.
Je eigen creaties
Verwijder direct achtergronden uit afbeeldingen met Acer LiveArt™ 2.0. Bewerk en maak AI-stickers om overal te plakken. En wanneer je een screenshot maakt of een afbeelding opent, verschijnt het menuscherm op intuïtieve wijze om je te helpen.
Vriendelijker voor de planeet
Dankzij de verpakking van 100% recyclebare materialen en componenten van 30% post-consumer recycled plastic heeft de Aspire Spin 14 zowel een Energy Star-certificering als een EPEAT-registratie. Zo kun jij een meer verantwoorde keuze maken.",https://www.laptop.nl/picture/21615031/600/370/HighResolution/LPNL/false,https://www.laptop.nl/product/acer-aspire-spin-14-asp14-51mtn-57hr/21615031/17923
Laptops,"Apple MacBook Air (2025) 15"" - M4 - 24 GB - 512 GB - Middernacht","Zo snel kan licht zijn.
MacBook Air is de populairste laptop ter wereld. Om vele redenen. Zo gaat de batterij tot 18 uur mee. Levert de M4-chip ongekend snelle prestaties voor werk en privé. Is de laptop gemaakt voor Apple Intelligence om allerlei dingen moeiteloos voor elkaar te krijgen. En is er nu de prachtige nieuwe kleur hemelsblauw. Met de supercompacte MacBook Air kun je alles aan, waar je ook bent.
Desgin
Gaat overal met je mee.
MacBook Air is opvallend licht en maar iets meer dan een centimeter dun. Zo past de laptop perfect in je drukke leven. En in je tas. MacBook Air met M4 bestaat voor meer dan 50 procent uit gerecyclede materialen en heeft een stevige behuizing van gerecycled aluminium.
Twee perfect compacte formaten. Het 13-inch model is de ultieme laptop voor onderweg. Op het grotere scherm van het 15-inch model heb je nog meer ruimte om te multi­tasken.
Er hangt een nieuwe kleur in de lucht. Met vier prachtige kleuren, waaronder het nieuwe hemelsblauw, is iedereen in de wolken. En bij elke MacBook Air zit een MagSafe-oplaadkabel in de bijpassende kleur.
Prestaties en batterij­duur
M4. Met stip de snelste chip.
Megasnel multi­tasken. Op MacBook Air met M4 gaat alles nog sneller en vloeiender. Of je nu schakelt tussen meerdere apps en tabbladen, video’s bewerkt of games als Sid Meier’s Civilization® VII speelt. En dat allemaal in een geruisloos design zonder ventilator.
Neural Engine. De turbo voor AI. Dankzij de snellere Neural Engine in de M4-chip zit MacBook Air vol krachtige AI-mogelijkheden, waardoor alles wat je doet nog beter gaat. Zo houdt je camera je automatisch midden in beeld, kun je AI-afbeeldingen verbeteren en moeiteloos met de nieuwste LLM’s werken. Kortom, een enorme boost voor je productiviteit en creativiteit.
Batterij waar je verder mee komt. MacBook Air heeft een batterij die tot 18 uur meegaat. En die snelladen ondersteunt: tot wel 50% in 30 minuten.6 Je kunt dus gewoon blijven doorwerken, zonder dat je je zorgen hoeft te maken over je batterij.
Mac + iPhone
Een dreamteam.
Hou je van iPhone, dan hou je van Mac. Met een Mac kun je net zo makkelijk overweg als met een iPhone. Tekst van je iPhone naar je Mac kopiëren of devices opsporen met Zoek Mijn? Je Mac en je iPhone vormen een geweldig team.
Gemaakt voor Apple Intelligence.
Meer doen. Minder moeite.
Apple Intelligence is ingebouwd in je Mac. Het systeem baseert zich op je persoonlijke context en helpt je met schrijven, jezelf uitdrukken en dingen moeiteloos voor elkaar krijgen.
Maximale power. Optimale privacy.
Apple Intelligence beschermt je privacy op alle fronten. Het systeem is geïntegreerd in het hart van je Mac, en gegevens worden op het device zelf verwerkt. Hoewel het zich bewust is van je persoonlijke gegevens, worden die gegevens niet verzameld.
En dankzij het baan­brekende Private Cloud Compute kan Apple Intelligence gebruik­maken van grotere server-based modellen die draaien op Apple silicon. Zo kunnen complexere verzoeken voor je worden afgehandeld zonder dat je privacy in het gedrang komt.
Display
Schitterend van alle kanten.
Het Liquid Retina-display van MacBook Air kan 1 miljard kleuren weergeven en heeft een tot 2x zo hoge resolutie als vergelijkbare pc-laptops. Dankzij het grote contrast en de duidelijke details spatten foto’s en video’s van het scherm, en is tekst haarscherp.
Camera en audio
Beweegt met je mee.
Middelpunt. Blijf in beeld tijdens videogesprekken. Ook als je beweegt of als er mensen naast je komen zitten.
Bureauweergave. Laat je bureau van bovenaf zien terwijl je zelf ook in beeld blijft. Ideaal als je bijvoorbeeld online lesgeeft of je nieuwste project wilt laten zien.
Drie microfoons. Met MacBook Air is je stem tijdens audio- en video­gesprekken goed te horen, terwijl achter­grond­geluiden zoveel mogelijk worden gedempt.
Indruk­wekkend geluidssysteem. De speakers van MacBook Air zijn geschikt voor Ruimtelijke Audio en Dolby Atmos, wat een oase van drie­dimensionaal geluid oplevert als je naar muziek luistert of een film kijkt.
Poorten en connectiviteit
Maak goede connecties.
De MagSafe-oplaadkabel klikt magnetisch vast en weer los. Je hoeft dus niet bang te zijn dat je MacBook Air opeens door de lucht vliegt. Via de twee Thunderbolt 4-poorten kun je professionele accessoires aansluiten en je Mac opladen. De mini-jack-aansluiting ondersteunt koptelefoons met hoge impedantie. En wifi 6E heeft een tot twee keer zo hoge overdrachts­snelheid als wifi 6.
Maak van MacBook Air je ideale werkplek door er tot twee externe displays op aan te sluiten. Met al die extra ruimte kun je eenvoudig in meerdere documenten of apps tegelijk werken.
Beveiliging
Bewaak het fort met één vinger.
Het Magic Keyboard is voorzien van achter­grond­verlichting, een rij functie­toetsen van volledige hoogte en Touch ID, waarmee je snel, makkelijk en veilig je Mac ontgrendelt, inlogt bij apps en websites en online betalingen goedkeurt, met alleen je vinger­afdruk.",https://www.laptop.nl/picture/21770599/600/370/HighResolution/LPNL/false,https://www.laptop.nl/product/apple-macbook-air-2025-15-m4-24-gb-512-gb-middernacht/21770599/17923
Laptops,OUTLET: Lenovo IdeaPad Gaming 3 - 82SB00Q4MH,"Ontdek de kracht en snelheid van de Lenovo IdeaPad Gaming 3 notebook. Deze clamshell-laptop is speciaal ontworpen voor gamers die op zoek zijn naar optimale prestaties en meeslepende gameplay. Met zijn indrukwekkende specificaties en stijlvol ontwerp is de Lenovo IdeaPad Gaming 3 de perfecte metgezel voor jouw gaming avonturen.
De Lenovo IdeaPad Gaming 3 notebook is voorzien van een krachtige AMD Ryzen™ 7-processor, specifiek de 7735HS, met een kloksnelheid van 3,2 GHz. Dankzij deze processor ervaar je een ongekende snelheid en responsiviteit, waardoor je zonder vertraging kunt gamen, multitasken en zware applicaties kunt uitvoeren. Laat je meeslepen in de wereld van gaming met vloeiende prestaties en razendsnelle reactietijden.
Het 15.6"" Full HD-beeldscherm levert levendige beelden met een resolutie van 1920 x 1080 pixels. Geniet van scherpe details, heldere kleuren en een meeslepende visuele ervaring bij het spelen van je favoriete games. Het grote scherm zorgt voor een indrukwekkende gaming-ervaring en biedt voldoende ruimte om je volledig onder te dompelen in de virtuele wereld.
Met 16 GB intern geheugen ben je verzekerd van snelle en vlotte prestaties, zelfs tijdens intense gaming-sessies. Het geavanceerde geheugentype zorgt voor snelle gegevensoverdracht en naadloze multitasking, zodat je moeiteloos kunt schakelen tussen verschillende applicaties en taken zonder enige vertraging.
Met een totale opslagcapaciteit van 512 GB SSD heb je voldoende ruimte om al je favoriete games, media en bestanden op te slaan. Profiteer van snelle laadtijden en responsieve prestaties dankzij de SSD-opslag, waardoor je direct kunt starten met gamen en snel toegang hebt tot je bestanden.
De AMD Radeon 680M geïntegreerde grafische kaart zorgt voor verbluffende visuele effecten en vloeiende gameplay. Geniet van realistische graphics en meeslepende beelden tijdens je gamingsessies. Deze notebook levert indrukwekkende prestaties, zodat je kunt genieten van je favoriete games in al hun glorie.
De Lenovo IdeaPad Gaming 3 wordt geleverd met Windows 11 Home, het nieuwste besturingssysteem van Microsoft. Profiteer van verbeterde gamingfuncties, beveiliging en compatibiliteit met andere gamingaccessoires en -software. Windows 11 Home optimaliseert je game-ervaring en biedt nieuwe mogelijkheden om je gamingprestaties naar een hoger niveau te tillen.
Met zijn stijlvolle grijze kleur straalt de Lenovo IdeaPad Gaming 3 kracht en robuustheid uit. Het ontwerp is speciaal ontwikkeld voor gamers, met opvallende accenten en een stoere uitstraling die perfect past bij je gaming setup.
Kortom, de Lenovo IdeaPad Gaming 3 notebook biedt de perfecte combinatie van prestaties, snelheid en stijl voor gamers. Met zijn indrukwekkende specificaties en betrouwbaarheid kun je rekenen op een vlotte en meeslepende game-ervaring. Ontdek zelf de kracht en veelzijdigheid van de Lenovo IdeaPad Gaming 3 en dompel jezelf onder in de wereld van gaming.",https://www.laptop.nl/picture/80064069/600/370/HighResolution/LPNL/false,https://www.laptop.nl/product/outlet-lenovo-ideapad-gaming-3-82sb00q4mh/80064069/17923
Laptops,Outlet: MSI Cyborg 15 AI A1VEK-019NL,"CYBER-UP!
De volgende fase van de evolutie is hier: duik in de wereld van games in cyberpunk-stijl, laat je sci-fi mode zien en versla je tegenstander met revolutionaire hardware. De Cyborg 15 A13U heeft een futuristisch, gemechaniseerd uiterlijk en is gemaakt om de meest baanbrekende, avant-gardistische gaminglaptop te worden.
DOORZICHTIG ONTWERP
Door de doorschijnende delen op het toetsenbord en chassis kun je door delen van de binnenkant kijken. Met cybernetisch aandoende afwerking en taal van boven tot onder, stelt de Cyborg 15 A13U opnieuw voor wat de toekomst inhoudt.
NIEUW-GEN HYBRID PRESTATIES Tot Intel® Core™ Ultra 7 processor 155H
Met zijn razendsnelle verwerkingssnelheid en Intel's eerste geïntegreerde NPU voor energiezuinige AI-acceleratie. De nieuwste Intel® Core™ Ultra 7 processor 155H is een game-changer. Of je nu houdt van gamen, content creëren of zware multitasking, dit is jouw toegang tot een soepele en krachtige computerervaring.
GEFORCE RTX 40-SERIE LAPTOPS VERDER DAN SNEL
NVIDIA® GeForce RTX™ 40-serie laptop GPU's zijn de kracht achter 's werelds snelste laptops voor gamers en ontwerpers. Gebouwd met de ultra-efficiënte NVIDIA Ada Lovelace architectuur, zorgen ze voor een enorme sprong in prestaties met AI-gestuurde DLSS 3 en maken ze levensechte virtuele werelden mogelijk met volledige ray tracing. Bovendien optimaliseert het Max-Q-pakket van technologieën de systeemprestaties, het stroomverbruik, de batterijlevensduur en de akoestiek voor topprestaties.
NU MET AI
MSI Laptops versnellen toepassingen sneller en efficiënter dan ooit tevoren. Ze worden standaard geleverd met exclusieve MSI Intelligent Technology die in staat is om geheel nieuwe AI-functies te bieden, waardoor automatische optimalisatie naar een geheel nieuw niveau wordt getild.
VLOEIENDE BEWEGINGEN
Ervaar elke actie levendig met het heldere en vloeiende 144Hz IPS-beeldscherm.
GAMEN IN STIJL
De Cyborg 15 AI is uitgerust met een 4-zone RGB-toetsenbord met verlichte WASD en speciaal ontworpen keycaps. Geniet van het kleurrijke licht dat schijnt als pulserende energie voor een meeslepende game-ervaring in stijl!
NEXT-GEN KOELING VOOR NEXT-GEN GAMING
Het CPU&GPU Shared-Pipe ontwerp zorgt voor real-time warmteafvoer balancering tussen CPU&GPU voor verbeterde efficiëntie. In combinatie met het exclusieve thermische pasta van MSI zorgt dit voor maximale prestaties tijdens extreem gamen.
ALLES WAT JE NODIG HEBT
BUITENGEWONE DRAADLOZE ERVARING
De nieuwste Wi-Fi 6E levert verbluffende snelheden en houdt het netwerk soepel en stabiel, zelfs wanneer je het netwerk deelt met meerdere gebruikers.
ONTGRENDEL AL HET POTENTIEEL
Haal de machtige prestaties uit je laptop met ondersteuning van DDR5 geheugen. Geniet van nog hogere frequenties, grotere capaciteit en betere prestaties.
PCIe Gen 4 OPSLAG ONDERSTEUNING
PCIe 4.0 verbetert effectief de dagelijkse workflow en heeft een betere signaalbetrouwbaarheid, integratie en verbinding voor betere prestaties.
AUDIO-EUPHORIA
DTS levert meeslepende, nauwkeurige audioplaatsing voor gamers, waardoor je een voorsprong hebt op de concurrentie.
ALLE FUNCTIES
Het exclusieve MSI Center helpt je om je MSI laptop te bedienen en aan te passen zoals jij dat wilt.
NAADLOZE GAME-ERVARING
Ontwikkeld onder een exclusieve samenwerking met BlueStacks, zorgt de MSI APP Player voor een naadloze game-ervaring tussen mobiel gamen en de PC.
COMPLETE IO
USB 3.2 Gen2 Type-C / DP
USB 3.2 Gen1 Type-A x2
RJ45
DC-ingang
HDMI™ 2.1 (4K@60Hz)
Audio Combo-aansluiting
Kensington slot",https://www.laptop.nl/picture/80068415/600/370/HighResolution/LPNL/false,https://www.laptop.nl/product/outlet-msi-cyborg-15-ai-a1vek-019nl/80068415/17923
Laptops,HP 14-em0525nd,"Ontdek de ultieme kracht en prestaties met de HP 14-em0525nd laptop. Met zijn clamshell-vormfactor biedt dit apparaat een perfecte balans tussen draagbaarheid en prestaties, waardoor het ideaal is voor zowel werk als entertainment.
Met de krachtige AMD Ryzenâ„¢ 7 7730U processorfamilie aan boord, levert deze laptop indrukwekkende prestaties voor multitasking, contentcreatie en meer, waardoor je moeiteloos kunt voldoen aan al je computereisen.
Geniet van een verbluffende kijkervaring op het 35,6 cm (14"") Full HD-scherm met een resolutie van 1920 x 1080 pixels. Elk detail wordt helder en scherp weergegeven, of je nu aan het werk bent of geniet van je favoriete multimedia.
Met 16 GB DDR4-SDRAM intern geheugen biedt deze laptop voldoende ruimte voor soepel multitasken, zodat je naadloos kunt schakelen tussen verschillende applicaties. En met een royale 512 GB SSD-opslag heb je genoeg ruimte voor al je bestanden, foto's en video's.
De AMD Radeon Graphics on-board grafische adapter zorgt voor vloeiende en responsieve grafische prestaties, waardoor je kunt genieten van gaming en multimedia met verbluffende visuele effecten.
De HP 14-em0525nd wordt geleverd met Windows 11 Home als het inbegrepen besturingssysteem, waardoor je kunt profiteren van de nieuwste functies en beveiligingsupdates. Met zijn elegante zilveren afwerking en een draagbaar gewicht van slechts 1,4 kg is deze laptop de perfecte metgezel voor onderweg.",https://www.laptop.nl/picture/80066229/600/370/HighResolution/LPNL/false,https://www.laptop.nl/product/hp-14-em0525nd/80066229/17923
Laptops,Acer Swift 5 SF514-56T-54LM,"De Swift 5 heeft een gigantisch vermogen en een uitzonderlijk thermisch design met een hoogwaardige aluminium chassis. Dankzij de 12e generatie Intel® Core™ processoren
[1]
kun jij met onvergelijkbare prestaties aan je geweldige ideeën werken.
Prachtig ontworpen. Vakkundig gemaakt.
De hoogwaardige aluminium behuizing heeft een ongelooflijk CNC-gefreesd design van 14,95 mm en 1,2 kg.
[1]
Het zorgvuldig ontworpen design heeft een milieuvriendelijk OceanGlass™ touchpad en een aan-uitknop met vingerafdruklezer.
Ervaar ingenieuze koeling
Ervaar hoogwaardige thermische efficiëntie dankzij de dubbele ventilatoren die meerdere koelmodi ondersteunen, dubbele D6-koelbuizen en de luchtinlaat in het toetsenbord die tot wel 10%
[2]
meer warmte wegleidt dan een standaard toetsenbord.
Stabiel. Krachtig. Premium.
De krachtige 12e generatie Intel® Core™ processoren
[1]
, met maximaal twaalf kernen met Iris® Xe grafische kaarten, voert taken met superieure prestaties uit, waarmee jij de concurrentie achter je laat.
Tot 1,74 x betere prestatiescore
[2]
Aanzienlijke allround verbeteringen dankzij de nieuwste 12e generatie Intel® Core™ processoren.
Het scherm
Ga aan de slag met het WQXGA
[1]
aanraakscherm met Antimicrobial Corning® Gorilla® Glass,
[4]
met een indrukwekkende screen-to-body ratio voor dunne randen rondom. En met het arsenaal aan oogbeschermings- en kleurtechnologieën van Acer zijn de mogelijkheden eindeloos.
Ultieme connectiviteit
Met essentiële poorten voor dagelijks gebruik, gloednieuwe WiFi 6E en een batterij met een levensduur van 10 uur die snel opnieuw kan worden opgeladen (meer dan 4 uur levensduur in slechts 30 minuten) om je productiviteit hoog te houden.
[5]
Ultieme slimmigheidjes
De FHD-camera aan de voorkant maakt gebruik van de TNR technologie van Acer voor beelden van hoge kwaliteit bij weinig licht. En met Acer PurifiedVoice™ met AI-ruisonderdrukking kun je probleemloos videobellen.",https://www.laptop.nl/picture/21615546/600/370/HighResolution/LPNL/false,https://www.laptop.nl/product/acer-swift-5-sf514-56t-54lm/21615546/17923
Laptops,Lenovo IdeaPad Slim 5 - 83DC006LMH,"De Lenovo IdeaPad Slim 5 is een geavanceerde clamshell-laptop die de nieuwste Intel Core Ultra 7-processor combineert met baanbrekende AI-technologie. Dit zorgt voor een intelligente en responsieve gebruikerservaring, aangepast aan jouw behoeften.
Met een indrukwekkend 16-inch scherm met een 2K HD-type en een resolutie van 2048 x 1280 pixels biedt de IdeaPad Slim 5 scherpe en levendige beelden voor zowel werk als entertainment. Dankzij het royale 32 GB LPDDR5x-SDRAM intern geheugen en een ruime opslagcapaciteit van 1 TB via een SSD, heb je voldoende ruimte voor al je bestanden en programma's.
De laptop is voorzien van Intel Arc Graphics, een krachtige on-board graphics adapter die zorgt voor indrukwekkende visuele prestaties. Samen met de AI-functionaliteit optimaliseert dit de grafische ervaring voor gaming, creatief werk en multimedia.
Met Windows 11 Home als besturingssysteem geniet je van een naadloze en intuïtieve gebruikerservaring, terwijl het elegante grijze ontwerp van de laptop een stijlvolle en professionele uitstraling biedt. Met een gewicht van slechts 1,82 kg is de IdeaPad Slim 5 ook gemakkelijk mee te nemen, waar je ook naartoe gaat.",https://www.laptop.nl/picture/80066126/600/370/HighResolution/LPNL/false,https://www.laptop.nl/product/lenovo-ideapad-slim-5-83dc006lmh/80066126/17923
Laptops,Lenovo IdeaPad Slim 5 - 83BF0068MH,"De slimme keuze voor mobiliteit
- Slimme, dunne, lichte 14-inch laptop van militaire kwaliteit
- Met Intel® Core™-processor van de 13e generatie
- Realtime systeemrespons via Lenovo AI Engine
- Optionele vingerafdruklezer en hybride FHD-infraroodcamera
- Verbeterde functies om tijd te besparen en je gegevens te beveiligen
- Keuze uit een WUXGA- of 2,2K-beeldscherm, Dolby Audio™-gecertificeerd",https://www.laptop.nl/picture/80066121/600/370/HighResolution/LPNL/false,https://www.laptop.nl/product/lenovo-ideapad-slim-5-83bf0068mh/80066121/17923
Laptops,Lenovo IdeaPad Slim 5 - 83BF0062MH,"De slimme keuze voor mobiliteit
- Slimme, dunne, lichte 14-inch laptop van militaire kwaliteit
- Met Intel® Core™-processor van de 13e generatie
- Realtime systeemrespons via Lenovo AI Engine
- Optionele vingerafdruklezer en hybride FHD-infraroodcamera
- Verbeterde functies om tijd te besparen en je gegevens te beveiligen
- Keuze uit een WUXGA- of 2,2K-beeldscherm, Dolby Audio™-gecertificeerd",https://www.laptop.nl/picture/80068627/600/370/HighResolution/LPNL/false,https://www.laptop.nl/product/lenovo-ideapad-slim-5-83bf0062mh/80068627/17923
Laptops,MSI Stealth A16 AI+ A3XWIG-016NL,"Maak kennis met de ultraslanke en lichte AI Gaming Laptop Stealth A16 AI+. Ervaar de snelle en intelligente AI-powered PC, ontworpen om uit te blinken in gaming, creatie en productiviteit, die je leidt naar de wereld van next-level technologie.",https://www.laptop.nl/picture/80068557/600/370/HighResolution/LPNL/false,https://www.laptop.nl/product/msi-stealth-a16-ai-a3xwig-016nl/80068557/17923
Laptops,Lenovo IdeaPad Slim 3 - 83ER00E6MH,"Responsief, krachtige prestaties
Ontworpen met kwaliteit van militaire klasse, de IdeaPad Slim 3i Gen 8 laptop is ideaal voor werk, school of entertainment onderweg. Aangedreven door tot wel 13e generatie Intel® Core™ processors biedt dit 15? apparaat bliksemsnelle reactietijden voor al je apps. Dan kun jij naar hartenlust multitasken. Bovendien kun je dankzij de enorme hoeveelheden opslagruimte je hele multimediabibliotheek op je pc opslaan.
Duurzaamheid volgens militaire specificaties
Of je nu naar de bibliotheek gaat, de koffiebar, de luchthaventerminal, of ergens anders, je kunt erop vertrouwen dat dit stevige apparaat lang meegaat. De IdeaPad Slim 3i Gen 8 laptop is 10% dunner dan de vorige generatie en past makkelijk in je rugzak of reistas. Hij is gemaakt om bestand te zijn tegen schokken, stof en zware reisomstandigheden - in een kleur naar keuze.
Dompel jezelf onder in de ervaring
Met zijn smalle randen en prachtige scherm zal de IdeaPad Slim 3i Gen 8 zeker de aandacht trekken, zelfs als jij zelf gefocust blijft op het 15"" high-def groothoekscherm. De TÜV-gecertificeerde Low Blue Light-technologie helpt vermoeide ogen te voorkomen. Bovendien geniet je met de naar de gebruiker gerichte luidsprekers en Dolby Audio™ van eersteklas geluid als je een videogesprek voert, een film kijkt of gewoon naar je favoriete muziek luistert.
Wachten is niet nodig
Je moet erop vertrouwen dat je apparaat je onderweg kan bijhouden. Met zijn snellaadtechnologie levert de IdeaPad Slim 3i Gen 8 laptop 2 uur gebruik na 15 minuten opladen. Verder hebben we je privacy en beveiliging onder controle. De webcam is voorzien van een privacyschuifje, zodat je niet op camera hoeft te zijn als je dat niet wilt. Maar het beste van alles is misschien wel de optionele vingerafdruklezer die in de aan/uit-knop is geïntegreerd. Hiermee kun je met één tikje van je vinger direct inloggen en veilig opstarten.
Slimme functies doen het werk
De IdeaPad Slim 3i Gen 8 laptop past zich op basis van het gebruik automatisch aan voor optimale prestaties, langere batterijduur en lagere temperaturen om efficiënter te werken met Smart Power. Smart Wireless-technologie detecteert naadloos elke onderbreking in de connectiviteit en lost dynamisch problemen op om je in realtime opnieuw te verbinden. Bovendien beschermen slimme beveiligingsfuncties je meest gevoelige bestanden en voorkomen onbevoegde toegang en bestandsdiefstal. Je kunt zelfs al je BIOS-gegevens wissen bij het overzetten naar een nieuwe pc. Als het op beveiliging aankomt, zit je bij ons goed.
Specificaties kunnen verschillen per regio/model.",https://www.laptop.nl/picture/80066119/600/370/HighResolution/LPNL/false,https://www.laptop.nl/product/lenovo-ideapad-slim-3-83er00e6mh/80066119/17923
Laptops,Lenovo IdeaPad Slim 5 - 83DB0033MH,"Lenovo IdeaPad Slim 5 is een krachtige laptop met een clamshell-vormfactor. Uitgerust met een AMD Ryzen™ 7-processor en een beeldschermdiagonaal van 35,6 cm (14""), biedt het een optimale ervaring voor zowel werk als entertainment. Met een resolutie van 1920 x 1200 pixels en een HD-type van WUXGA levert het heldere en scherpe beelden.
Met een intern geheugen van 16 GB, LPDDR5x-SDRAM-type, en een totale opslagcapaciteit van 512 GB via een SSD, biedt deze laptop voldoende ruimte voor al je bestanden en programma's. De on-board graphics adapter, AMD Radeon 780M, zorgt voor een soepele visuele ervaring.
De Lenovo IdeaPad Slim 5 wordt geleverd met het besturingssysteem Windows 11 Home, waardoor je direct aan de slag kunt met alle functies en mogelijkheden die het te bieden heeft. De laptop heeft een elegante grijze kleur die stijlvol en professioneel oogt.",https://www.laptop.nl/picture/80066122/600/370/HighResolution/LPNL/false,https://www.laptop.nl/product/lenovo-ideapad-slim-5-83db0033mh/80066122/17923
Laptops,Lenovo IdeaPad Slim 3 - 82XB0086MH,"Lenovo IdeaPad Slim 3: Dun, licht en veelzijdig!
Als je op zoek bent naar een betrouwbare en draagbare laptop voor dagelijkse taken, dan is de Lenovo IdeaPad Slim 3 een uitstekende keuze. Met deze laptop kun je moeiteloos eenvoudige taken uitvoeren, zoals tekstverwerking en internetten. Werk in programmaâ€™s als Word en PowerPoint terwijl je geniet van je favoriete muziek via Spotify. Dankzij de Intel N100-processor, 4 GB werkgeheugen en 128 GB opslagcapaciteit kun je met de IdeaPad Slim 3 soepel werken aan al je projecten en documenten.
De Lenovo IdeaPad Slim 3 biedt een lange batterijduur, zodat je zonder zorgen een hele dag kunt werken op Ã©Ã©n lading. Dankzij de Dual-band Wi-Fi heb je bovendien een stabiele en snelle draadloze verbinding, waar je ook bent. Met zijn slanke ontwerp en lichte gewicht is de laptop gemakkelijk mee te nemen, of je nu onderweg bent of thuis werkt. Windows 11 Home wordt standaard meegeleverd, zodat je in een vertrouwde en veilige omgeving kunt beginnen.
Belangrijkste kenmerken van de Lenovo IdeaPad Slim 3-serie
De Lenovo IdeaPad Slim 3-serie biedt diverse handige functies die het gebruiksgemak vergroten. Geniet bijvoorbeeld van helder en vol geluid dankzij de ingebouwde Dolby Audioâ„¢-speakers, ideaal voor muziek of videoâ€™s. Als je privacy belangrijk vindt, kun je de webcam eenvoudig afsluiten met de ingebouwde privacy shutter.
Prachtig 15,6 inch beeldscherm
Of je nu aan het werk bent of ontspant met je favoriete serie, het 15,6 inch Full-HD beeldscherm levert scherpe beelden. Dankzij de Anti-glare afwerking heb je minder last van weerspiegeling, zelfs in fel verlichte ruimtes.
Waarom kiezen voor een Lenovo laptop?
Lenovo staat bekend om zijn duurzame en kwalitatief hoogwaardige laptops. De IdeaPad-serie, waar de Slim 3 deel van uitmaakt, is gericht op consumenten en biedt modellen voor uiteenlopende behoeften. Denk aan de veelzijdige 2-in-1 systemen in de Mix en Yoga series, waarbij je de laptop eenvoudig kunt omtoveren tot een tablet dankzij het draaibare touchscreen. Lenovo biedt daarmee flexibiliteit en kwaliteit in Ã©Ã©n, ideaal voor zowel werk als ontspanning.",https://www.laptop.nl/picture/80066118/600/370/HighResolution/LPNL/false,https://www.laptop.nl/product/lenovo-ideapad-slim-3-82xb0086mh/80066118/17923
Laptops,Lenovo Yoga Pro 7 - 83E3002XMH,"En met veel vermogen...
Alles wat je kunt doen, kun je beter doen met AMD Ryzen™ 8040 serie-processors. Of je nu beats maakt, met gigantische 3D-renders werkt of ingewikkelde effecten toevoegt aan een video: deze krachtbron kan elke uitdaging van bijna elke grootte aan. Ervaar de kracht van persoonlijke AI-verwerking met AMD Ryzen™ AI en ontdek nieuwe AI-ervaringen die de manier waarop je werkt en dagelijks entertainment ervaart, zult veranderen. Het draait op een geheugenbandbreedte van 16 GB en maakt multitasken sneller en vloeiender. Bovendien heb je voldoende opslagruimte voor je meesterwerken.
Het helderste beeld in de donkerste scène
Ervaar een visueel feest op een 14,5? PureSight Pro-beeldscherm. Foto's bewerken, je portfolio samenstellen of je favoriete shows binge-watchen. Elk moment is een meesterwerk. Levendige kleuren komen tot leven met ongeëvenaarde nauwkeurigheid en professionele kleurengamma's. Een krachtige nauwkeurigheid van kleuren dompelt je dieper onder in elke scène, terwijl een hoge vernieuwingsfrequentie zorgt voor soepele bewegingen. En maak je geen zorgen over vermoeide ogen tijdens die late sessies, dankzij de TÜV Low Blue Light-technologie.
Alles van Suite. Samengebracht.
Open een portaal van mogelijkheden met Premium Suite, met productiviteitstools om je ideeën naar voren te brengen. Vier uitzonderlijke luidsprekers, versterkt door Dolby Atmos®, creëren een akoestische plek, waar je ook bent. Word luid en glashelder gehoord op met de quad noise-canceling microfoons van studiokwaliteit. Iedereen zal elk woord horen. Met de FHD IR-camera sta je in het middelpunt van videogesprekken en krijg je totale gemoedsrust met de privacysluiter.  Het maken van rapporten is een fluitje van een cent op het Yoga-toetsenbord, met olie-afstotende toetsen met een afstand van 1,5 mm.
Het kan dit de hele dag doen
Ervaar onvoorstelbaar uithoudingsvermogen met een langdurige 73 WHr-batterij waardoor je dag en nacht kunt blijven werken. Stroom nodig? Met Rapid Charge Express ben je verzekerd van een batterijduur van maximaal 3 uur door slechts 15 minuten op te laden. Het tweetal volledig functionele USB-C-poorten zijn uitgerust met een breed scala aan connectiviteit en kunnen grote bestandsoverdrachten en snelle stroomvoorziening verwerken. Met de HDMI 2.1-poort kun je maximaal 8K-schermen aansluiten. Bovendien kun je soepel overgaan van online gesprekken naar projecten met het supersnelle wifi 6E-netwerk. *De werking van 6GHz-wifi 6E is afhankelijk van de ondersteuning van het besturingssysteem, routers/AP's/poorten die wifi 6E ondersteunen, samen met de regionale wettelijke certificeringen en toewijzing van frequenties.
Samen met jou tot het einde
Lenovo AI Engine+ zorgt voor wat je nodig hebt, zodat je je kunt richten op de grotere dingen, zoals het bereiken van je dromen. Van complexe renders tot relaxed bingen. Smart Power zorgt ervoor dat de hardwareprestaties en koelefficiëntie overeenkomen met je taak, zonder te veel batterij te verbruiken. Het voelt via Smart Login aan wanneer je bijna klaar bent om te starten, en zorgt ervoor dat je er goed uitziet en goed klinkt op de camera. Je weet niet eens dat je offline bent, omdat Smart Wireless je automatisch weer verbindt met het netwerk. @Ableton Live-software niet inbegrepen
Duurzaamheid is ingebouwd. En aan de buitenkant.
De EPEAT® Gold-geregistreerde en ENERGY STAR®-gecertificeerde Yoga Pro 7 14? bereikt plasticvrije verpakkingen door get gebruik van droog geperst papierpulp als demping en 100% biogebaseerde systeemtas van bamboevezel. Het bestaat uit 90% post-consumer gerecycled plastic voor de behuizing van de zwarte 100 W-voedingsadapter, 50% post-consumer gerecycled plastic in het toetsenbord en 50% gerecycled aluminium in de onderkant. Al het karton dat voor de verpakkingen wordt gebruikt, is FSC™-gecertificeerd en gemaakt van materiaal dat onder controle staat voor minder nadelige gevolgen voor het milieu. Yoga Pro 7i Gen 9 offers Lenovo CO2 Offset Service. *EPEAT-geregistreerd waar mogelijk — ga naar www.epeat.net voor de registratiestatus per land. FSC License codes: C156624 Via de Lenovo CO2 Offset Service kun je de geschatte uitstoot gedurende de gemiddelde levenscyclus van je pc compenseren, klimaatactieprojecten helpen ondersteunen die zijn geverifieerd door de Verenigde Naties, Gold Standard® en Climate Action Reserve, en volledige transparantie hebben over de bijdrage die je levert aan de omgeving. **Accessoires worden apart verkocht
Wij staan voor je klaar
Premium Care Plus is een verhoogde klantenservice die je apparaten extra zorg, dekking en beveiliging biedt. Ontvang snelle, persoonlijke service van deskundige technici, 24 uur per dag, zeven dagen per week. Zie de spanning en sensatie van het leven onder ogen met een Accidental Damage Protection. Prestatieproblemen en malware-aanvallen worden opgelost door Smart Performance. Problemen met de batterij? Sealed Battery Warranty* zorgt ervoor dat je aan de slag kunt met vervangingen. En met Data Migration-transfer kunnen al je gegevens en pc-instellingen in één stap worden overgedragen.
Je verbeelding versterkt
Het ontketenen van je creativiteit wordt veel gemakkelijker met Windows 11 op je Yoga Pro-laptop. De nieuwste tools voor makers zijn ingebouwd in het besturingssysteem: noteer je ideeën in Journal, bewerk video's in Clipchamp, leg inspiratie vast via Screen Recorder en bekijk je onbewerkte foto's in Photos. Om je prestaties nog meer te ondersteunen. Het wordt geleverd met Copilot – je AI-aangedreven intelligente assistent – om alle manieren te verbeteren waarop je creëert.
Specificaties kunnen verschillen per regio/model.",https://www.laptop.nl/picture/80066127/600/370/HighResolution/LPNL/false,https://www.laptop.nl/product/lenovo-yoga-pro-7-83e3002xmh/80066127/17923
Laptops,ASUS Vivobook Go TP1400KA-EC186W,"De ASUS Vivobook Go 14 Flip is de perfecte metgezel voor degenen die op zoek zijn naar een veelzijdige en stijlvolle laptop die altijd met je meegaat. Met indrukwekkende specificaties en een strak ontwerp, is deze laptop klaar om al je behoeften te vervullen.
Schitterend 14-Inch Full-HD Scherm:
Geniet van verbluffende visuele helderheid op het 14-inch Full-HD scherm van de Vivobook Go 14 Flip. Met levendige kleuren en scherpe details brengt dit scherm jouw content tot leven, of je nu films kijkt, foto's bewerkt of aan documenten werkt.
Krachtige Intel Pentium Processor:
De ASUS Vivobook Go 14 Flip wordt aangedreven door een Intel Pentium Silver N6000-processor, wat betekent dat je moeiteloos kunt multitasken en snel kunt schakelen tussen applicaties. Of je nu aan het werken, studeren of ontspannen bent, deze laptop staat voor je klaar.
Voldoende Geheugen en Opslag:
Met 8 GB RAM kun je zonder enige moeite meerdere apps tegelijkertijd gebruiken, terwijl de 128 GB eMMC-opslag je bestanden en documenten veilig opslaat. Snel opstarten en toegang tot je gegevens is nu een fluitje van een cent.
Stijlvol, Licht en Omkeerbaar:
De Vivobook Go 14 Flip is niet alleen stijlvol, maar ook uiterst draagbaar. Het lichte ontwerp zorgt ervoor dat je hem overal mee naartoe kunt nemen, en het omkeerbare scherm maakt het eenvoudig om te schakelen tussen laptop- en tabletmodus. Werk comfortabel in elke situatie.",https://www.laptop.nl/picture/80064018/600/370/HighResolution/LPNL/false,https://www.laptop.nl/product/asus-vivobook-go-tp1400ka-ec186w/80064018/17923
Laptops,Outlet: Lenovo IdeaPad 3 - 82KT00A2MH,"Ontdek de kracht van de Lenovo IdeaPad 3 - Jouw ultieme metgezel voor productiviteit en entertainment!
Op zoek naar een betrouwbare notebook die zowel stijlvol als prestatiegericht is? Zoek niet verder! De Lenovo IdeaPad 3 is hier om aan al je behoeften te voldoen.
Krachtige Prestaties:
Met een AMD Ryzen™ 7-processor van de 5700U-familie en een kloksnelheid van 1,8 GHz, brengt deze notebook topprestaties naar je vingertoppen. Ongeacht of je bezig bent met zakelijke taken, creatieve projecten of gewoon wilt genieten van entertainment, de Lenovo IdeaPad 3 heeft de kracht om dit allemaal aan te kunnen.
Indrukwekkend Beeldscherm:
Het 14-inch Full HD-scherm met een resolutie van 1920 x 1080 pixels levert verbluffende beeldkwaliteit. Of je nu aan het werk bent of geniet van je favoriete films en series, je zult versteld staan van de helderheid en scherpte van elk detail.
Supersnelle Opslag:
Met 8 GB DDR4-SDRAM en een 512 GB SSD, biedt de IdeaPad 3 voldoende ruimte en snelheid om al je bestanden, foto's en video's op te slaan. Geen vertragingen, geen compromissen - alleen soepel en efficiënt gebruik.
Indrukwekkende Grafische Prestaties:
De AMD Radeon Graphics-adapter zorgt voor verbluffende visuele weergave, of je nu grafisch intensieve taken uitvoert of gewoon wilt gamen in je vrije tijd.
Windows 10 Home:
De Lenovo IdeaPad 3 wordt geleverd met Windows 10 Home, waardoor je toegang hebt tot een vertrouwd en gebruiksvriendelijk besturingssysteem dat perfect aansluit bij jouw behoeften.
Elegant Ontwerp:
Met zijn grijze kleur en clamshell-vormfactor, straalt de Lenovo IdeaPad 3 een moderne en professionele uitstraling uit. Het is niet alleen een krachtig hulpmiddel, maar ook een stijlvolle metgezel.
Klaar om je productiviteit naar een hoger niveau te tillen? De Lenovo IdeaPad 3 staat voor je klaar. Bestel de jouwe vandaag nog en ontdek een nieuwe wereld van mogelijkheden!",https://www.laptop.nl/picture/80066327/600/370/HighResolution/LPNL/false,https://www.laptop.nl/product/outlet-lenovo-ideapad-3-82kt00a2mh/80066327/17923
Laptops,"Apple MacBook Air (2025) 15"" - M4 - 16 GB - 256 GB - Middernacht","Zo snel kan licht zijn.
MacBook Air is de populairste laptop ter wereld. Om vele redenen. Zo gaat de batterij tot 18 uur mee. Levert de M4-chip ongekend snelle prestaties voor werk en privé. Is de laptop gemaakt voor Apple Intelligence om allerlei dingen moeiteloos voor elkaar te krijgen. En is er nu de prachtige nieuwe kleur hemelsblauw. Met de supercompacte MacBook Air kun je alles aan, waar je ook bent.
Desgin
Gaat overal met je mee.
MacBook Air is opvallend licht en maar iets meer dan een centimeter dun. Zo past de laptop perfect in je drukke leven. En in je tas. MacBook Air met M4 bestaat voor meer dan 50 procent uit gerecyclede materialen en heeft een stevige behuizing van gerecycled aluminium.
Twee perfect compacte formaten. Het 13-inch model is de ultieme laptop voor onderweg. Op het grotere scherm van het 15-inch model heb je nog meer ruimte om te multi­tasken.
Er hangt een nieuwe kleur in de lucht. Met vier prachtige kleuren, waaronder het nieuwe hemelsblauw, is iedereen in de wolken. En bij elke MacBook Air zit een MagSafe-oplaadkabel in de bijpassende kleur.
Prestaties en batterij­duur
M4. Met stip de snelste chip.
Megasnel multi­tasken. Op MacBook Air met M4 gaat alles nog sneller en vloeiender. Of je nu schakelt tussen meerdere apps en tabbladen, video’s bewerkt of games als Sid Meier’s Civilization® VII speelt. En dat allemaal in een geruisloos design zonder ventilator.
Neural Engine. De turbo voor AI. Dankzij de snellere Neural Engine in de M4-chip zit MacBook Air vol krachtige AI-mogelijkheden, waardoor alles wat je doet nog beter gaat. Zo houdt je camera je automatisch midden in beeld, kun je AI-afbeeldingen verbeteren en moeiteloos met de nieuwste LLM’s werken. Kortom, een enorme boost voor je productiviteit en creativiteit.
Batterij waar je verder mee komt. MacBook Air heeft een batterij die tot 18 uur meegaat. En die snelladen ondersteunt: tot wel 50% in 30 minuten.6 Je kunt dus gewoon blijven doorwerken, zonder dat je je zorgen hoeft te maken over je batterij.
Mac + iPhone
Een dreamteam.
Hou je van iPhone, dan hou je van Mac. Met een Mac kun je net zo makkelijk overweg als met een iPhone. Tekst van je iPhone naar je Mac kopiëren of devices opsporen met Zoek Mijn? Je Mac en je iPhone vormen een geweldig team.
Gemaakt voor Apple Intelligence.
Meer doen. Minder moeite.
Apple Intelligence is ingebouwd in je Mac. Het systeem baseert zich op je persoonlijke context en helpt je met schrijven, jezelf uitdrukken en dingen moeiteloos voor elkaar krijgen.
Maximale power. Optimale privacy.
Apple Intelligence beschermt je privacy op alle fronten. Het systeem is geïntegreerd in het hart van je Mac, en gegevens worden op het device zelf verwerkt. Hoewel het zich bewust is van je persoonlijke gegevens, worden die gegevens niet verzameld.
En dankzij het baan­brekende Private Cloud Compute kan Apple Intelligence gebruik­maken van grotere server-based modellen die draaien op Apple silicon. Zo kunnen complexere verzoeken voor je worden afgehandeld zonder dat je privacy in het gedrang komt.
Display
Schitterend van alle kanten.
Het Liquid Retina-display van MacBook Air kan 1 miljard kleuren weergeven en heeft een tot 2x zo hoge resolutie als vergelijkbare pc-laptops. Dankzij het grote contrast en de duidelijke details spatten foto’s en video’s van het scherm, en is tekst haarscherp.
Camera en audio
Beweegt met je mee.
Middelpunt. Blijf in beeld tijdens videogesprekken. Ook als je beweegt of als er mensen naast je komen zitten.
Bureauweergave. Laat je bureau van bovenaf zien terwijl je zelf ook in beeld blijft. Ideaal als je bijvoorbeeld online lesgeeft of je nieuwste project wilt laten zien.
Drie microfoons. Met MacBook Air is je stem tijdens audio- en video­gesprekken goed te horen, terwijl achter­grond­geluiden zoveel mogelijk worden gedempt.
Indruk­wekkend geluidssysteem. De speakers van MacBook Air zijn geschikt voor Ruimtelijke Audio en Dolby Atmos, wat een oase van drie­dimensionaal geluid oplevert als je naar muziek luistert of een film kijkt.
Poorten en connectiviteit
Maak goede connecties.
De MagSafe-oplaadkabel klikt magnetisch vast en weer los. Je hoeft dus niet bang te zijn dat je MacBook Air opeens door de lucht vliegt. Via de twee Thunderbolt 4-poorten kun je professionele accessoires aansluiten en je Mac opladen. De mini-jack-aansluiting ondersteunt koptelefoons met hoge impedantie. En wifi 6E heeft een tot twee keer zo hoge overdrachts­snelheid als wifi 6.
Maak van MacBook Air je ideale werkplek door er tot twee externe displays op aan te sluiten. Met al die extra ruimte kun je eenvoudig in meerdere documenten of apps tegelijk werken.
Beveiliging
Bewaak het fort met één vinger.
Het Magic Keyboard is voorzien van achter­grond­verlichting, een rij functie­toetsen van volledige hoogte en Touch ID, waarmee je snel, makkelijk en veilig je Mac ontgrendelt, inlogt bij apps en websites en online betalingen goedkeurt, met alleen je vinger­afdruk.",https://www.laptop.nl/picture/21770986/600/370/HighResolution/LPNL/false,https://www.laptop.nl/product/apple-macbook-air-2025-15-m4-16-gb-256-gb-middernacht/21770986/17923
Laptops,Outlet: ASUS Vivobook Go 14 E1404FA-NK508W,"De ASUS Vivobook Go 14 E1404FA-NK508W is een veelzijdige laptop die perfect past bij jouw behoeften. Met zijn clamshell-vormfactor combineert deze laptop draagbaarheid met krachtige prestaties. Aangedreven door een AMD Ryzen™ 5-processor, specifiek de 7520U, biedt deze laptop voldoende vermogen om moeiteloos te multitasken en te genieten van al je favoriete toepassingen.
Het 14-inch Full HD-scherm met een resolutie van 1920 x 1080 pixels levert scherpe en levendige beelden, waardoor je kunt genieten van een meeslepende kijkervaring. Met 16 GB LPDDR5-SDRAM intern geheugen biedt de Vivobook Go 14 snelle en responsieve prestaties, zelfs bij intensief gebruik.
Met een totale opslagcapaciteit van 512 GB, geleverd via een SSD, heb je voldoende ruimte om al je bestanden, documenten en multimedia op te slaan zonder compromissen te sluiten aan snelheid. De geïntegreerde AMD Radeon 610M grafische kaart zorgt voor vloeiende beelden en een geweldige grafische ervaring, of je nu creatief bezig bent of geniet van je favoriete games.
De laptop wordt geleverd met Windows 11 Home, waardoor je kunt profiteren van de nieuwste functies en beveiligingsupdates van Microsoft. Met een stijlvol zilveren ontwerp is de ASUS Vivobook Go 14 E1404FA-NK508W niet alleen krachtig, maar ook een lust voor het oog.",https://www.laptop.nl/picture/80068935/600/370/HighResolution/LPNL/false,https://www.laptop.nl/product/outlet-asus-vivobook-go-14-e1404fa-nk508w/80068935/17923
Laptops,MSI Thin 15 B12UC-1255NL,"Enorme bliksems knetteren door de lucht; zwevende draken komen tevoorschijn uit de bergen, de uitgestrektheid en wonderen van de gamewereld wachten om ontdekt te worden, en de Thin 15 is de perfecte metgezel voor je reis! Het iconische dunne chassis wordt nu geleverd in een gloednieuwe kosmose grijze kleur en geüpgradede hardware. Gebruik de kracht en ervaar de gamewereld vrij en snel met de Thin 15!
LAPTOPS UIT DE GEFORCE RTX 30-SERIE
ULTIEM GAMEN
NVIDIA® GeForce RTX™ 30-serie laptop GPU's vormen de motor achter 's werelds snelste laptops voor gamers en ontwerpers. Ze zijn gebouwd met Ampere-NVIDIA's 2e generatie RTX-architectuur voor de meest realistische ray-traced graphics en geavanceerde AI-functies zoals NVIDIA DLSS. Bovendien ontketenen Max-Q technologieën de kracht van AI om dunne, krachtige laptops te maken die sneller en beter zijn dan ooit.
VERBETER PRESTATIES MET AI
NVIDIA DLSS geeft games een snelheidsboost met compromisloze beeldkwaliteit. Verhoog de instellingen en resolutie voor een nog betere visuele ervaring.
MEESLEPENDERE ERVARINGEN
Ray Tracing is de heilige graal van de grafische industrie. Het simuleert hoe licht zich gedraagt in de echte wereld om de meest realistische en meeslepende beelden te produceren voor gamers en ontwerpers - en het werkt snel dankzij 2e generatie RT cores.
GEOPTIMALISEERDE KRACHT EN PRESTATIES
NVIDIA Max-Q is een suite van technologieën aangedreven door AI die laptops optimaliseren om hoge prestaties te leveren in dunne vormfactoren.
BLIJF KOEL EN STIL ONDER BELASTING
Fijn afgestemd om merkbaar stiller en koeler te zijn onder belasting, zodat hij gemakkelijk opgaat in elke omgeving.
BLIKSEMSNEL EN VLOEIEND BEELD
Onze gaming laptops zijn op maat gemaakt en sterk geoptimaliseerd voor gamers. Het beeldscherm wordt geleverd met een hoge verversingssnelheid en vloeiende beelden, zodat je het volgende niveau van gaming kunt ervaren.",https://www.laptop.nl/picture/80068390/600/370/HighResolution/LPNL/false,https://www.laptop.nl/product/msi-thin-15-b12uc-1255nl/80068390/17923
Laptops,Outlet: Acer Aspire 5 A514-56M-599Y,"Wat je taak ook is, je kunt alles doen met de talloze functies van de Acer Aspire 5. Voorzien van de nieuwste 13e generatie Intel® Core™ processoren1 en de NVIDIA® GeForce RTX® grafische kaart1 voor efficiënt multitasken zodat je de dingen kunt doen die jij het leukst vindt.
Soepele werking
Je handelt je dagelijkse taken moeiteloos af dankzij de uitgebreide reeks functies die je productiviteit verhogen, zoals TwinAir-koeling1, een 1080p-webcam, een luchtinlaat in het toetsenbord en een aluminium cover in levendige kleuren1.
Klaar voor alles
Til je multitasking en productiviteit naar een nieuw level met de nieuwste 13e generatie Intel® Core™ processoren1 voor razendsnelle prestaties. En met geïntegreerd LPDDR5-geheugen en M.2 SSD-opslag kan de Aspire 5 al je taken aan.
RTX. Dit is serieus.
Til je gaming naar een hoger niveau met een Aspire 5 die is voorzien van een speciale NVIDIA® GeForce RTX® GPU, wat het meest geavanceerde platform voor ray tracing en Ai-technologieën is. Deze technologieën veranderen de manier waarop we spelen en creëren revolutionair.
Helder en comfortabel kijken
Bekijk en doe meer met een beeldverhouding van 16:10 en een smalle rand. Kies een IPS-scherm van 14, 15 of 17 inch met 1080p, of ga voor net iets meer met 1440p QHD, alles voorzien van het pakket visuele technologieën van Acer voor dynamische kleur en kijkcomfort.
Vol vertrouwen samenwerken
Geniet van heldere beelden en geluid tijdens videogesprekken dankzij Acer PurifiedView™ en dubbele digitale microfoons met Acer PurifiedVoice™. Slimme oplossingen op basis van AI, ontwikkeld voor jou om in alle vertrouwen samen te werken.
Automatische framing
Zet jezelf in het middelpunt met automatische framing, dat je de best mogelijke weergave biedt. Zo profiteer je van een meeslependere en natuurlijkere ervaring.
Geavanceerde achtergrondonscherpte
Als je je geen zorgen hoeft te maken over wat er achter je gebeurt, presteer je beter. Dankzij geavanceerde achtergrondonscherpte kun je elke afleiding elimineren.
Oogcorrectie
Dankzij de oogcorrectiefunctie op basis van AI wordt je ooghoek automatisch aangepast en kun je het cruciale oogcontact met je meest belangrijke contacten behouden.
Ultieme connectiviteit
Sluit je apparaten aan of laad ze op via een scala aan poortopties. Ze bieden nog meer productiviteit en functionaliteit voor welke taak dan ook.",https://www.laptop.nl/picture/80065515/600/370/HighResolution/LPNL/false,https://www.laptop.nl/product/outlet-acer-aspire-5-a514-56m-599y/80065515/17923
Laptops,Outlet: HP 14-em0535nb - AZERTY,"Ontdek de HP 14-em0535nb laptop, een slanke en krachtige clamshell-laptop die ontworpen is om aan al je behoeften te voldoen. Met zijn indrukwekkende specificaties en draagbare ontwerp is deze laptop perfect voor werk, studie en entertainment, waar je ook bent.
Met een AMD Ryzen™ 7 7730U processor aan boord levert de HP 14-em0535nb laptop snelle en responsieve prestaties, waardoor je moeiteloos kunt multitasken en veeleisende taken kunt uitvoeren. Het 14-inch Full HD-beeldscherm biedt levendige kleuren en scherpe details, zodat je kunt genieten van een meeslepende kijkervaring tijdens het werken, studeren of ontspannen.
Dankzij het 16 GB DDR4-SDRAM intern geheugen en de snelle 512 GB SSD-opslagruimte heb je voldoende ruimte en snelheid om al je bestanden op te slaan en snel toegang te krijgen tot je favoriete apps en programma's. De ingebouwde AMD Radeon Graphics zorgen voor vloeiende beelden en een betere visuele ervaring, of je nu foto's bewerkt, video's bekijkt of lichte gaming speelt.
Met Windows 11 Home als besturingssysteem profiteer je van de nieuwste functies en verbeteringen op het gebied van productiviteit en entertainment. En dankzij het stijlvolle zilveren ontwerp en het lichte gewicht van slechts 1,4 kg is de HP 14-em0535nb laptop gemakkelijk mee te nemen, waar je ook naartoe gaat.
Kortom, de HP 14-em0535nb laptop biedt de perfecte combinatie van prestaties, draagbaarheid en stijl, waardoor het de ideale metgezel is voor iedereen die onderweg productief wil blijven en wil genieten van entertainment.",https://www.laptop.nl/picture/80067538/600/370/HighResolution/LPNL/false,https://www.laptop.nl/product/outlet-hp-14-em0535nb-azerty/80067538/17923
Laptops,Samsung Galaxy Book4 Edge Copilot+ PC - NP960XMA-KB1NL,"Gemakkelijk mee te nemen. Klaar om te gaan
De Galaxy Book4 Edge is ongelofelijk plat en licht en is dus makkelijk overal mee naartoe te nemen. Beschikbaar in twee formaten en dankzij het minimalistische ontwerp eenvoudig mee te nemen in je tas naar je volgende vergadering of op zakenreis.
Nieuwe kleur voor een iconische look
De Galaxy Book4 Edge is beschikbaar in de nieuwe kleur Sapphire Blue. Deze geeft het apparaat een opvallende, verfijnde en unieke uitstraling. De strakke afwerking heeft een metalen glans en creëert een stijlvolle en opvallende look.
De allernieuwste technologie. Het beste van AI
Maak je doelen waar met de razendsnelle AI-gestuurde PC-prestaties. De Galaxy Book4 Edge is uitgerust met de toonaangevende Snapdragon® X Elite processor en een geavanceerde NPU en biedt baanbrekende AI-gestuurde zakelijke en creatieve mogelijkheden.
Vind wat je zoekt met Recall
Gebruik Recall via Copilot in Windows, en doorzoek je PC op een snelle en intuïtieve manier. Omschrijf de details die je je nog kunt herinneren en blader door de snapshots die op het scherm worden weergegeven en vind zo de informatie die je zoekt — , zoals documenten, afbeeldingen, e-mails en zelfs je browsegeschiedenis.
Verbind je telefoon. Ontdek Galaxy AI op je PC
Verbind je smartphone met je PC via Phone Link om recent bezochte websites te bekijken of tot wel 5 mobiele apps op je laptop te openen. Gebruik slimme Galaxy AI-functies zoals Circle to Search met Google, Note Assist en Chat Assist van je Galaxy smartphone en krijg een uitgebreid beeld op het grote scherm van de Galaxy Book4 Edge.
Verbind je workflow van je PC met je telefoon
Met Copilot in Windows heb je toegang tot je telefoon en kun je taken op verschillende apparaten beheren via snelle chatopdrachten. Het werk gaat moeiteloos door. Profiteer daarnaast van slimme communicatiemiddelen. Benader contacten en verstuur moeiteloos berichten vanaf je PC of verbonden telefoon met een simpele chatopdracht.
Snelle toegang tot AI. Geniale assistentie
Het toetsenbord van de Galaxy Book4 Edge is uitgerust met een speciale en gloednieuwe AI-knop. Hiermee kun je Copilot in Windows direct openen en gebruikmaken van slimme features met slechts één druk op de knop. Slimme hulp is dus altijd binnen handbereik.
Schets wanneer de inspiratie toeslaat. Cocreator doet de rest
Maak je volgende meesterwerk met Cocreator. Je hebt alleen maar een goed idee, een ruwe schets en een AI-opdracht nodig en je tekeningen veranderen in ware kunstwerken.
Live Captions. AI-vertalingen in real time
Dankzij Live Captions krijg je nu vertalingen in real time tijdens online meetings en zelfs tijdens het kijken van video's. AI detecteert de taal van de spreker en zet het gesprek slim om in tekst in de door jou gekozen taal.
Kom goed voor de dag met Windows Studio Effect.
Dankzij Windows Studio Effect op de Galaxy Book4 Edge kom je goed voor de dag tijdens videogesprekken. Bepaal hoe je eruitziet op het scherm met AI features zoals Auto Framing, oogcontactcorrectie, lichtverbeteringen, achtergrondeffecten en filters. Zo oog en klink je altijd op je best!
Dynamic AMOLED 2x.
Een schitterende weergave van jouw creaties
Zo meeslepend, je moet het zien om het te geloven. Het display van 14 of 16 inch brengt jouw ideeën tot leven in een hoge resolutie, met levendige kleuren en soepele bewegingen. Ook profiteer je van minder blauw licht voor optimaal oogcomfort.
Genoeg poorten voor al je apparaten
Dankzij de veelzijdige ingebouwde poorten kun je op je Galaxy Book4 Edge 16” moeiteloos en zonder dongel meerdere apparaten aansluiten. Ervaar de razendsnelle gegevensoverdracht van de twee USB 4.0-poorten en sluit gemakkelijk andere apparaten aan met behulp van HDMI 2.1 (ondersteunt 4K bij 60 Hz), USB 3.2 Type-A, microSD-kaart en koptelefoon/microfoon.
Langdurig vermogen met slechts één oplaadsessie
Op het werk of onderweg: het maakt niet uit. De batterij van de Galaxy Book4 Edge 16” heeft voldoende vermogen om maar liefst tot 22 uur video's op af te spelen. Met Super Fast Charging en de meegeleverde oplader laad je je apparaat in slechts 30 minuten tot zelfs 40% op.
Maak foto's met je telefoon en bekijk ze direct op een ander apparaat
Upgrade je videogesprekken van een gewone laptopwebcam naar verbazingwekkende helderheid door je Samsung Galaxy smartphone te gebruiken als verbonden camera. Verbind probleemloos met je Galaxy Book4 Edge, switch tussen front- en backcamera's om de juiste hoek te vinden en geniet van een hoogwaardig beeld met verbeterde video-effecten in video-applicaties.
Buds Auto Switch voor een naadloze ervaring
Je geluid volgt je moeiteloos van het ene naar het andere apparaat wanneer ze zijn gekoppeld met je Galaxy Buds. Als er een gesprek binnenkomt terwijl je op je Galaxy Book4 Edge bezig bent, schakelen je Buds automatisch over naar je telefoon zonder dat je één tel mist. Als je klaar bent, kun je verder genieten van de heldere LE Audio op je laptop.
Quick Share. Bestanden overzetten in een handomdraai
Met Quick Share kun je grote bestanden, presentaties en afgerond werk razendsnel uitwisselen tussen Samsung Galaxy apparaten via directe draadloze koppeling. Als je iets vertrouwelijks moet delen, beschermt de functie private sharing je gevoelige gegevens door deze te versleutelen met blockchaintechnologie.
Samsung Knox. Beveiliging van topniveau.
Samsung Knox helpt bij de totale beveiliging van jouw systeem. Jouw apparaat is van binnenuit beschermd tegen kwaadaardige aanvallen en inbreuken, zodat jij je minder zorgen hoeft te maken.
Touchscreen. Je hoeft alleen maar te tikken
Werken en navigeren was nog nooit zo eenvoudig als met het intuïtieve touchscreen van de Galaxy Book4 Edge. Beheer je projecten met responsieve multi-touch gebaren, bewerk content en zet de puntjes op de i, rechtstreeks op het scherm.
Genoeg poorten voor al je apparaten
Dankzij de veelzijdige ingebouwde poorten kun je op je Galaxy Book4 Edge 14” moeiteloos en zonder dongel meerdere apparaten aansluiten. Ervaar de razendsnelle gegevensoverdracht van de twee USB 4.0-poorten en sluit gemakkelijk andere apparaten aan met behulp van HDMI 2.1 (ondersteunt 4K bij 60 Hz) en koptelefoon/microfoon.",https://www.laptop.nl/picture/21636849/600/370/HighResolution/LPNL/false,https://www.laptop.nl/product/samsung-galaxy-book4-edge-copilot-pc-np960xma-kb1nl/21636849/17923
Laptops,Acer Aspire 3 A317-54-5986,"Je kunt direct aan de slag met de Aspire 3 dankzij de nieuwste 12e generatie Intel® Core™ processoren1, geoptimaliseerd voor multitasking en productiviteit. Met gebruiksgemak aan de basis staat deze gezinsvriendelijke laptop altijd voor je klaar.
Meteen klaar voor gebruik
Je kunt direct aan de slag met de nieuwste 12e generatie Intel® Core™ processoren1 met Iris® Xe grafische kaart – voor prestaties en productiviteit voor het hele gezin. Ideaal als je optimaal wilt kunnen werken, studeren of gamen.
Verbeterde thermiek
Het 78% grotere ventilatoroppervlak verbetert het thermische systeem en vergroot de thermische capaciteit met 17%3. Zo kun je langer en efficiënter werken zonder het stopcontact nodig te hebben4.
Doelgericht ontwerp
Dankzij de slanke metalen cover, die verkrijgbaar is nieuwe, levendige kleuren1, is de Aspire 3 met zijn 1,6 kg1 en 18,9 mm1 lichter en dunner dan ooit tevoren. Daarbij zorgt de lange batterijduur dat gebruikers meer gedaan krijgen tussen oplaadbeurten.
Het scherm
Het 1080p FHD1-scherm garandeert een scherp en gedetailleerd beeld dat perfect is voor internetten en videostreamen. Bovendien vermindert Acer BlueLightShield™ daarbij de blootstelling aan blauw licht.
Ultieme connectiviteit
Sluit je nieuwste apparaten aan of laad ze op via de multifunctionele USB Type-C-poort. WiFi 6E1,2 en HDMI 2.1 bieden daarbij nog meer productiviteit en functionaliteit voor het hele gezin.",https://www.laptop.nl/picture/21408744/600/370/HighResolution/LPNL/false,https://www.laptop.nl/product/acer-aspire-3-a317-54-5986/21408744/17923
Laptops,Outlet: HP ProBook 455 G10 - A3DA3ES#ABH,"Ontdek de veelzijdigheid en kracht van de HP ProBook 455 G10, een geavanceerde laptop ontworpen om te voldoen aan de behoeften van moderne gebruikers. Met zijn clamshell-vormfactor biedt dit apparaat een gestroomlijnd ontwerp dat perfect is voor dagelijks gebruik.
Aangedreven door een AMD Ryzen™ 7-processor, specifiek de 7730U, biedt de HP ProBook 455 G10 voldoende rekenkracht om moeiteloos te multitasken en veeleisende taken uit te voeren. Het 39,6 cm (15,6"") Full HD-scherm met een resolutie van 1920 x 1080 pixels levert heldere en scherpe beelden voor een indrukwekkende kijkervaring.
Met 16 GB DDR4-SDRAM intern geheugen en een royale 512 GB SSD-opslag biedt deze laptop de perfecte combinatie van responsiviteit en opslagcapaciteit voor al je behoeften. De AMD Radeon Graphics zorgen voor vloeiende grafische prestaties, ideaal voor zowel werk als entertainment.
De HP ProBook 455 G10 wordt geleverd met het Windows 11 Home-besturingssysteem, waardoor je kunt genieten van een intuïtieve gebruikerservaring en krachtige functies. Met zijn verfijnde zilveren afwerking straalt dit apparaat professionaliteit en stijl uit, waardoor het een ideale keuze is voor thuisgebruik en zakelijke omgevingen.",https://www.laptop.nl/picture/80068575/600/370/HighResolution/LPNL/false,https://www.laptop.nl/product/outlet-hp-probook-455-g10-a3da3es-abh/80068575/17923
Laptops,ASUS VivoBook S 15 OLED M5506NA-MA056W,"Ervaar krachtige prestaties en een stijlvol ontwerp met de ASUS VivoBook M5506NA-MA056W, een veelzijdige laptop die ideaal is voor zowel werk als entertainment.
Krachtige AMD Ryzen™ 5-processor:
Uitgerust met de AMD Ryzen™ 5 7535H-processor biedt deze laptop betrouwbare en snelle prestaties, ideaal voor multitasking, productiviteit en lichte gaming.
Haarscherp 3K-beeldscherm:
De 15.6-inch display met een indrukwekkende 3K-resolutie van 2880 x 1620 pixels levert kristalheldere beelden en levendige kleuren. Of je nu werkt aan grafische projecten, video's bekijkt of games speelt, dit scherm zorgt voor een meeslepende visuele ervaring.
Ruim intern geheugen:
Met 16 GB LPDDR5-SDRAM is de ASUS VivoBook M5506NA-MA056W perfect uitgerust voor soepel multitasken en snelle toegang tot applicaties, zodat je efficiënter kunt werken.
Grote opslagcapaciteit:
De laptop beschikt over een 1 TB SSD, die niet alleen zorgt voor snelle opstarttijden en laadsnelheden, maar ook voldoende ruimte biedt voor al je bestanden, documenten, foto's en video's.
Geavanceerde grafische prestaties:
De geïntegreerde AMD Radeon 660M grafische adapter levert uitstekende grafische prestaties voor dagelijks gebruik, zoals het bekijken van video's, lichte gaming en grafisch werk.
Modern besturingssysteem:
De ASUS VivoBook M5506NA-MA056W wordt geleverd met Windows 11 Home, wat een gebruiksvriendelijke interface en de nieuwste functies biedt voor een verbeterde en veilige computerervaring.
Elegant en draagbaar ontwerp:
Met een strak zilverkleurig ontwerp en een draagbaar formaat combineert deze laptop stijl en functionaliteit, waardoor hij perfect is voor onderweg of thuis.
Kies voor de ASUS VivoBook M5506NA-MA056W en geniet van de perfecte balans tussen kracht, prestaties en elegantie. Of je nu werkt, studeert of ontspant, deze laptop biedt de veelzijdigheid en betrouwbaarheid die je nodig hebt.",https://www.laptop.nl/picture/80066109/600/370/HighResolution/LPNL/false,https://www.laptop.nl/product/asus-vivobook-s-15-oled-m5506na-ma056w/80066109/17923
Laptops,"Apple MacBook Air (2024) 13.6"" - M3 - 24 GB - 512 GB - Middernacht","Strak. Sterk. Nu met M3.
Met MacBook Air kun je werken en gamen naar hartenlust – en de M3-chip geeft de populairste laptop ter wereld nog meer kracht en mogelijkheden. Bovendien gaat de batterij tot wel 18 uur mee,2 dus je neemt de superhandzame MacBook Air makkelijk overal mee naartoe voor alles wat je het liefste doet.
Gemaakt om verder te komen.
MacBook Air is superlicht en ultradun. Zo kun je ’m makkelijk elke dag gebruiken en is hij ook nog beter voor de planeet. MacBook Air met M3 bestaat voor 50 procent uit gerecyclede materialen – een primeur voor Apple. En alle MacBook Air-laptops hebben een stevige behuizing van gerecycled aluminium.
Twee perfect handzame formaten. Het 13-inch model is de ultieme laptop voor onderweg, en op het grotere scherm van het 15-inch model heb je meer ruimte om te multitasken.
Vier oogstrelende kleuren. Je kunt kiezen uit vier buitenaards mooie uitvoeringen, elk met een bijpassende MagSafe-oplaadkabel.
Prestaties en batterijduur
Propvol power.
Van zodra je je MacBook Air openklapt, is hij overal klaar voor. En dankzij het design zonder ventilator hoor je ’m ook bij de zwaarste workloads niet. Of je nu multitaskt met meerdere apps, video’s bewerkt in iMovie of Baldur’s Gate 3 speelt in de gamemodus, de M3-chip laat alles nog sneller en vloeiender gaan.
De ongekende AI-prestaties van de Neural Engine van MacBook Air met de M3-chip maken intelligente macOS-features mogelijk die je productiviteit en creativiteit verhogen. Denk aan krachtige camera­features, een realtime dicteer­functie en manieren om alles duidelijker te verbeelden.
Dankzij het brede ecosysteem van apps kun je geavanceerde AI-features gebruiken op je MacBook Air. Kijk je huiswerk na met AI-wiskunde­hulp in Goodnotes, verbeter automatisch je foto’s in Pixelmator Pro, of verwijder het achtergrondgeluid van een video met CapCut.
Batterij voor een hele dag. De batterij van zowel MacBook Air met M2 als MacBook Air met M3 gaat tot 18 uur mee, dus laat de oplader gerust thuis.2
MacBook Air is gemaakt voor Apple Intelligence,1 waarmee je jezelf makkelijk uitdrukt en alles moeiteloos voor elkaar krijgt. Dankzij baan­brekende privacy­bescherming kun je erop vertrouwen dat alleen jij bij je gegevens kan en niemand anders. Zelfs Apple niet.
Een MacBook Air voor iedereen.
Nieuw bij Mac?
Hou je van iPhone, dan hou je van Mac. Met een Mac kun je net zo makkelijk overweg als met een iPhone. Tekst op je telefoon naar je Mac kopiëren, met vrienden chatten in Berichten of devices opsporen met ‘Zoek mijn’? Als je Mac met iPhone gebruikt, werken ze naadloos samen.
Instellen is een eitje. Het overzetten van je bestanden en apps van je oude pc of Mac is heel simpel en zo gedaan met Migratie-assistent. En mocht je daar toch hulp bij nodig hebben, dan staat Apple Support altijd voor je klaar met een online chat, telefoontje of afspraak in de Store.
Overal toegang tot je bestanden met iCloud. Met iCloud kun je al je foto’s, contacten en bestanden op een centrale locatie bewaren, zodat je er vanaf al je devices bij kunt. Maak een taken­lijst op je iPhone en vink ’m af op je MacBook Air. En zo kan er nog veel meer.
Krachtige apps zijn standaard. Mac bevat standaard al apps als FaceTime, Freeform, Foto’s en Keynote. Je kunt dus meteen met al je creatieve ideeën aan de slag, alleen of samen met anderen.
Mac gaat lang mee. Mac-laptops hebben een behuizing van stevig gerecycled aluminium en kunnen dus heel wat hebben. En gratis macOS-updates zorgen ervoor dat alles de komende jaren soepel blijft draaien en goed is beveiligd.
Yep, Mac kan dat. En dat geldt niet alleen voor MacBook Air. Ook alle andere Macs zijn net zo makkelijk, krachtig en ongelofelijk.
Display, camera en audio
Schitterend. Helder.
Het Liquid Retina-display van MacBook Air is een lust voor het oog. Het kan 1 miljard kleuren weergeven en heeft een tot 2x zo hoge resolutie als vergelijkbare pc-laptops. Dankzij het grote contrast en de duidelijke details spatten foto’s en video’s van het scherm, en de haarscherpe tekst is makkelijk leesbaar.
HD-camera. Dankzij de 1080p FaceTime HD-camera kom je goed voor de dag, of je nu gezellig bijpraat met je vrienden of een zakelijk gesprek voert met je collega’s waar ook ter wereld.
Indrukwekkend geluidssysteem. De speakers van MacBook Air zijn geschikt voor ruimtelijke audio en Dolby Atmos, wat een oase van driedimensionaal geluid oplevert als je naar muziek luistert of een film kijkt.
Poorten en connectiviteit
Aansluitingen vol in beeld.
De MagSafe-oplaadkabel bevat magneten waarmee je hem makkelijk vastmaakt en weer losmaakt. Je hoeft dus niet bang te zijn dat je MacBook Air opeens door de lucht vliegt. Via de twee Thunderbolt-poorten kun je professionele accessoires aansluiten en je Mac opladen. En de mini-jack-aansluiting ondersteunt koptelefoons met hoge impedantie. Met het M3-model heb je toegang tot wifi 6E, goed voor tot 2x de overdrachts­snelheid van wifi 6.
Magic Keyboard met Touch ID
Ontgrendel alles met alleen je vinger.
Het stille Magic Keyboard typt heel prettig en is voorzien van achtergrond­verlichting, een rij functietoetsen van volledige hoogte en Touch ID. Daardoor kun je met alleen je vingerafdruk snel, makkelijk en veilig je Mac ontgrendelen en bij apps en websites inloggen.",https://www.laptop.nl/picture/21670694/600/370/HighResolution/LPNL/false,https://www.laptop.nl/product/apple-macbook-air-2024-13-6-m3-24-gb-512-gb-middernacht/21670694/17923
Laptops,"Apple MacBook Air (2025) 15"" - M4 - 24 GB - 512 GB - Zilver","Zo snel kan licht zijn.
MacBook Air is de populairste laptop ter wereld. Om vele redenen. Zo gaat de batterij tot 18 uur mee. Levert de M4-chip ongekend snelle prestaties voor werk en privé. Is de laptop gemaakt voor Apple Intelligence om allerlei dingen moeiteloos voor elkaar te krijgen. En is er nu de prachtige nieuwe kleur hemelsblauw. Met de supercompacte MacBook Air kun je alles aan, waar je ook bent.
Desgin
Gaat overal met je mee.
MacBook Air is opvallend licht en maar iets meer dan een centimeter dun. Zo past de laptop perfect in je drukke leven. En in je tas. MacBook Air met M4 bestaat voor meer dan 50 procent uit gerecyclede materialen en heeft een stevige behuizing van gerecycled aluminium.
Twee perfect compacte formaten. Het 13-inch model is de ultieme laptop voor onderweg. Op het grotere scherm van het 15-inch model heb je nog meer ruimte om te multi­tasken.
Er hangt een nieuwe kleur in de lucht. Met vier prachtige kleuren, waaronder het nieuwe hemelsblauw, is iedereen in de wolken. En bij elke MacBook Air zit een MagSafe-oplaadkabel in de bijpassende kleur.
Prestaties en batterij­duur
M4. Met stip de snelste chip.
Megasnel multi­tasken. Op MacBook Air met M4 gaat alles nog sneller en vloeiender. Of je nu schakelt tussen meerdere apps en tabbladen, video’s bewerkt of games als Sid Meier’s Civilization® VII speelt. En dat allemaal in een geruisloos design zonder ventilator.
Neural Engine. De turbo voor AI. Dankzij de snellere Neural Engine in de M4-chip zit MacBook Air vol krachtige AI-mogelijkheden, waardoor alles wat je doet nog beter gaat. Zo houdt je camera je automatisch midden in beeld, kun je AI-afbeeldingen verbeteren en moeiteloos met de nieuwste LLM’s werken. Kortom, een enorme boost voor je productiviteit en creativiteit.
Batterij waar je verder mee komt. MacBook Air heeft een batterij die tot 18 uur meegaat. En die snelladen ondersteunt: tot wel 50% in 30 minuten.6 Je kunt dus gewoon blijven doorwerken, zonder dat je je zorgen hoeft te maken over je batterij.
Mac + iPhone
Een dreamteam.
Hou je van iPhone, dan hou je van Mac. Met een Mac kun je net zo makkelijk overweg als met een iPhone. Tekst van je iPhone naar je Mac kopiëren of devices opsporen met Zoek Mijn? Je Mac en je iPhone vormen een geweldig team.
Gemaakt voor Apple Intelligence.
Meer doen. Minder moeite.
Apple Intelligence is ingebouwd in je Mac. Het systeem baseert zich op je persoonlijke context en helpt je met schrijven, jezelf uitdrukken en dingen moeiteloos voor elkaar krijgen.
Maximale power. Optimale privacy.
Apple Intelligence beschermt je privacy op alle fronten. Het systeem is geïntegreerd in het hart van je Mac, en gegevens worden op het device zelf verwerkt. Hoewel het zich bewust is van je persoonlijke gegevens, worden die gegevens niet verzameld.
En dankzij het baan­brekende Private Cloud Compute kan Apple Intelligence gebruik­maken van grotere server-based modellen die draaien op Apple silicon. Zo kunnen complexere verzoeken voor je worden afgehandeld zonder dat je privacy in het gedrang komt.
Display
Schitterend van alle kanten.
Het Liquid Retina-display van MacBook Air kan 1 miljard kleuren weergeven en heeft een tot 2x zo hoge resolutie als vergelijkbare pc-laptops. Dankzij het grote contrast en de duidelijke details spatten foto’s en video’s van het scherm, en is tekst haarscherp.
Camera en audio
Beweegt met je mee.
Middelpunt. Blijf in beeld tijdens videogesprekken. Ook als je beweegt of als er mensen naast je komen zitten.
Bureauweergave. Laat je bureau van bovenaf zien terwijl je zelf ook in beeld blijft. Ideaal als je bijvoorbeeld online lesgeeft of je nieuwste project wilt laten zien.
Drie microfoons. Met MacBook Air is je stem tijdens audio- en video­gesprekken goed te horen, terwijl achter­grond­geluiden zoveel mogelijk worden gedempt.
Indruk­wekkend geluidssysteem. De speakers van MacBook Air zijn geschikt voor Ruimtelijke Audio en Dolby Atmos, wat een oase van drie­dimensionaal geluid oplevert als je naar muziek luistert of een film kijkt.
Poorten en connectiviteit
Maak goede connecties.
De MagSafe-oplaadkabel klikt magnetisch vast en weer los. Je hoeft dus niet bang te zijn dat je MacBook Air opeens door de lucht vliegt. Via de twee Thunderbolt 4-poorten kun je professionele accessoires aansluiten en je Mac opladen. De mini-jack-aansluiting ondersteunt koptelefoons met hoge impedantie. En wifi 6E heeft een tot twee keer zo hoge overdrachts­snelheid als wifi 6.
Maak van MacBook Air je ideale werkplek door er tot twee externe displays op aan te sluiten. Met al die extra ruimte kun je eenvoudig in meerdere documenten of apps tegelijk werken.
Beveiliging
Bewaak het fort met één vinger.
Het Magic Keyboard is voorzien van achter­grond­verlichting, een rij functie­toetsen van volledige hoogte en Touch ID, waarmee je snel, makkelijk en veilig je Mac ontgrendelt, inlogt bij apps en websites en online betalingen goedkeurt, met alleen je vinger­afdruk.",https://www.laptop.nl/picture/21770597/600/370/HighResolution/LPNL/false,https://www.laptop.nl/product/apple-macbook-air-2025-15-m4-24-gb-512-gb-zilver/21770597/17923
Laptops,MSI Cyborg 15 A13VE-693NL,"CYBER-UP!
De nieuwe fase van evolutie is hier: duik in de wereld van games in cyberpunk-stijl, laat je sci-fi stijl zien en versla je tegenstander met revolutionaire hardware. De Cyborg 15 A13U heeft een futuristisch, mechanisch uiterlijk en is gemaakt om de meest baanbrekende, geavanceerde gaming-laptop te worden.
DOORZICHTIG ONTWERP
Door de doorschijnende delen op het toetsenbord en chassis kun je door delen van de binnenkant kijken. Met cybernetische afwerking van boven tot onder, geeft de Cyborg 15 A13U een nieuwe kijk op wat de toekomst inhoudt.
DUNNE EN LICHTE BEHUIZING
Met een gewicht van 1,98 kg en een dikte van 21,95 mm is de Cyborg 15 A13U perfect voor gaming onderweg. De integratie van aluminium materiaal op de cover zorgt voor een glad, hoogwaardig gevoel bij de eerste aanraking en houdt de Cyborg licht.
NAAR DE VOLGENDE GENERATIE TOT INTEL® CORE™ i7-13620H PROCESSOR
De 13e generatie Intel® Core™ i7-processor is hier. Met een verbeterde hybride core-architectuur bestaande uit 6 Performance-cores en 4 Efficient-cores. Deze krachtpatser heeft in totaal 10 cores en is nu 15% sneller dan de vorige versie, waardoor hij superieure prestaties levert bij multitasking en zelfs de meest veeleisende games.
GEFORCE RTX 30-SERIE LAPTOPS DE ULTIEME GAME
NVIDIA® GeForce RTX™ 30-serie laptop GPU's zijn de kracht achter 's werelds snelste laptops voor gamers en ontwerpers. Ze zijn gebouwd met Ampere-NVIDIA's 2e generatie RTX-architectuur voor de meest realistische ray-traced graphics en geavanceerde AI-functies zoals NVIDIA DLSS. Bovendien ontketenen Max-Q technologieën de kracht van AI om dunne, krachtige laptops te maken die sneller en beter zijn dan ooit.
VLOEIENDE, SLANKE BEWEGINGEN
Leg elke beweging vast met het scherpe en vloeiende 144Hz IPS-beeldscherm.
NEXT-GEN KOELING VOOR NEXT-GEN GAMING
Nieuw CPU & GPU Shared-Pipe ontwerp zorgt voor real-time warmteafvoer balancering tussen CPU & GPU voor verbeterde efficiëntie. In combinatie met het exclusieve thermische pasta van MSI zorgt dit voor maximale prestaties tijdens extreme gaming.
IO-POORTEN
DC-ingang
RJ45
HDMI™ (4K@60Hz)
USB 3.2 Gen1 Type-C / DP
USB 3.2 Gen1 Type-A*2
Audio Combo-aansluiting
Kensington slot",https://www.laptop.nl/picture/80068389/600/370/HighResolution/LPNL/false,https://www.laptop.nl/product/msi-cyborg-15-a13ve-693nl/80068389/17923
Laptops,Lenovo Yoga Pro 7 - 83AU0048MH,"Ontdek de perfectie van design en prestaties met de Lenovo Yoga Pro 7 notebook. Deze clamshell-laptop combineert kracht, flexibiliteit en stijl in één indrukwekkend apparaat. Of je nu werkt, creëert of ontspant, de Lenovo Yoga Pro 7 levert de prestaties die je nodig hebt en past zich aan jouw behoeften aan.
De Lenovo Yoga Pro 7 notebook is uitgerust met een krachtige AMD Ryzen™ 7-processor, specifiek de 7735HS, met een frequentie van 3,2 GHz. Deze processor biedt ongeëvenaarde snelheid en vlotte multitasking-mogelijkheden. Werk efficiënt, bewerk foto's en video's zonder enige vertraging en geniet van een vlotte gebruikerservaring.
Het 14.5"" 2.5K-beeldscherm biedt een adembenemende kijkervaring met een resolutie van 2560 x 1600 pixels. Geniet van scherpe details, levendige kleuren en een helder beeld bij het bekijken van films, foto's of het werken aan grafische projecten. Het compacte formaat maakt de Lenovo Yoga Pro 7 perfect draagbaar, terwijl het scherm toch voldoende ruimte biedt om comfortabel te werken.
Met 16 GB intern geheugen kun je moeiteloos multitasken en veeleisende taken uitvoeren. Schakel naadloos tussen verschillende programma's en geniet van een responsieve gebruikerservaring zonder enige vertraging. Of je nu bezig bent met intensieve werkzaamheden, grafisch ontwerp of multitasking, de Lenovo Yoga Pro 7 kan het aan.
De totale opslagcapaciteit van 512 GB SSD biedt voldoende ruimte om al je bestanden, documenten en multimedia op te slaan. Profiteer van snelle toegang tot je gegevens en bestanden, en geniet van snel opstarten en vlotte prestaties dankzij de SSD-opslag.
De AMD Radeon 680M geïntegreerde grafische kaart zorgt voor een verbluffende visuele weergave en heldere graphics. Geniet van vloeiende beelden en een meeslepende kijkervaring bij het bekijken van video's, het bewerken van foto's of het spelen van lichte games.
De Lenovo Yoga Pro 7 wordt geleverd met Windows 11 Home, het nieuwste besturingssysteem van Microsoft. Profiteer van de nieuwste functies, verbeterde beveiliging en naadloze integratie met andere apparaten en services. Met Windows 11 Home ben je altijd up-to-date en klaar voor de toekomst.
Met zijn stijlvolle grijze kleur straalt de Lenovo Yoga Pro 7 elegantie en moderniteit uit. Het hoogwaardige ontwerp is perfect afgewerkt en zorgt voor een verfijnde uitstraling. Deze notebook is een combinatie van schoonheid en functionaliteit.
Kortom, de Lenovo Yoga Pro 7 notebook biedt kracht, prestaties en flexibiliteit in een stijlvol ontwerp. Met zijn indrukwekkende specificaties en betrouwbaarheid is deze laptop perfect geschikt voor zowel werk als ontspanning. Ervaar zelf de veelzijdigheid en kracht van de Lenovo Yoga Pro 7 en ontdek waarom het de ideale metgezel is voor jouw dagelijkse leven.",https://www.laptop.nl/picture/80064065/600/370/HighResolution/LPNL/false,https://www.laptop.nl/product/lenovo-yoga-pro-7-83au0048mh/80064065/17923
Laptops,Outlet: HP ZBook Power 15.6 G10 - 5G3U9ES#ABH,"Ontdek de ongeëvenaarde kracht en mobiliteit van het HP ZBook Power 15.6 G10 A mobiele werkstation, ontworpen om te voldoen aan de meest veeleisende taken, waar je ook bent. Met zijn clamshell-vormfactor biedt dit apparaat een perfecte combinatie van draagbaarheid en prestaties, waardoor het ideaal is voor professionals die onderweg zijn.
Uitgerust met een AMD Ryzen™ 7-processor, specifiek de 7840HS, levert het HP ZBook Power 15.6 G10 A werkstation indrukwekkende prestaties, zelfs bij zware workloads. Het 39,6 cm (15.6"") Full HD beeldscherm met een resolutie van 1920 x 1080 pixels biedt een levendige en nauwkeurige weergave, waardoor je kunt genieten van een meeslepende gebruikerservaring.
Met 16 GB DDR5-SDRAM intern geheugen en een ruime 512 GB SSD-opslag biedt dit werkstation de perfecte combinatie van snelheid en opslagcapaciteit voor al je professionele behoeften. Het HP ZBook Power 15.6 G10 A wordt geleverd met het krachtige Windows 11 Pro-besturingssysteem, waardoor je kunt profiteren van geavanceerde beveiligingsfuncties en productiviteitstools.
Met zijn verfijnde grijze afwerking straalt dit werkstation professionaliteit en stijl uit, waardoor het een ideale metgezel is voor elke zakelijke omgeving.",https://www.laptop.nl/picture/80068536/600/370/HighResolution/LPNL/false,https://www.laptop.nl/product/outlet-hp-zbook-power-15-6-g10-5g3u9es-abh/80068536/17923
Laptops,ASUS TUF Gaming A17 FA707NVR-HX013W,"Gemechaniseerd uithoudingsvermogen. Briljant in de strijd.
GLOEDNIEUW ONTWERP
De behuizing is opnieuw ontworpen voor 2023 en is nu 4,5% kleiner dan het vorige ontwerp. De twee kleurenopties hebben elk een andere plek voor het logo, waarbij de Jaeger Gray-editie een groot laservervaardigd ontwerp heeft en de Mecha Gray-editie pronkt met een reliëflogo op de klep. De vierwegindicatoren zijn zelfs zichtbaar als de clamshell gesloten is en het touchpad heeft een mecha-geïnspireerd TUF-logo in de hoek.",https://www.laptop.nl/picture/80067839/600/370/HighResolution/LPNL/false,https://www.laptop.nl/product/asus-tuf-gaming-a17-fa707nvr-hx013w/80067839/17923
Laptops,Outlet: Lenovo IdeaPad Slim 5 - 83BF0062MH,"De slimme keuze voor mobiliteit
- Slimme, dunne, lichte 14-inch laptop van militaire kwaliteit
- Met Intel® Core™-processor van de 13e generatie
- Realtime systeemrespons via Lenovo AI Engine
- Optionele vingerafdruklezer en hybride FHD-infraroodcamera
- Verbeterde functies om tijd te besparen en je gegevens te beveiligen
- Keuze uit een WUXGA- of 2,2K-beeldscherm, Dolby Audio™-gecertificeerd",https://www.laptop.nl/picture/80069006/600/370/HighResolution/LPNL/false,https://www.laptop.nl/product/outlet-lenovo-ideapad-slim-5-83bf0062mh/80069006/17923
Laptops,Outlet: Samsung Galaxy Book3 Pro - NP960XFG-KA1NL,"Productiviteit, altijd en overal
Een processor die van wanten weet
Met de nieuwste 13th Gen Intel® Core™ processor en de krachtige multi-core prestaties vink je razendsnel taken van jouw lijstje.
Jouw werk op groot scherm
Laat je meeslepen door de heldere 3K-resolutie (2880x1800) en de supersoepele 120 Hz en geniet van een filmische en naadloze kijkervaring. Ieder detail komt tot leven op het scherm van 14 of 16 inch.
Lichtgewicht zodat je overal kunt werken
Deze laptop is een echte krachtpatser en dankzij de compacte aluminium behuizing past hij makkelijk in een aktetas. Met een gewicht van iets minder dan 1,6 kg neem je hem eenvoudig overal mee naartoe. Verkrijgbaar in de kleuren Graphite en Beige.
*De beschikbaarheid van de dikte, het gewicht en de kleur verschilt per model, uitvoering en land.**Gesimuleerde schermafbeelding voor illustratieve doeleinden.
Meer touchpad. Meer mogelijkheden
Dankzij de uitgebreide touchpad en de vele ingebouwde poorten, ben je verzekerd van talrijke mogelijkheden: een HDMI-, USB-A-, microSD- en zelfs twee Thunderbolt 4-poorten voor razendsnelle bestandsoverdrachten van 40 Gbps. Geen dongel nodig.
*Het formaat van de touchpad van het 14 inch-model is vergeleken met de Galaxy Book2 Pro van 13,3 inch. Het 16 inch-model is vergeleken met de Galaxy Book2 Pro 360van 15,6 inch.
De batterij gaat de hele dag mee
Je kunt ongestoord doorwerken aan je projecten dankzij de batterij die lang meegaat. Bovendien kun je hem in een handomdraai opladen terwijl jij even koffiepauze neemt. De lichte en compacte oplader werkt zelfs met je andere Galaxy-toestellen.
Pauze klinkt goed
Van project tot gamewedstrijd: niets ontgaat je met de diepte en helderheid van het quad-speaker-systeem op de Galaxy Book3 Pro. De vier meeslepende speakers zijn afgestemd met AKG en Dolby Atmos, dus iedere overwinning klinkt beter dan ooit tevoren.
*Gesimuleerde schermafbeelding voor illustratieve doeleinden.
Kom goed voor de dag tijdens ieder gesprek met Studio Mode
Slimme features - van verbeterde AI-ruisonderdrukking tot Auto Framing en achtergrondeffecten. - Tel daar de Wide-angle camera en dubbele microfoons bij op en je weet zeker dat je goed voor de dag komt tijdens ieder videogesprek.
Veilig, waar je ook bent
Bescherm je gegevens met Secured-Core PC. De uitgebreide beveiligingslagen beschermen de hardware, de firmware en het besturingssysteem tegen aanvallen. Beveilig je gebruikersnamen en biometrische gegevens, zodat je overal veilig kunt werken.
*Secured-core pc's vereisen een specifieke configuratie om het hoogste beveiligingsniveau tijdens aanvallen mogelijk te maken. **Het gebruik van Windows Hello vereist speciale hardware, inclusief een vingerafdruklezer, verlichte IR-sensor of andere biometrische sensoren en geschikte apparaten.
Netwerken was nog nooit zo eenvoudig
Deel projectupdates of neem deel aan een online gesprek met de supersnelle verbinding van Wi-Fi 6E, of verbind eenvoudig met je telefoon via Instant Hotspot om van het datanetwerk gebruik te maken.
* De beschikbaarheid van Wi-Fi 6E kan variëren afhankelijk van de versie van het besturingssysteem, het land, de locatie, de netwerkomstandigheden en andere factoren.",https://www.laptop.nl/picture/80065811/600/370/HighResolution/LPNL/false,https://www.laptop.nl/product/outlet-samsung-galaxy-book3-pro-np960xfg-ka1nl/80065811/17923
Laptops,Outlet: HP OmniBook Ultra 14-fh0030nd Copilot+ PC,"HP OmniBook Ultra Flip Next Gen AI-pc: AI-ondersteunde creativiteit
Profiteer van de kracht, mobiliteit en stijl van de HP OmniBook Ultra Flip Next Gen AI-pc. Breng je creaties tot leven met de nieuwste Intel® Core™ Ultra-processor
[1]
met AI-ondersteuning. Doe meer in minder tijd met een pc met goed beschermde AI-tools en een langere batterijduur
[2]
en profiteer van HP Wolf Security-functies voor particulieren.",https://www.laptop.nl/picture/80067738/600/370/HighResolution/LPNL/false,https://www.laptop.nl/product/outlet-hp-omnibook-ultra-14-fh0030nd-copilot-pc/80067738/17923
Laptops,MSI Katana 15 B13VFK-1810NL,"Verscherp je spel
Het zwaard is zojuist verbeterd. De Katana 15 B13V is speciaal ontworpen voor liefhebbers van RPG-games en beschikt nu over de nieuwste hardware! Pak hem op en word een legendarische betoverde ridder. Vecht en overwin obstakels in de wereld van games met epische capaciteiten!
DE VOLGENDE GENERATIE
Tot Intel® Core™ i7-13620H Processor
De 13e generatie Intel® Core™ i7-13620H processor is hier. Met verbeterde hybride core-architectuur bestaande uit 6 Performance-cores en 4 Efficient-cores, voor betere multitasking-werkzaamheden en het spelen van veeleisende games.
GEFORCE RTX 40-SERIE LAPTOPS
MEER DAN SNEL
NVIDIA® GeForce RTX™ 40 Series GPU's zijn ongekend snel voor gamers en ontwerpers. Ze worden aangedreven door de ultra-efficiënte NVIDIA Ada Lovelace-architectuur die een kwantumsprong in zowel prestaties als AI-aangedreven graphics levert. Ervaar levensechte virtuele werelden met ray tracing en ultrahoge FPS-gaming met de laagste latency. Ontdek revolutionaire nieuwe manieren om te creëren en ongekende workflow-versnelling.
DISCRETE GRAFISCHE MODUS (MUX-ONTWERP) HERLEIDT HET VERMOGEN IN EEN OOGWENK
Kies tussen ""Discrete Graphics Mode"" of ""MSHybrid Graphics Mode"" (NVIDIA Optimus), de schakelbare grafische technologie biedt krachtige gaming prestaties en efficiëntie met een enkele klik.
BLIKSEMSNELLE EN VLOEIENDE WEERGAVE
Het 144Hz IPS-scherm brengt je opvallende beelden en een soepele verversingssnelheid zodat je nooit iets mist.
VERNIEUWDE KOELING VOOR NEXT-GEN GAMING
Speciale koeling voor zowel de CPU als de GPU met maximaal 2 ventilatoren en 6 heat pipes. Het nieuwe CPU & GPU Shared-Pipe ontwerp zorgt voor balans in de warmteafvoer tussen CPU & GPU voor verbeterde efficiëntie. In combinatie met MSI exclusieve thermal grease, zorgen we voor maximale prestaties onder extreme gaming.
VOLLEDIGE IO-POORTEN
- RJ45
- HDMI™ (8K@60Hz / 4K@120Hz)
- USB 3.2 Gen1 Type-C / DP
- USB 3.2 Gen1 Type-A
- Audio Combo Jack
- DC in
- USB 3.2 Gen1 Type-A
- USB 2.0 Type-A",https://www.laptop.nl/picture/21561099/600/370/HighResolution/LPNL/false,https://www.laptop.nl/product/msi-katana-15-b13vfk-1810nl/21561099/17923
Laptops,HP Pavilion x360 14-ek0512nd,"Ontdek de veelzijdigheid en kracht van de HP Pavilion x360 14-ek0512nd. Dit hybride (2-in-1) apparaat, met zijn convertibele (Map) vormfactor, biedt een naadloze overgang tussen laptop- en tabletmodus, waardoor je flexibel kunt werken en spelen.
Met een Intel® Core™ i3-1215U processorfamilie aan boord, levert deze Pavilion indrukwekkende prestaties voor dagelijkse taken. Of je nu werkt, surft op het web of media consumeert, deze processor staat garant voor een soepele ervaring.
Geniet van je content op het levendige 35,6 cm (14"") Full HD touchscreen display met een verbluffende resolutie van 1920 x 1080 pixels. Of het nu gaat om het bekijken van films, het bewerken van foto's of het maken van aantekeningen, elk detail komt tot leven op dit scherm.
Met 8 GB DDR4-SDRAM intern geheugen biedt deze laptop voldoende multitaskingkracht, zodat je moeiteloos tussen verschillende apps kunt schakelen zonder vertraging. En met een royale opslagcapaciteit van 512 GB SSD heb je genoeg ruimte voor al je bestanden, van documenten tot multimedia.
De Intel® UHD Graphics zorgen voor vloeiende grafische prestaties, of je nu grafisch intensieve games speelt of multimedia-content bekijkt. En met Windows 11 Home als het inbegrepen besturingssysteem, profiteer je van de nieuwste functies en beveiligingsupdates.
Met zijn elegante zilveren afwerking is de HP Pavilion x360 14-ek0512nd niet alleen krachtig, maar ook stijlvol. Het is de perfecte metgezel voor degenen die op zoek zijn naar een veelzijdige en betrouwbare laptop die aan al hun behoeften voldoet.",https://www.laptop.nl/picture/80066223/600/370/HighResolution/LPNL/false,https://www.laptop.nl/product/hp-pavilion-x360-14-ek0512nd/80066223/17923
Laptops,MSI Vector 16 HX AI A2XWHG-203NL,"De Vector 16 HX AI is ontworpen voor STEM-professionals en levert baanbrekende prestaties en rotsvaste stabiliteit. Hij werkt als een high-tech brein, dat complexe gegevens naadloos verwerkt met snelheid en precisie. Van softwareontwikkeling tot gegevensanalyse en simulaties, de Vector 16 HX AI levert de prestaties en betrouwbaarheid die ingenieurs nodig hebben om te slagen.",https://www.laptop.nl/picture/80068556/600/370/HighResolution/LPNL/false,https://www.laptop.nl/product/msi-vector-16-hx-ai-a2xwhg-203nl/80068556/17923
Laptops,Outlet: HP 14-em0525nd,"Ontdek de ultieme kracht en prestaties met de HP 14-em0525nd laptop. Met zijn clamshell-vormfactor biedt dit apparaat een perfecte balans tussen draagbaarheid en prestaties, waardoor het ideaal is voor zowel werk als entertainment.
Met de krachtige AMD Ryzenâ„¢ 7 7730U processorfamilie aan boord, levert deze laptop indrukwekkende prestaties voor multitasking, contentcreatie en meer, waardoor je moeiteloos kunt voldoen aan al je computereisen.
Geniet van een verbluffende kijkervaring op het 35,6 cm (14"") Full HD-scherm met een resolutie van 1920 x 1080 pixels. Elk detail wordt helder en scherp weergegeven, of je nu aan het werk bent of geniet van je favoriete multimedia.
Met 16 GB DDR4-SDRAM intern geheugen biedt deze laptop voldoende ruimte voor soepel multitasken, zodat je naadloos kunt schakelen tussen verschillende applicaties. En met een royale 512 GB SSD-opslag heb je genoeg ruimte voor al je bestanden, foto's en video's.
De AMD Radeon Graphics on-board grafische adapter zorgt voor vloeiende en responsieve grafische prestaties, waardoor je kunt genieten van gaming en multimedia met verbluffende visuele effecten.
De HP 14-em0525nd wordt geleverd met Windows 11 Home als het inbegrepen besturingssysteem, waardoor je kunt profiteren van de nieuwste functies en beveiligingsupdates. Met zijn elegante zilveren afwerking en een draagbaar gewicht van slechts 1,4 kg is deze laptop de perfecte metgezel voor onderweg.",https://www.laptop.nl/picture/80068750/600/370/HighResolution/LPNL/false,https://www.laptop.nl/product/outlet-hp-14-em0525nd/80068750/17923
Laptops,HP Pavilion Plus 14-eh1580nd,"Maak kennis met de HP Pavilion Plus 14-eh1580nd - Uw ultieme notebook metgezel!
Bent u op zoek naar een cutting-edge notebook die stijl, kracht en draagbaarheid combineert? Zoek niet verder dan de HP Pavilion Plus 14-eh1580nd. Deze slanke en verfijnde clamshell notebook is ontworpen om al uw computer behoeften te voldoen en dan nog wat.
Krachtige prestaties:
Uitgerust met een Intel ® Core ™ i5 processor, in het bijzonder de i5-1340P, deze notebook zorgt voor razendsnelle prestaties. Of u nu multitasking, gaming, of werken aan creatieve projecten, kunt u erop rekenen dat de Pavilion Plus om te gaan met gemak.
Scherp en levendig beeldscherm:
De 35,6 cm (14"") 2.2K scherm met een resolutie van 2240 x 1080 pixels biedt een meeslepende visuele ervaring. Je content komt tot leven met levendige kleuren en scherpe details, waardoor alles, van werk tot entertainment, een absoluut genot wordt.
Voldoende geheugen en opslag:
Met 16 GB DDR4-SDRAM en een 512 GB SSD heb je meer dan genoeg geheugen en opslag om al je bestanden, toepassingen en multimedia te bewaren. Zeg maar dag tegen langzame laadtijden en hallo tegen efficiëntie!
Intel Iris Xe Graphics:
De ingebouwde Intel Iris Xe Graphics zorgen voor vloeiende en responsieve beelden, of je nu films bekijkt, foto's bewerkt of games speelt.
Windows 11 Home:
De HP Pavilion Plus 14-eh1580nd wordt geleverd met Windows 11 Home vooraf geïnstalleerd, en biedt een modern en gebruiksvriendelijk besturingssysteem voor een naadloze computerervaring.
Elegantie in Zilver:
Gemaakt in een stijlvolle zilveren kleur, deze notebook is niet alleen een krachtpatser, maar ook een fashion statement. U zult hoofden doen omdraaien waar u hem ook mee naartoe neemt, van kantoor tot de coffeeshop.
Lichtgewicht en draagbaar:
Met een gewicht van slechts 1.4 kg, de Pavilion Plus is ongelooflijk licht en gemakkelijk mee te nemen, waardoor het de perfecte metgezel voor mensen die onderweg zijn.
Upgrade uw computerervaring met de HP Pavilion Plus 14-eh1580nd. Het is de ideale notebook voor professionals, studenten en iedereen die op zoek is naar topprestaties in een slanke en elegante verpakking. Mis de kans niet om dit uitzonderlijke apparaat te bezitten. Koop hem vandaag nog!",https://www.laptop.nl/picture/80064141/600/370/HighResolution/LPNL/false,https://www.laptop.nl/product/hp-pavilion-plus-14-eh1580nd/80064141/17923
Laptops,Lenovo LOQ 15 - 83GS00CEMH,"Klaar om de overstap te maken naar de wereld van gaming-pc's? Kijk niet verder dan de Lenovo LOQ 15IAX9, de beste bang for your buck gaming pc. Hij is uitgerust met alle essentiële componenten die je nodig hebt voor intensieve gameplay en een zware werkbelasting op school, zonder de extra kosten van fancy toeters en bellen. Aangedreven door 12e generatie Intel® Core™ processors en NVIDIA®GeForce RTX™ 40 Series grafische kaarten, biedt deze laptop een opmerkelijke mix van gamingprestaties en betaalbaarheid. Het gloednieuwe hyperchamber ontwerp houdt hem koel, terwijl het slanke profiel de draagbaarheid verbetert. Voldoende geheugen en opslag, samen met upgrade-opties, zorgen ervoor dat je laptop klaar is voor de toekomst. Bovendien voldoet hij aan de MIL-STD 810H duurzaamheidsnormen, zodat hij de eisen van het dagelijks leven aankan. Het is de ultieme prijs-kwaliteitverhouding, het leveren van de essentie die je nodig hebt voor
intensieve gameplay en schoolwerk zonder de bank te breken.",https://www.laptop.nl/picture/80066130/600/370/HighResolution/LPNL/false,https://www.laptop.nl/product/lenovo-loq-15-83gs00cemh/80066130/17923
Laptops,"Apple MacBook Air (2024) 13.6"" - M3 - 16 GB - 256 GB - Middernacht","Strak. Sterk. Nu met M3.
Met MacBook Air kun je werken en gamen naar hartenlust – en de M3-chip geeft de populairste laptop ter wereld nog meer kracht en mogelijkheden. Bovendien gaat de batterij tot wel 18 uur mee,2 dus je neemt de superhandzame MacBook Air makkelijk overal mee naartoe voor alles wat je het liefste doet.
Gemaakt om verder te komen.
MacBook Air is superlicht en ultradun. Zo kun je ’m makkelijk elke dag gebruiken en is hij ook nog beter voor de planeet. MacBook Air met M3 bestaat voor 50 procent uit gerecyclede materialen – een primeur voor Apple. En alle MacBook Air-laptops hebben een stevige behuizing van gerecycled aluminium.
Twee perfect handzame formaten. Het 13-inch model is de ultieme laptop voor onderweg, en op het grotere scherm van het 15-inch model heb je meer ruimte om te multitasken.
Vier oogstrelende kleuren. Je kunt kiezen uit vier buitenaards mooie uitvoeringen, elk met een bijpassende MagSafe-oplaadkabel.
Prestaties en batterijduur
Propvol power.
Van zodra je je MacBook Air openklapt, is hij overal klaar voor. En dankzij het design zonder ventilator hoor je ’m ook bij de zwaarste workloads niet. Of je nu multitaskt met meerdere apps, video’s bewerkt in iMovie of Baldur’s Gate 3 speelt in de gamemodus, de M3-chip laat alles nog sneller en vloeiender gaan.
De ongekende AI-prestaties van de Neural Engine van MacBook Air met de M3-chip maken intelligente macOS-features mogelijk die je productiviteit en creativiteit verhogen. Denk aan krachtige camera­features, een realtime dicteer­functie en manieren om alles duidelijker te verbeelden.
Dankzij het brede ecosysteem van apps kun je geavanceerde AI-features gebruiken op je MacBook Air. Kijk je huiswerk na met AI-wiskunde­hulp in Goodnotes, verbeter automatisch je foto’s in Pixelmator Pro, of verwijder het achtergrondgeluid van een video met CapCut.
Batterij voor een hele dag. De batterij van zowel MacBook Air met M2 als MacBook Air met M3 gaat tot 18 uur mee, dus laat de oplader gerust thuis.2
MacBook Air is gemaakt voor Apple Intelligence,1 waarmee je jezelf makkelijk uitdrukt en alles moeiteloos voor elkaar krijgt. Dankzij baan­brekende privacy­bescherming kun je erop vertrouwen dat alleen jij bij je gegevens kan en niemand anders. Zelfs Apple niet.
Een MacBook Air voor iedereen.
Nieuw bij Mac?
Hou je van iPhone, dan hou je van Mac. Met een Mac kun je net zo makkelijk overweg als met een iPhone. Tekst op je telefoon naar je Mac kopiëren, met vrienden chatten in Berichten of devices opsporen met ‘Zoek mijn’? Als je Mac met iPhone gebruikt, werken ze naadloos samen.
Instellen is een eitje. Het overzetten van je bestanden en apps van je oude pc of Mac is heel simpel en zo gedaan met Migratie-assistent. En mocht je daar toch hulp bij nodig hebben, dan staat Apple Support altijd voor je klaar met een online chat, telefoontje of afspraak in de Store.
Overal toegang tot je bestanden met iCloud. Met iCloud kun je al je foto’s, contacten en bestanden op een centrale locatie bewaren, zodat je er vanaf al je devices bij kunt. Maak een taken­lijst op je iPhone en vink ’m af op je MacBook Air. En zo kan er nog veel meer.
Krachtige apps zijn standaard. Mac bevat standaard al apps als FaceTime, Freeform, Foto’s en Keynote. Je kunt dus meteen met al je creatieve ideeën aan de slag, alleen of samen met anderen.
Mac gaat lang mee. Mac-laptops hebben een behuizing van stevig gerecycled aluminium en kunnen dus heel wat hebben. En gratis macOS-updates zorgen ervoor dat alles de komende jaren soepel blijft draaien en goed is beveiligd.
Yep, Mac kan dat. En dat geldt niet alleen voor MacBook Air. Ook alle andere Macs zijn net zo makkelijk, krachtig en ongelofelijk.
Display, camera en audio
Schitterend. Helder.
Het Liquid Retina-display van MacBook Air is een lust voor het oog. Het kan 1 miljard kleuren weergeven en heeft een tot 2x zo hoge resolutie als vergelijkbare pc-laptops. Dankzij het grote contrast en de duidelijke details spatten foto’s en video’s van het scherm, en de haarscherpe tekst is makkelijk leesbaar.
HD-camera. Dankzij de 1080p FaceTime HD-camera kom je goed voor de dag, of je nu gezellig bijpraat met je vrienden of een zakelijk gesprek voert met je collega’s waar ook ter wereld.
Indrukwekkend geluidssysteem. De speakers van MacBook Air zijn geschikt voor ruimtelijke audio en Dolby Atmos, wat een oase van driedimensionaal geluid oplevert als je naar muziek luistert of een film kijkt.
Poorten en connectiviteit
Aansluitingen vol in beeld.
De MagSafe-oplaadkabel bevat magneten waarmee je hem makkelijk vastmaakt en weer losmaakt. Je hoeft dus niet bang te zijn dat je MacBook Air opeens door de lucht vliegt. Via de twee Thunderbolt-poorten kun je professionele accessoires aansluiten en je Mac opladen. En de mini-jack-aansluiting ondersteunt koptelefoons met hoge impedantie. Met het M3-model heb je toegang tot wifi 6E, goed voor tot 2x de overdrachts­snelheid van wifi 6.
Magic Keyboard met Touch ID
Ontgrendel alles met alleen je vinger.
Het stille Magic Keyboard typt heel prettig en is voorzien van achtergrond­verlichting, een rij functietoetsen van volledige hoogte en Touch ID. Daardoor kun je met alleen je vingerafdruk snel, makkelijk en veilig je Mac ontgrendelen en bij apps en websites inloggen.",https://www.laptop.nl/picture/21670686/600/370/HighResolution/LPNL/false,https://www.laptop.nl/product/apple-macbook-air-2024-13-6-m3-16-gb-256-gb-middernacht/21670686/17923
Laptops,Lenovo Legion 7 - 83FD0071MH,"De Lenovo Legion 7 is een indrukwekkende laptop die kracht en veelzijdigheid combineert in een elegant clamshell-ontwerp. Met zijn krachtige Intel® Core™ i9-processor uit de nieuwste generatie en een royaal intern geheugen van 32 GB DDR5-SDRAM, biedt deze laptop ongeëvenaarde prestaties voor een breed scala aan taken, van intensieve multitasking tot creatieve ontwerpprojecten.
Het 16-inch scherm van de Legion 7 is adembenemend met zijn 3.2K-resolutie van 3200 x 2000 pixels. Of je nu foto's bewerkt, video's bekijkt of gewoon surft op het web, elk detail komt tot leven met helderheid en precisie. Het scherm is een genot voor de zintuigen, waardoor je wordt ondergedompeld in alles wat je doet.
Met een totale opslagcapaciteit van 1 TB SSD is er meer dan genoeg ruimte om al je bestanden, documenten, foto's en video's op te slaan zonder je zorgen te maken over het gebrek aan ruimte. Je kunt zelfs enkele van je favoriete games installeren en genieten van een soepele gamingervaring.
De Lenovo Legion 7 is niet alleen krachtig op het gebied van software, maar ook op het gebied van hardware. Met zowel geïntegreerde Intel® UHD Graphics als een discrete NVIDIA GeForce RTX 4070 grafische kaart, ben je verzekerd van verbluffende grafische prestaties, of je nu aan het gamen bent, foto's bewerkt of video's bekijkt.
Met Windows 11 Home als besturingssysteem biedt de Legion 7 een intuïtieve en gebruiksvriendelijke gebruikerservaring, waardoor je productief kunt blijven zonder gedoe. Of je nu aan het werk bent of jezelf verliest in je favoriete content, deze laptop zorgt ervoor dat je altijd op je best bent.
Met zijn strakke zwarte ontwerp en hoogwaardige afwerking is de Lenovo Legion 7 niet alleen een krachtige en veelzijdige laptop, maar ook een stijlvolle metgezel die je overal mee naartoe kunt nemen.",https://www.laptop.nl/picture/80066134/600/370/HighResolution/LPNL/false,https://www.laptop.nl/product/lenovo-legion-7-83fd0071mh/80066134/17923
Laptops,HP 17-cn0505nd,"Ontdek de veelzijdigheid en betrouwbaarheid van de HP 17-cn0505nd laptop. Met zijn clamshell-vormfactor biedt dit apparaat een klassiek en functioneel ontwerp dat perfect is voor dagelijks gebruik.
Aangedreven door een Intel® Celeron® N4120 processorfamilie, levert deze laptop betrouwbare prestaties voor alledaagse taken, waardoor je efficiënt kunt werken en communiceren.
Geniet van een heldere kijkervaring op het 43,9 cm (17.3"") HD+ scherm met een resolutie van 1600 x 900 pixels. Of je nu aan het werk bent, video's bekijkt of online surft, elk detail wordt duidelijk weergegeven.
Met 8 GB DDR4-SDRAM intern geheugen biedt deze laptop voldoende ruimte voor soepel multitasken, zodat je moeiteloos tussen verschillende applicaties kunt schakelen. En dankzij de 128 GB SSD-opslag heb je genoeg ruimte voor essentiële bestanden en programma's.
De Intel® UHD Graphics 600 on-board grafische adapter zorgt voor vloeiende en responsieve grafische prestaties, waardoor je kunt genieten van multimedia zonder compromissen.
De HP 17-cn0505nd wordt geleverd met Windows 11 Home in S mode als het inbegrepen besturingssysteem, waardoor je kunt profiteren van de nieuwste functies en beveiligingsupdates. En met zijn elegante zilveren afwerking voegt dit product een vleugje stijl toe aan je dagelijkse routine.",https://www.laptop.nl/picture/80066226/600/370/HighResolution/LPNL/false,https://www.laptop.nl/product/hp-17-cn0505nd/80066226/17923
Laptops,Lenovo LOQ 15 - 83JC003EMH,N/A,https://www.laptop.nl/picture/80066131/600/370/HighResolution/LPNL/false,https://www.laptop.nl/product/lenovo-loq-15-83jc003emh/80066131/17923
Laptops,Acer Nitro V 15 ANV15-51-9637,"Hou je van gamen? Pomp je avonturen vol adrenaline met de Acer Nitro V 15. Deze laptop biedt de perfecte combinatie van prestaties en design, en verlegt de grenzen van wat er allemaal mogelijk is met een laptop.
Ongeziene prestaties
Geef je gamingskills alle ruimte met de Nitro V 15, met zijn 13e generatie Intel® Core™ i7 processor. Of je je nu een weg door je tegenstanders baant of een aanval leidt, dankzij de razendsnelle opslagruimte van deze laptop en DDR5 RAM worden alle acties en commando's met de snelheid van het licht uitgevoerd.
NVIDIA® GeForce RTX™ 40 Series laptop-GPU
NVIDIA® GeForce RTX™ 40 Series Laptop-GPU's zijn ongeëvenaard snel voor gamers en creators. Ze worden aangedreven door de ultra-efficiënte NVIDIA Ada Lovelace architectuur, die zorgt voor een spectaculaire verbetering in prestaties en AI-ondersteunde graphics.
Het tijdperk van visuele verwondering
Je digitale wereld komt tot leven in Full HD op een 15,6-inch scherm met een perfect gesynchroniseerde en ultrasnelle vernieuwingsfrequentie van 165 Hz en een brede beeldverhouding van 16:9. Alsof je de magische poort naar het gaminguniversum op je schoot hebt.
Houd je hoofd koel
Houd het zelfs in het heetst van de strijd lekker koel dankzij de innovatieve dubbele ventilatoren en het effectieve uitlaatsysteem van de Nitro V 15. Je laptop blijft kalm en stil, zodat jij je helemaal in galactische oorlogen kunt storten.
Blijf verbonden
Jouw ideale gamingplekje kan overal zijn. Op de bank? Profiteer van snel en stabiel WiFi 6. In het gamingcafé? Je hebt online een streepje voor met Gigabit Ethernet. Waar je ook zit, met de Nitro V 15 heb je altijd de beste plek.
Geen grenzen met NitroSense™
Finetune je gamingstrategie met de NitroSense app. Pas je setup helemaal aan jouw stijl aan en verhoog de ventilatorsnelheid voor die verhitte gevechten of pas de verlichting aan om werelden optimaal te verkennen.
Duidelijk te zien en te horen
Perfecte audio bij de rumoerigste gevechten met DTS® X: Ultra Audio. Glasheldere communicatie met AI-gestuurde Acer PurifiedView en PurifiedVoice ruisonderdrukking.",https://www.laptop.nl/picture/21670751/600/370/HighResolution/LPNL/false,https://www.laptop.nl/product/acer-nitro-v-15-anv15-51-9637/21670751/17923
Laptops,ASUS Vivobook 17 X1704ZA-AU045W,"Maak elke dag uw dag
Maak van alledaagse taken iets speciaals met de Vivobook 17, uw essentiële hulpmiddel om overal en makkelijker dingen gedaan te krijgen. Hij is ook volledig gebruiksvriendelijk, met zijn 180° plat te leggen scharnier en fysieke webcamschild. ASUS Antimicrobial Guard Plus beschermt vaak aangeraakte oppervlakken tegen schadelijke bacteriën, en beschermt zo uw gezondheid. Maak elke dag leuker met de Vivobook 17!",https://www.laptop.nl/picture/21306688/600/370/HighResolution/LPNL/false,https://www.laptop.nl/product/asus-vivobook-17-x1704za-au045w/21306688/17923
Laptops,ASUS Vivobook Go 15 E1504GA-NJ046W,"De ASUS Vivobook Go 15 E1504GA-NJ046W is een laptop die uitblinkt in zowel prestaties als draagbaarheid. Met zijn clamshell-vormfactor biedt deze laptop een perfecte balans tussen mobiliteit en functionaliteit. Uitgerust met een Intel Core i3 N-series processor, specifiek de i3-N305, levert deze laptop betrouwbare prestaties voor dagelijkse taken en multitasking.
Het 15.6-inch Full HD-scherm met een resolutie van 1920 x 1080 pixels zorgt voor heldere en scherpe beelden, ideaal voor entertainment en productiviteit. Met 8 GB DDR4-SDRAM intern geheugen biedt de Vivobook Go 15 voldoende snelheid voor soepele multitasking en naadloos schakelen tussen applicaties.
De laptop beschikt over een totale opslagcapaciteit van 256 GB, geleverd via flashopslag, wat resulteert in snelle opstarttijden en responsieve prestaties. De geïntegreerde Intel® UHD Graphics zorgen voor vloeiende grafische weergave, of je nu films bekijkt, foto's bewerkt of casual games speelt.
Met Windows 11 Home als het voorgeïnstalleerde besturingssysteem profiteer je van de nieuwste functies en beveiligingsupdates van Microsoft. De laptop heeft een elegant zilveren ontwerp en weegt slechts 1,63 kg, waardoor hij gemakkelijk mee te nemen is onderweg. Kortom, de ASUS Vivobook Go 15 E1504GA-NJ046W biedt een uitstekende combinatie van prestaties, mobiliteit en stijl voor gebruikers die onderweg zijn.",https://www.laptop.nl/picture/80066104/600/370/HighResolution/LPNL/false,https://www.laptop.nl/product/asus-vivobook-go-15-e1504ga-nj046w/80066104/17923
Laptops,Outlet: Lenovo IdeaPad Slim 5 - 83DB0033MH,"Lenovo IdeaPad Slim 5 is een krachtige laptop met een clamshell-vormfactor. Uitgerust met een AMD Ryzen™ 7-processor en een beeldschermdiagonaal van 35,6 cm (14""), biedt het een optimale ervaring voor zowel werk als entertainment. Met een resolutie van 1920 x 1200 pixels en een HD-type van WUXGA levert het heldere en scherpe beelden.
Met een intern geheugen van 16 GB, LPDDR5x-SDRAM-type, en een totale opslagcapaciteit van 512 GB via een SSD, biedt deze laptop voldoende ruimte voor al je bestanden en programma's. De on-board graphics adapter, AMD Radeon 780M, zorgt voor een soepele visuele ervaring.
De Lenovo IdeaPad Slim 5 wordt geleverd met het besturingssysteem Windows 11 Home, waardoor je direct aan de slag kunt met alle functies en mogelijkheden die het te bieden heeft. De laptop heeft een elegante grijze kleur die stijlvol en professioneel oogt.",https://www.laptop.nl/picture/80068589/600/370/HighResolution/LPNL/false,https://www.laptop.nl/product/outlet-lenovo-ideapad-slim-5-83db0033mh/80068589/17923
Laptops,ASUS Zenbook 14 OLED UM3406HA-QD122W,"Nieuwe Zen met AI
Verbeter uw ervaring met de slanke en verfijnde Zenbook 14 OLED ultraportable. Het dunne en lichte ontwerp herbergt de kracht van de nieuwste AI-enabled AMD Ryzen™ 8040-serie processors, die AI tools laten vliegen, samen met AMD Radeon™ graphics. Een lang meegaande accu zorgt ervoor dat u de hele dag stroom hebt, en er is een volledige assortiment I/O-poorten voor verbeterde connectiviteit. Zijn 180° scharnier maakt delen eenvoudig, en u kunt in een wereld van zintuiglijke verrukking duiken met het levendige ASUS Lumina OLED-scherm1 en baanbrekende super-lineaire luidsprekers, terwijl u het milieubewuste ontwerp omarmt dat eco-elegantie uitstraalt.
Ontwerp
Moderne elegantie
We hebben een verfijnde kleur gekozen voor deze hedendaagse klassieker.
Mobiliteit
Moeiteloze mobiliteit
Ervaar ongeëvenaarde draagbaarheid met de slanke, lichte en duurzame volledig metalen constructie, en geniet van het gevoel van de naadloos afgewerkte rand. De Zenbook 14 OLED gaat alle uitdagingen aan, waar u ook bent!
Accu
De hele dag door, elke dag weer
Maak uzelf los van het lichtnet en wees overal productief. De Zenbook 14 OLED heeft het dag-lange uithoudingsvermogen dat u nodig hebt, en meer. En als het tijd is om bij te laden, gaat dat met USB-C Easy Charge uiterst snel en gemakkelijk!
Prestaties
Benut de power van AI
Multitask als een pro met de Zenbook 14 OLED! Met de in de processor geïntegreerde AMD Ryzen AI-versneller, razendsnelle SSD-opslag tot 1TB, 16GB RAM en WiFi 6E5 connectiviteit ervaart u minder wachttijden en hogere productiviteit, waar u ook werkt.
Windows 11
Uw tijd is waardevol
Verspil het dus niet door dingen op de moeilijke manier te doen. Windows 11 voegt een frisse ervaring toe, met nieuwe manieren om zaken snel, leuk en gemakkelijk voor elkaar te krijgen.
*Scherm gesimuleerd, onderhevig aan wijzigingen. De beschikbaarheid van functies en de uitroltijd variëren per markt en apparaat.?
Het ultralevendige 2880 x 1800 ASUS Lumina OLED-scherm maakt elk moment ongelooflijk, met zijn tot 600 nits helderheid8, webvriendelijke 16:10 beeldverhouding en 87% scherm/behuizing ratio. En adaptieve synchronisatie past automatisch de verversingssnelheid aan, voor altijd vloeiende beelden.
Audio
Alles klinkt beter
Waar u ook naar luistert, het krachtige, kristalheldere geluid dat wordt geleverd door de Super-lineaire luidsprekers, de slimme versterker en ASUS Audio Booster zal uw oren verwennen.
Toetsenbord
Meer comfort, minder afleiding
Onze revolutionaire Quiet Keyboard-technologie elimineert op elegante wijze storende geluiden, wat zowel uw eigen persoonlijke ruimte als dat van de mensen in uw omgeving ten goede komt. En een druk op de emoji-sneltoets geeft uw gesprekken een levendige uitdrukking. Voor het betere rekenwerk is het touchpad voorzien van het ASUS NumberPad13,14 2.0 virtuele numerieke toetsenblok.
I/O-poorten
Gemakkelijke aansluitingen
De Zenbook 14 OLED is voorzien van alle essentiële, volledig functionele poorten die u nodig hebt voor snelle en naadloze verbindingen onderweg, zodat u geen vervelende dongles en adapters hoeft mee te nemen. Er is zelfs een handige audio combi-aansluiting!
Smart conferencing
Ziet er geweldig uit, klinkt geweldig
U ziet er altijd op uw best uit en klinkt ook zo, dankzij onze innovatieve Ai-verbeterde camera- en audiosystemen.
Privacy
Bescherm uw privacy
Blijf veilig, dankzij het privacyschild van de camera en snelle gezichtsaanmelding zonder wachtwoord.
Militair niveau
Laptopduurzaamheid op Amerikaans militair niveau
ASUS consumentenlaptops voldoen aan de uiterst veeleisende MIL-STD 810H militaire norm17 voor betrouwbaarheid en duurzaamheid. Daarvoor worden ze onderworpen aan een streng testregime, inclusief uitgebreide tests voor gebruik in ruige omgevingen. Deze factoren helpen ook de levensduur en daarmee de duurzaamheid van de laptops te verbeteren, zodat u kunt werken, reizen of ontspannen in het vertrouwen dat uw ASUS-laptop klaar is voor de echte wereld - vandaag en tot ver in de toekomst.
Software
Echt gepersonaliseerde workflow
ASUS biedt een softwarepakket dat is ontworpen om uw computerervaring naar een hoger plan te tillen. MyASUS biedt een verzameling handige apps en tools die u helpen meer uit uw laptop te halen, terwijl GlideX u in staat stelt meer gedaan te krijgen door schermen te delen op verschillende apparaten. Bovendien helpt ScreenXpert u bij het beheren van app-vensters op alle aangesloten schermen, voor een soepelere workflow.
MyASUS
MyASUS biedt eenvoudige toegang tot ASUS-apps die zijn ontworpen om u te helpen uw systeem te onderhouden, uw software bij te werken, de prestaties van uw pc te optimaliseren, en contact op te nemen met ASUS voor after-sales ondersteuning.
GlideX
GlideX is een oplossing voor het delen van schermen tussen verschillende apparaten die bekabelde of draadloze verbindingen gebruikt om u een grotere en betere ruimte te geven voor werk en ontspanning. GlideX optimaliseert uw workflow in een oogopslag!
ScreenXpert
ScreenXpert - dat u kunt downloaden via de Microsoft Store of kunt vinden in het Start-menu van uw pc - helpt u app-vensters te beheren op alle schermen die zijn aangesloten op uw ASUS pc en geeft u volledige controle over uw workflow!",https://www.laptop.nl/picture/80066110/600/370/HighResolution/LPNL/false,https://www.laptop.nl/product/asus-zenbook-14-oled-um3406ha-qd122w/80066110/17923
Laptops,Acer Aspire 5 A515-57-79HT,"De Acer Aspire 5 A515-57-79HT is een krachtige en veelzijdige laptop, ideaal voor zowel werk als entertainment. Uitgerust met een Intel® Core™ i7-12650H processor met een kloksnelheid van 2,3 GHz, levert deze laptop uitstekende prestaties voor multitasking, productiviteit en lichte gaming.
Het 15,6-inch Full HD-scherm (1920 x 1080 pixels) zorgt voor scherpe beelden en een meeslepende kijkervaring. Met maar liefst 32 GB DDR4 RAM en een 512 GB SSD, profiteer je van razendsnelle opstarttijden en vloeiende prestaties.
De Intel® UHD Graphics zorgt voor degelijke beeldverwerking, ideaal voor multimedia en dagelijkse taken. Windows 11 Home is al voorgeïnstalleerd, zodat je direct aan de slag kunt. Het slanke en stijlvolle grijze ontwerp maakt deze laptop perfect voor zowel thuis als onderweg.
Belangrijkste kenmerken:
Intel® Core™ i7-12650H processor (2,3 GHz)
15,6"" Full HD-scherm (1920 x 1080 pixels)
32 GB DDR4 RAM voor snelle prestaties
512 GB SSD voor opslag en snelheid
Intel® UHD Graphics voor multimedia
Windows 11 Home voor een moderne gebruikerservaring
Stijlvol grijs design",https://www.laptop.nl/picture/21407643/600/370/HighResolution/LPNL/false,https://www.laptop.nl/product/acer-aspire-5-a515-57-79ht/21407643/17923
Laptops,HP OmniBook Ultra 14-fh0030nd Copilot+ PC,"HP OmniBook Ultra Flip Next Gen AI-pc: AI-ondersteunde creativiteit
Profiteer van de kracht, mobiliteit en stijl van de HP OmniBook Ultra Flip Next Gen AI-pc. Breng je creaties tot leven met de nieuwste Intel® Core™ Ultra-processor
[1]
met AI-ondersteuning. Doe meer in minder tijd met een pc met goed beschermde AI-tools en een langere batterijduur
[2]
en profiteer van HP Wolf Security-functies voor particulieren.",https://www.laptop.nl/picture/21647704/600/370/HighResolution/LPNL/false,https://www.laptop.nl/product/hp-omnibook-ultra-14-fh0030nd-copilot-pc/21647704/17923
Laptops,Lenovo IdeaPad Slim 5 - 83DC006KMH,"De Lenovo IdeaPad Slim 5 is een laptop met een clamshell-vormfactor die uitblinkt in prestaties en draagbaarheid. Aangedreven door een Intel Core Ultra 7-processor biedt deze laptop indrukwekkende rekenkracht voor al je dagelijkse taken.
Met een beeldschermdiagonaal van 40,6 cm (16"") en een HD-type van WUXGA levert het scherm van de IdeaPad Slim 5 heldere en gedetailleerde beelden met een resolutie van 1920 x 1200 pixels. Met 16 GB aan intern geheugen van het type LPDDR5x-SDRAM en een royale opslagcapaciteit van 1 TB via een SSD, heb je voldoende ruimte voor al je bestanden, programma's en multimedia.
De laptop beschikt over een Intel Arc Graphics on-board graphics adapter model, wat zorgt voor soepele grafische prestaties, of je nu aan het werk bent of geniet van entertainment. Met Windows 11 Home als het besturingssysteem krijg je toegang tot een scala aan functies en mogelijkheden die je productiviteit en creativiteit stimuleren.
Met een elegant grijs ontwerp en een gewicht van slechts 1,82 kg is de Lenovo IdeaPad Slim 5 ook gemakkelijk mee te nemen onderweg, waardoor het een ideale metgezel is voor zowel werk als ontspanning.",https://www.laptop.nl/picture/80066124/600/370/HighResolution/LPNL/false,https://www.laptop.nl/product/lenovo-ideapad-slim-5-83dc006kmh/80066124/17923
Laptops,Acer Aspire Go 15 AG15-51P-544K,"De Aspire Go is een laptop die staat voor eenvoud zonder compromissen. Het doordachte en gebruiksvriendelijke ontwerp is voorzien van alle benodigde functionaliteit om je verbonden en productief te houden.
Uitzonderlijke prestaties en productiviteit
Een processor tot de Intel® Core™ serie, 32 GB aan geheugen en een SSD van 1 TB zorgen voor vloeiende prestaties en optimale responsiviteit. En de uitzonderlijke batterijduur en ondersteuning van je dagelijkse AI-assistent Copilot garanderen maximale productiviteit.
Fantastische visuals
De Aspire Go is verkrijgbaar met diverse schermformaten en voorziet daarmee in alle vereisten. Het beeld is scherp en levendig dankzij een resolutie tot WUXGA en een beeldverhouding van 16:10. En dankzij de Acer BlueLightShield™ technologie krijg je zelfs bij langdurig gebruik geen last van je ogen.
Gemaakt voor gebruiksgemak
Verkrijgbaar in allerlei kleuren. Verbind je apparaten naadloos en laad ze probleemloos op met de twee volledig functionele USB Type-C-poorten. WiFi 6 en HDMI 2.1-connectiviteit maken je digitale ervaringen sneller, soepeler en leuker.
Effectieve optimalisatie
AcerSense™ biedt intuïtieve batterij-, opslag- en app-optimalisatie met één druk op de knop. Acer TNR en Acer PurifiedVoice™ verbeteren de kwaliteit van video-oproepen met een ongekende helderheid.
Vriendelijker voor de planeet
Dankzij de verpakking van 100% recyclebare materialen en componenten van 30% post-consumer recycled plastic heeft de Aspire Go zowel een Energy Star-certificering als een EPEAT-registratie. Zo kun jij een meer verantwoorde keuze maken.",https://www.laptop.nl/picture/21670752/600/370/HighResolution/LPNL/false,https://www.laptop.nl/product/acer-aspire-go-15-ag15-51p-544k/21670752/17923
Laptops,Acer Aspire 5 A517-58M-78K7,"De Acer Aspire 5 A517-58M-78K7 is een krachtige en veelzijdige laptop, ideaal voor zowel werk als entertainment. Deze laptop heeft een clamshell-vormfactor en wordt aangedreven door een Intel® Core™ i7-1355U processor uit de nieuwste generatie, wat zorgt voor uitstekende prestaties, zelfs bij zware taken.
Met een royaal 17,3 inch Full HD-scherm (1920 x 1080 pixels) biedt het apparaat een helder en scherp beeld, ideaal voor multitasking, films en fotobewerking. Dankzij het 16 GB LPDDR5-SDRAM-geheugen kun je naadloos schakelen tussen meerdere applicaties, en de 512 GB SSD-opslag zorgt voor snelle opstarttijden en voldoende ruimte voor al je bestanden en programma's.
De Intel Iris Xe Graphics zorgt voor vloeiende graphics en maakt de laptop geschikt voor lichte gaming en grafisch intensieve taken. Deze laptop wordt geleverd met Windows 11 Home, zodat je direct toegang hebt tot de nieuwste functies en beveiliging van Microsoft.
Met een gewicht van 2,3 kg is deze laptop relatief licht voor zijn formaat en gemakkelijk mee te nemen. De stijlvolle grijze afwerking geeft het geheel een strakke en moderne uitstraling. Kortom, de Acer Aspire 5 A517-58M-78K7 is een uitstekende keuze voor iedereen die op zoek is naar prestaties, betrouwbaarheid en mobiliteit in één apparaat.",https://www.laptop.nl/picture/21559923/600/370/HighResolution/LPNL/false,https://www.laptop.nl/product/acer-aspire-5-a517-58m-78k7/21559923/17923
Laptops,ASUS Vivobook 15 X1504ZA-NJ1429W,"Maak elke dag uw dag
Maak van alledaagse taken iets speciaals met de Vivobook 15, uw essentiële hulpmiddel om overal en makkelijker dingen gedaan te krijgen. Hij is ook volledig gebruiksvriendelijk, met zijn 180° plat te leggen scharnier en fysieke webcamschild. ASUS Antimicrobial Guard Plus beschermt vaak aangeraakte oppervlakken tegen schadelijke bacteriën, en beschermt zo uw gezondheid. Maak elke dag leuker met de Vivobook 15!",https://www.laptop.nl/picture/21615538/600/370/HighResolution/LPNL/false,https://www.laptop.nl/product/asus-vivobook-15-x1504za-nj1429w/21615538/17923
Laptops,MSI Katana 15 B13VGK-1808NL,"Verscherp je spel
Het zwaard is zojuist verbeterd. De Katana 15 B13V is speciaal ontworpen voor liefhebbers van RPG-games en beschikt nu over de nieuwste hardware! Pak hem op en word een legendarische betoverde ridder. Vecht en overwin obstakels in de wereld van games met epische capaciteiten!
DE VOLGENDE GENERATIE
Tot Intel® Core™ i7-13620H Processor
De 13e generatie Intel® Core™ i7-13620H processor is hier. Met verbeterde hybride core-architectuur bestaande uit 6 Performance-cores en 4 Efficient-cores, voor betere multitasking-werkzaamheden en het spelen van veeleisende games.
GEFORCE RTX 40-SERIE LAPTOPS
MEER DAN SNEL
NVIDIA® GeForce RTX™ 40 Series GPU's zijn ongekend snel voor gamers en ontwerpers. Ze worden aangedreven door de ultra-efficiënte NVIDIA Ada Lovelace-architectuur die een kwantumsprong in zowel prestaties als AI-aangedreven graphics levert. Ervaar levensechte virtuele werelden met ray tracing en ultrahoge FPS-gaming met de laagste latency. Ontdek revolutionaire nieuwe manieren om te creëren en ongekende workflow-versnelling.
DISCRETE GRAFISCHE MODUS (MUX-ONTWERP) HERLEIDT HET VERMOGEN IN EEN OOGWENK
Kies tussen ""Discrete Graphics Mode"" of ""MSHybrid Graphics Mode"" (NVIDIA Optimus), de schakelbare grafische technologie biedt krachtige gaming prestaties en efficiëntie met een enkele klik.
BLIKSEMSNELLE EN VLOEIENDE WEERGAVE
Het 144Hz IPS-scherm brengt je opvallende beelden en een soepele verversingssnelheid zodat je nooit iets mist.
VERNIEUWDE KOELING VOOR NEXT-GEN GAMING
Speciale koeling voor zowel de CPU als de GPU met maximaal 2 ventilatoren en 6 heat pipes. Het nieuwe CPU & GPU Shared-Pipe ontwerp zorgt voor balans in de warmteafvoer tussen CPU & GPU voor verbeterde efficiëntie. In combinatie met MSI exclusieve thermal grease, zorgen we voor maximale prestaties onder extreme gaming.
VOLLEDIGE IO-POORTEN
- RJ45
- HDMI™ (8K@60Hz / 4K@120Hz)
- USB 3.2 Gen1 Type-C / DP
- USB 3.2 Gen1 Type-A
- Audio Combo Jack
- DC in
- USB 3.2 Gen1 Type-A
- USB 2.0 Type-A",https://www.laptop.nl/picture/21561100/600/370/HighResolution/LPNL/false,https://www.laptop.nl/product/msi-katana-15-b13vgk-1808nl/21561100/17923
Laptops,Lenovo IdeaPad Slim 3 - 82XQ00HUMH,"Maak een statement waar je ook gaat met de IdeaPad Slim 3 Gen 8 laptop, gebouwd voor lichtheid en slankheid, het meten van maximaal 10% slanker dan de vorige generatie. Verkrijgbaar in Arctic Grey, Abyss Blue, en Frost Blue, deze stevige bouwen bestand tegen harde vallen met militaire-grade duurzaamheid voor extreme reisomstandigheden.
Meer zien en leren
Geniet van een rijke media-ervaring op de IdeaPad Slim 3 Gen 8 laptop met zijn scherm dat 88% van het schermoppervlak in beslag neemt voor een beeld dat lijkt te zweven in de ruimte. Bovendien is het scherm TÜV Low Blue Light Certified, dus als je een paar uur moet werken, zullen je ogen niet snel vermoeid raken. En terwijl je geniet van de beelden, kun je jezelf ook verwennen met het geweldige geluid van Dolby Audio™.
Een meester in multitasking
Werk elke dag slim en naadloos met meerdere applicaties tegelijk terwijl je onderweg bent met de robuuste prestaties van de nieuwste AMD-processors en het overvloedige geheugen, versterkt door de adaptieve prestaties van Smart Power. Bewaar en krijg snel toegang tot uw enorme mediabibliotheek met overvloedige SSD-opslag ook.
Top veelzijdigheid
Ga sneller en verder in je digitale leven met full-function USB-C poorten voor versnelde stroomvoorziening, schermuitvoer en gegevensoverdracht. Geniet van een optionele 2-in-1 vingerafdruklezer geïntegreerd in de aan/uit-knop, en een ingebouwde webcam met een privacy shutter. Houd gelijke tred met een grotere batterij en snellaadtechnologie die twee uur gebruik biedt op een lading van 15 minuten.
AI die jouw ervaring verbetert
Slimmer leren begint met slimmere functies aangedreven door de Lenovo AI Engine. Maximaliseer je prestaties, batterijduur en thermiek op basis van wat je doet met de adaptieve Smart Power-functie. Tegelijkertijd verbeter je je connectiviteit via Smart Wireless. Bescherm je systeem tegen schade met geïntegreerde beveiligingsfuncties zoals Natural File Guard, terwijl je achtergrondgeluid tot een minimum beperkt met noise canceling.",https://www.laptop.nl/picture/80066120/600/370/HighResolution/LPNL/false,https://www.laptop.nl/product/lenovo-ideapad-slim-3-82xq00humh/80066120/17923
Laptops,HP 15s-eq2530nd,"Ontdek de kracht en veelzijdigheid van de HP 15s-eq2530nd laptop. Met zijn clamshell-vormfactor biedt dit apparaat een slank en functioneel ontwerp dat perfect is voor dagelijks gebruik.
Aangedreven door een AMD Ryzen™ 7 5700U processorfamilie, levert deze laptop indrukwekkende prestaties voor multitasking en veeleisende taken, waardoor je moeiteloos kunt werken en creëren.
Geniet van een meeslepende kijkervaring op het 39,6 cm (15.6"") Full HD-scherm met een resolutie van 1920 x 1080 pixels. Elk detail wordt helder en scherp weergegeven, of je nu aan het werk bent of geniet van multimedia.
Met 16 GB DDR4-SDRAM intern geheugen biedt deze laptop voldoende ruimte voor soepel multitasken, zodat je naadloos kunt schakelen tussen verschillende applicaties. En met een royale 1 TB SSD-opslag heb je genoeg ruimte voor al je bestanden, foto's en video's.
De AMD Radeon Graphics on-board grafische adapter zorgt voor vloeiende en responsieve grafische prestaties, waardoor je kunt genieten van multimedia en lichte gaming met verbluffende visuele effecten.
De HP 15s-eq2530nd wordt geleverd met Windows 11 Home als het inbegrepen besturingssysteem, waardoor je kunt profiteren van de nieuwste functies en beveiligingsupdates. Met zijn elegante zilveren afwerking voegt dit product een vleugje stijl toe aan je dagelijkse routine.",https://www.laptop.nl/picture/80066230/600/370/HighResolution/LPNL/false,https://www.laptop.nl/product/hp-15s-eq2530nd/80066230/17923
Laptops,MSI Sword 17 HX B14VFKG-010NL,"Topprestaties voor gamers
Intel® Core™ i7 processor 14700HX
Of je nu midden in epische gevechten zit, uitgestrekte virtuele werelden verkent of je gameplay wereldwijd streamt, de krachtige Intel® Core™ i7 processor 14700HX is jouw ultieme gamingpartner. Geniet van naadloos, lag-vrij gamen en ontgrendel het volledige potentieel van je gaming-rig.
GeForce RTX 40 Series laptops – beyond fast
NVIDIA® GeForce RTX™ 40 Series Laptop GPU's drijven de snelste laptops ter wereld aan voor zowel gamers als content creators. Dankzij de ultra-efficiënte NVIDIA Ada Lovelace-architectuur ervaar je een enorme sprong in prestaties met AI-gestuurde DLSS 3 en levensechte virtuele werelden met volledige ray tracing. Bovendien optimaliseert de Max-Q suite van technologieën je systeem voor maximale prestaties, efficiënt energieverbruik, langere batterijduur en fluisterstille werking.
AI-gestuurde prestaties en levensechte graphics
Krijg een enorme prestatiewinst in games en creatieve applicaties met AI-powered DLSS 3 en beleef realistische virtuele werelden met volledige ray tracing.
Ray tracing – hyperrealistisch & hypersnel
De Ada-architectuur benut de volledige kracht van ray tracing, wat lichtsimulatie op realistische wijze nabootst. Dankzij de kracht van de RTX 40 Series en derde-generatie RT Cores ervaar je ongelooflijk gedetailleerde virtuele werelden als nooit tevoren.
Geoptimaliseerd voor kracht & prestaties
NVIDIA Max-Q is een geavanceerde AI-gestuurde technologie die je systeem optimaliseert voor maximale efficiëntie. Hierdoor zijn laptops dunner, sneller, stiller en energiezuiniger dan ooit tevoren.
Nog slimmer dan ooit
MSI-laptops versnellen je werk- en game-ervaring sneller en efficiënter dan ooit. Ze zijn standaard uitgerust met MSI Intelligent Technology, waarmee nieuwe intelligente functies worden geïntroduceerd en automatische optimalisatie naar een hoger niveau wordt getild.
MSI AI Engine
MSI AI Engine herkent automatisch verschillende gebruikersscenario’s en past hardware-instellingen hierop aan voor optimale prestaties. Met AI-geoptimaliseerde modi en middelen kun je je volledig richten op creëren, werken en entertainment.
MSI AI Artist
Maak direct op je laptop beelden met MSI AI Artist. Creëer indrukwekkende visuals met korte prompts en genereer tekst binnen afbeeldingen. MSI AI Artist levert verbluffende beeldcomposities voor een realistische en adembenemende visuele ervaring. Ontdek en inspireer op een geheel nieuw niveau.
Ongeëvenaarde beeldkwaliteit
Dankzij een 240Hz QHD+ IPS-niveau scherm met 100% DCI-P3 kleurdekking geniet je van haarscherpe, levendige beelden in de soepelste kwaliteit. Het 16:10 golden ratio-display vergroot het beeldoppervlak en biedt een ultieme visuele ervaring.
Verlicht je gamestijl
De Sword Series introduceert een geüpgradede 24-Zone RGB-toetsenbord. De transparante WASD-toetsen lichten op in levendige kleuren, waardoor je gameplay naar een hoger niveau wordt getild. Laat je wereld stralen met stijl en innovatie.
Uitzonderlijke draadloze ervaring
Met de nieuwste Wi-Fi 6E geniet je van razendsnelle internetverbindingen, zelfs wanneer je het netwerk deelt met meerdere gebruikers.
Herontworpen voor maximale koeling
Het vernieuwde koelingssysteem met 6 uitlaatventilaties zorgt voor een efficiëntere luchtstroom. Dankzij het gedeelde warmtebuisontwerp met 5 heat pipes, een grotere diameter van de thermische buizen en exclusieve MSI-koelpasta blijft de laptop optimaal presteren, zelfs tijdens extreme gaming-sessies.
Aan de voorhoede van snelheid
Profiteer van de ultieme snelheden met DDR5-geheugen, wat de algehele prestaties van je laptop aanzienlijk verhoogt.
Hogere snelheid, lagere latentie
De nieuwe Sword Series ondersteunt 2 SSD-slots met 1x PCIe Gen 5 & 1x PCIe Gen 4, waardoor je geniet van razendsnelle lees- en schrijfsnelheden en een minimale latentie. (
Optioneel. Specificaties kunnen variëren per configuratie.
)
De perfecte audiobeleving
Dompel jezelf onder in verliesvrije muziek en geniet van Hi-Resolution Audio voor een ongeëvenaarde geluidskwaliteit.
Verbeter je audioervaring
Ervaar en deel audio zoals het bedoeld is met Nahimic in-game 3D surround & Sound Sharing via Bluetooth.
Haal alle buffs binnen
Met de exclusieve MSI Center pas je jouw MSI-laptop volledig naar wens aan en optimaliseer je jouw instellingen.
Speel mobiele games als een console met controller
Dankzij een exclusieve samenwerking met BlueStacks biedt de MSI APP Player een naadloze overgang tussen mobiel gamen en PC-gaming. Speel je favoriete mobiele games met console-achtige precisie.",https://www.laptop.nl/picture/80068397/600/370/HighResolution/LPNL/false,https://www.laptop.nl/product/msi-sword-17-hx-b14vfkg-010nl/80068397/17923
Laptops,MSI Katana A15 AI B8VF-299NL,"Bescherm je eer en versla je vijanden. Ontwaak je innerlijke kracht en erf de wil van de Draak. In jouw handen ligt het Drakenblad, doordrenkt met oude krachten en gegraveerd met runen van wind. Versla elke tegenstander die je pad kruist met het legendarische zwaard Katana A15 AI B8V.
EEN BETROUWBARE AI-KLAAR PROCESSOR VOOR ULTIEME GAMING-LAPTOPS
AMD Ryzen™ 8040 Series-processors zijn ontworpen om premium ervaringen te bieden met betrouwbare prestaties, ongelooflijke batterijduur en de kracht van persoonlijke AI. Laat de AMD Ryzen™ 8040 Series-processors, uitgerust met AMD Ryzen™ AI, je helpen de kracht van AI-technologie te ontdekken en te benutten voor werk, gaming en AI-gestuurde ervaringen.
GEFORCE RTX™ 40 SERIES LAPTOPS
BEYOND FAST
NVIDIA® GeForce RTX™ 40 Series GPU's zijn ongekend snel voor zowel gamers als content creators. Ze worden aangedreven door de ultra-efficiënte NVIDIA Ada Lovelace-architectuur, die een revolutionaire sprong maakt in prestaties en AI-gestuurde graphics. Beleef hyperrealistische virtuele werelden met
ray tracing
en geniet van ultra-hoge FPS gaming met de laagste latentie. Ontdek baanbrekende nieuwe manieren om te creëren en ervaar ongekende workflow-versnelling.
AI-GESTUURDE PRESTATIES EN LEVENSECHTE GRAPHICS
Ervaar een enorme prestatietoename in games en creatieve applicaties met AI-powered DLSS 3 en geniet van realistische virtuele werelden met volledige ray tracing.
RAY TRACING: HYPERREALISTISCH & HYPERSNEL
De Ada-architectuur benut het volledige potentieel van
ray tracing
, waarmee lichtsimulatie op realistische wijze wordt nagebootst. Dankzij de kracht van de RTX 40 Series en derde-generatie
RT Cores
beleef je ongelooflijk gedetailleerde virtuele werelden als nooit tevoren.
GEOPTIMALISEERD VOOR KRACHT & PRESTATIES
NVIDIA Max-Q is een geavanceerde suite van AI-gestuurde technologieën die je systeem optimaliseert voor maximale efficiëntie. Dit maakt supersnelle laptops mogelijk die dun, stil en extreem energiezuinig zijn.
NOG SLIMMER DAN OOIT
MSI-laptops versnellen je werk en game-ervaring sneller en efficiënter dan ooit tevoren. Ze zijn standaard uitgerust met exclusieve MSI Intelligent Technology, waarmee nieuwe intelligente functies worden geïntroduceerd en automatische optimalisatie naar een hoger niveau wordt getild.
MSI AI ENGINE
MSI AI Engine detecteert automatisch verschillende gebruikersscenario's en past hardware-instellingen hierop aan voor optimale prestaties. Met eenvoudige AI-geoptimaliseerde modi en middelen kun jij je concentreren op wat echt belangrijk is: creëren, werken en entertainment.
BLIKSEMSNELLE EN VLOEIENDE WEERGAVE
Mis nooit een moment dankzij de scherpe beelden en vloeiende refresh rate van het 144Hz IPS-niveau scherm.
VERLICHT JE GAMESTIJL
De
Katana Series
is uitgerust met een 4-Zone RGB-toetsenbord met verlichte WASD-toetsen en speciaal ontworpen keycaps. Geniet van het kleurrijke licht dat pulseert als een energiebron en je een meeslepende game-ervaring biedt in stijl!
HERSMEDE KOELINGSSYSTEEM MET SHARE PIPE DESIGN
Maak kennis met de
Share Pipe
, een warmtebuis die zowel de CPU als GPU koelt en de thermische efficiëntie verhoogt. Dankzij MSI Cooler Boost 5 kunnen gamers zich zonder onderbrekingen verdiepen in complexe gamewerelden.
SNELLER AANSLAG, BETERE PRESTATIES
Versnel je prestaties op elk niveau met de verhoogde lees- en schrijfsnelheden van
DDR5-geheugen
.
MAGISCHE LAADSNELHEDEN
Met extreem hoge prestaties en een bandbreedte tot
7,88 GB/s
maakt
PCIe Gen 4
het mogelijk om games en taken razendsnel te laden.
DE PERFECTE AUDIOBELEVING
Dompel jezelf onder in lossless muziek en geniet van premium geluidskwaliteit met Hi-Resolution Audio.
VERBETER JE AUDIOERVARING
Ervaar audio zoals het bedoeld is en deel het via Nahimic in-game 3D surround & Sound Sharing via Bluetooth.
HAAL ALLE BUFFS BINNEN
Met de exclusieve
MSI Center
kun je jouw MSI-laptop volledig naar wens instellen en aanpassen.
EEN UITZONDERLIJKE DRAADLOZE ERVARING
Met de nieuwste
Wi-Fi 6E geniet je van verbluffende snelheden en een stabiele netwerkverbinding, zelfs als je het netwerk met meerdere gebruikers deelt.",https://www.laptop.nl/picture/80068394/600/370/HighResolution/LPNL/false,https://www.laptop.nl/product/msi-katana-a15-ai-b8vf-299nl/80068394/17923
Laptops,Lenovo Legion 5 - 83DG00CXMH,"Gamen zonder compromissen. Scoor beter met de kracht van een Intel® Core™-processor.
Intel® Core™-processors beschikken over een nieuwe geoptimaliseerde hybride architectuur en toonaangevende technologie waarmee je meer kunt doen dan alleen gamen en creatief zijn. Met Intel® kun je het allemaal. Van vooruitgang in games tot vooruitgang in het echte leven: met Intel® kun je beste uit jezelf halen.
Krachtige NVIDIA® GeForce RTX™ grafische kaarten. Sneller dan snel.
Laptop-GPU's uit de NVIDIA® GeForce RTX 40-serie vormen de basis van de snelste laptops ter wereld voor gamers én makers. Ze zijn gemaakt voor het AI-tijdperk en vormen een enorme sprong voorwaarts in prestaties met DLSS 3 op basis van AI. Ze maken levensechte virtuele werelden mogelijk met volledige raytracing. Bovendien optimaliseert de technologie van de Max-Q-suite systeemprestaties, kracht, batterijduur en geluid voor een maximale efficiëntie.
Profiteer van 3 maanden Xbox Game Pass op Lenovo Legion-apparaten
Speel meer dan 100 hoogwaardige games met je nieuwe Lenovo Legion-laptop en drie maanden Xbox Game Pass, met EA Play inbegrepen. Er worden constant nieuwe games toegevoegd, dus je kunt altijd iets nieuws spelen. Download een game en speel met zeer natuurgetrouwe beelden of speel consolegames vanuit de cloud met de verbonden controller. Zie xbox.com/subscriptionterms.
Game slimmer en sneller met Lenovo AI Engine+
Strijd nu op gelijke voet met je tegenstanders met de Lenovo Legion Pro 5i Gen 9. Dit is niet zomaar een gaminglaptop, maar betekent een ware revolutie. Jouw geheime wapen in de gamingarena werkt met een LA1 AI-chip en de Lenovo AI Engine+. Deze laptop optimaliseert je gameplay in realtime met maximale FPS voor vloeiende animaties en snelle reacties waarmee je je tegenstanders een stap voor blijft. En net als jij blijft deze laptop maar doorgaan: hij verbetert en evolueert voortdurend ??dankzij de innovatieve Smart Engine. Met deze laptop speel je niet alleen games, je domineert ze.
Legion ColdFront: de thermische titaan
Klaar om tot het uiterste te gaan in je games? Legion ColdFront is verbeterd met AI, waardoor de koeling nog beter werkt. Door de Phase-Change Materials en superdunne 3D-bladen is het koelsysteem ingrijpend verbeterd. Je eigen Legion Pro 5i-laptop? Die draait soepeler dan ooit tevoren. Verwacht een superkrachtige luchtstroom dankzij onze kolossale hybride koelbuizen. Alles draait om maximale thermische efficiëntie en topprestaties, hoe zwaar de game ook wordt. En het vermogen? Je hebt maar liefst 200 W tot je beschikking.
Visuele glorie op een adembenemend scherm
Richt je vijanden snel te gronde dankzij het geavanceerde Lenovo PureSight-gamingscherm, nu met X-Rite™ Pantone®-certificering en in de fabriek gekalibreerd voor ongelooflijk nauwkeurige kleuren. Door de hoge variabele vernieuwingsfrequentie van 240 Hz, 100% DCI-P3 en een beeldverhouding van 16:10 is het 16"" QHD-scherm van de Legion Pro 5i Gen 9 perfect voor een totaaloverzicht, snelle reflexen en nauwkeurig richten. Het scherm neemt 93,08% van het oppervlak in beslag, waardoor het lijkt alsof je beeld in de ruimte zweeft. Bovendien zie je met HDR en een hoge kleurnauwkeurigheid elk detail van je game, hoe licht of donker het ook wordt.
Profiteer van Lenovo Vantage
Met Lenovo Vantage kun je je instellingen optimaliseren om nog dieper in je games te duiken. Je kunt de mogelijkheden van je laptop aanpassen, personaliseren en maximaliseren met onze alles-in-één-suite van tools. Niets staat je succes in de weg met het realtime prestatiedashboard, overklokopties en AI-afstelling van de prestaties met intelligente ventilatorregeling.
Groener gamen
Game op een verantwoorde manier met de Legion Pro 5i die duurzaamheid vooropstelt. Het A-frame bestaat voor 30% uit gerecyclede kunststof en deze schone, milieubewuste en groene laptop is daarnaast ook van een oliewerende coating voorzien. Het I/O-dashboard aan de achterzijde met volledige I/O-ondersteuning biedt alle aansluitingen die je nodig hebt om je dagelijkse activiteiten te stroomlijnen en te vereenvoudigen. Door de CO2 Carbon Offset Service van Lenovo is je apparaat ook nog eens voorzien van milieuvriendelijke duurzaamheid, proactiviteit en transparantie. Dit is gemakkelijk voor jou en waardevol voor het milieu.
Ervaar de weergaloze kracht
Profiteer van het ongeëvenaarde batterijvermogen van de Legion Pro 5i-laptop. Deze stoere jongen is voorzien van een enorme batterij van 80 Wh, zodat je elke dag de hele dag kunt doorgaan. Met Super Rapid Charge laad je die monsterbatterij binnen enkele minuten op als je de gelijkstroomoplader van 300 W uit de doos gebruikt, terwijl je onderweg met 140 W kunt opladen via USB-C. Tegelijkertijd gebruikt Smart Battery machine learning om de capaciteit van de batterij optimaal te benutten en verslechtering te verminderen, zodat je optimaal gebruik kunt maken van de langere batterijduur van je laptop.
Bevelen, beheersen en veroveren
De Legion Pro 5i Gen 9 is voorzien van een Legion TrueStrike-gamingtoetsenbord, de perfecte bediening voor gamers die nauwkeurige controle en geweldige aanpassingsmogelijkheden eisen. Dit grote toetsenbord beschikt ook over grote pijl- en cijfertoetsen en een groot Mylar-touchpad dat je alles geeft wat je nodig hebt om iedereen de baas te zijn. Dankzij de volledig aanpasbare RGB-verlichting, mogelijk gemaakt door Lenovo Spectrum, kun je een ??geweldige sfeer creëren tijdens het gamen. Bovendien kun je met een toetsveerweg van 1,5 mm en ondersteuning voor verwisselbare toetskapjes de perfecte omgeving voor jouw speelstijl creëren.
Ga nog meer op in games en verbeter je kwaliteit van leven
Tobii Horizon is geavanceerde software die zonder extra hulpmiddelen je hoofdbewegingen volgt, zodat je een topselectie van games en gamefranchises op een geheel nieuwe manier kunt ervaren. Dit gaat verder dan gamen alleen: treed nieuw tijdperk binnen met slimme Tobii Aware-functies die je privacy, veiligheid, productiviteit en welzijn verbeteren.
Nahimic® Audio By SteelSeries voor gamers, meeslepend 3D-geluid
Geniet van games op een geheel nieuwe manier met Nahimic by SteelSeries op de Legion Pro 5i. Dit is speciaal ontworpen voor gamers en produceert een meeslepend 3D-geluid dat je beleving van games verbetert. Communiceer met je teamgenoten met een kristalheldere kwaliteit of mix en deel audiostreams als een professional. Nahimic verbetert niet alleen je games, maar zorgt ervoor dat je er helemaal in kunt opgaan.
Geavanceerde ondersteuning voor Legion-apparaten.
Krijg 24 uur per dag speciale ondersteuning voor gamers met Legion Ultimate Support. Dit is jouw beste gametactiek die altijd garandeert dat je voor 100% presteert. Of het nu gaat om werk of ontspanning, onze gamingspecialisten staan ??klaar om je te helpen met advies over instellingen, optimalisatie van hardware/software en meer. En als we je probleem niet op afstand kunnen oplossen, staan we de volgende werkdag bij je voor de deur. Doe meer met Legion Ultimate Support.
Legion Arena, de ultieme gaminghub
Al je games op één plek. Met de centrale gaminghub Legion Arena synchroniseer je eenvoudig alles van populaire stores en gamingplatforms en heb je volledige controle over hoe je je gamebibliotheek bekijkt en beheert. Je hebt vanaf één plek toegang tot al je games, zonder tussen apps te moeten wisselen om je favoriete games te zoeken.
Profiteer van 3 maanden Xbox Game Pass op Lenovo Legion-apparaten
Speel meer dan 100 kwaliteitsgames met je nieuwe Lenovo Legion-laptop en drie maanden Xbox Game Pass, inclusief EA Play. Er worden constant nieuwe games toegevoegd, dus je kunt altijd iets nieuws spelen. Download een game en speel met zeer natuurgetrouwe beelden of speel consolegames vanuit de cloud met de verbonden controller.
Specificaties kunnen per regio en/of model afwijken.",https://www.laptop.nl/picture/80066132/600/370/HighResolution/LPNL/false,https://www.laptop.nl/product/lenovo-legion-5-83dg00cxmh/80066132/17923
Laptops,Acer Aspire Go 17 AG17-31P-37K8,"De Aspire Go is een laptop die staat voor eenvoud zonder compromissen. Het doordachte en gebruiksvriendelijke ontwerp is voorzien van alle benodigde functionaliteit om je verbonden en productief te houden.
Uitzonderlijke prestaties en productiviteit
Een processor tot de Intel® Core™ serie, 32 GB aan geheugen en een SSD van 1 TB zorgen voor vloeiende prestaties en optimale responsiviteit. En de uitzonderlijke batterijduur en ondersteuning van je dagelijkse AI-assistent Copilot garanderen maximale productiviteit.
Fantastische visuals
De Aspire Go is verkrijgbaar met diverse schermformaten en voorziet daarmee in alle vereisten. Het beeld is scherp en levendig dankzij een resolutie tot WUXGA en een beeldverhouding van 16:10. En dankzij de Acer BlueLightShield™ technologie krijg je zelfs bij langdurig gebruik geen last van je ogen.
Gemaakt voor gebruiksgemak
Verkrijgbaar in allerlei kleuren. Verbind je apparaten naadloos en laad ze probleemloos op met de twee volledig functionele USB Type-C-poorten. WiFi 6 en HDMI 2.1-connectiviteit maken je digitale ervaringen sneller, soepeler en leuker.
Effectieve optimalisatie
AcerSense™ biedt intuïtieve batterij-, opslag- en app-optimalisatie met één druk op de knop. Acer TNR en Acer PurifiedVoice™ verbeteren de kwaliteit van video-oproepen met een ongekende helderheid.
Vriendelijker voor de planeet
Dankzij de verpakking van 100% recyclebare materialen en componenten van 30% post-consumer recycled plastic heeft de Aspire Go zowel een Energy Star-certificering als een EPEAT-registratie. Zo kun jij een meer verantwoorde keuze maken.",https://www.laptop.nl/picture/21755936/600/370/HighResolution/LPNL/false,https://www.laptop.nl/product/acer-aspire-go-17-ag17-31p-37k8/21755936/17923
Laptops,Outlet: HP OMEN Gaming 17-db0520nd,"Betreed de wereld van grenzeloze gaming met de HP OMEN 17-db0520nd laptop, een krachtige machine die de grenzen van gamingtechnologie verlegt met zijn slimme AI-mogelijkheden. Deze laptop is ontworpen om niet alleen te voldoen aan, maar ook om te anticiperen op de behoeften van zelfs de meest veeleisende gamers.
Met een AMD Ryzen™ 5 8645HS processor aan boord levert de HP OMEN 17-db0520nd laptop indrukwekkende prestaties, terwijl de AMD Radeon Graphics en NVIDIA GeForce RTX 4050 grafische kaart zorgen voor adembenemende visuals en vloeiende gameplay. Maar wat deze laptop echt onderscheidt, is zijn slimme AI-technologie, die zich aanpast aan jouw speelstijl en de prestaties optimaliseert voor een meeslepende gamingervaring.
Het 17,3-inch Full HD-beeldscherm biedt een indrukwekkende kijkervaring, terwijl 16 GB DDR5-SDRAM en een snelle 512 GB SSD-opslagruimte zorgen voor voldoende ruimte en snelheid om al je favoriete games soepel te laten draaien.
Met Windows 11 Home als besturingssysteem geniet je van een naadloze en intuïtieve gebruikerservaring, terwijl het strakke zwarte ontwerp van de HP OMEN 17-db0520nd laptop kracht en stijl uitstraalt.
Dankzij zijn slimme AI-mogelijkheden en krachtige prestaties is de HP OMEN 17-db0520nd laptop de ultieme metgezel voor elke gamer die op zoek is naar een voorsprong op de concurrentie. Bereid je voor om je gaming naar nieuwe hoogten te tillen en domineer het speelveld met deze revolutionaire gamingmachine.",https://www.laptop.nl/picture/80068101/600/370/HighResolution/LPNL/false,https://www.laptop.nl/product/outlet-hp-omen-gaming-17-db0520nd/80068101/17923
Laptops,HP Pavilion Plus 14-ew0580nd,"Ontdek de ultieme prestaties en verbluffende beeldkwaliteit van de HP Pavilion Plus 14-ew0580nd laptop. Met zijn clamshell-vormfactor biedt dit apparaat een slank en stijlvol ontwerp dat perfect is voor onderweg.
Aangedreven door een krachtige Intel® Core™ i7-1355U processor levert deze laptop snelle en responsieve prestaties, waardoor je moeiteloos kunt multitasken en veeleisende taken kunt uitvoeren.
Geniet van een ongeëvenaarde kijkervaring op het 35,6 cm (14"") OLED-scherm met een HD type van 2.8K en een indrukwekkende resolutie van 2880 x 1800 pixels. Elk detail wordt prachtig weergegeven met diepe zwarttinten en levendige kleuren, waardoor je films, foto's en content tot leven komen.
Met 16 GB LPDDR5x-SDRAM intern geheugen biedt deze laptop voldoende ruimte voor soepel multitasken, zodat je naadloos kunt schakelen tussen verschillende applicaties. En dankzij de 512 GB SSD-opslag heb je genoeg ruimte voor al je bestanden, documenten en media.
De Intel Iris Xe Graphics on-board grafische adapter zorgt voor vloeiende en responsieve grafische prestaties, waardoor je kunt genieten van gaming, video's en meer met verbluffende visuele details.
De HP Pavilion Plus 14-ew0580nd wordt geleverd met Windows 11 Home als het inbegrepen besturingssysteem, waardoor je kunt profiteren van de nieuwste functies en beveiligingsupdates. Met zijn elegante zilveren afwerking en een gewicht van slechts 1,38 kg is deze laptop de perfecte combinatie van stijl en kracht.",https://www.laptop.nl/picture/80066234/600/370/HighResolution/LPNL/false,https://www.laptop.nl/product/hp-pavilion-plus-14-ew0580nd/80066234/17923
Laptops,HP OMEN Gaming 17-db0520nd,"Betreed de wereld van grenzeloze gaming met de HP OMEN 17-db0520nd laptop, een krachtige machine die de grenzen van gamingtechnologie verlegt met zijn slimme AI-mogelijkheden. Deze laptop is ontworpen om niet alleen te voldoen aan, maar ook om te anticiperen op de behoeften van zelfs de meest veeleisende gamers.
Met een AMD Ryzen™ 5 8645HS processor aan boord levert de HP OMEN 17-db0520nd laptop indrukwekkende prestaties, terwijl de AMD Radeon Graphics en NVIDIA GeForce RTX 4050 grafische kaart zorgen voor adembenemende visuals en vloeiende gameplay. Maar wat deze laptop echt onderscheidt, is zijn slimme AI-technologie, die zich aanpast aan jouw speelstijl en de prestaties optimaliseert voor een meeslepende gamingervaring.
Het 17,3-inch Full HD-beeldscherm biedt een indrukwekkende kijkervaring, terwijl 16 GB DDR5-SDRAM en een snelle 512 GB SSD-opslagruimte zorgen voor voldoende ruimte en snelheid om al je favoriete games soepel te laten draaien.
Met Windows 11 Home als besturingssysteem geniet je van een naadloze en intuïtieve gebruikerservaring, terwijl het strakke zwarte ontwerp van de HP OMEN 17-db0520nd laptop kracht en stijl uitstraalt.
Dankzij zijn slimme AI-mogelijkheden en krachtige prestaties is de HP OMEN 17-db0520nd laptop de ultieme metgezel voor elke gamer die op zoek is naar een voorsprong op de concurrentie. Bereid je voor om je gaming naar nieuwe hoogten te tillen en domineer het speelveld met deze revolutionaire gamingmachine.",https://www.laptop.nl/picture/80066238/600/370/HighResolution/LPNL/false,https://www.laptop.nl/product/hp-omen-gaming-17-db0520nd/80066238/17923
Laptops,Outlet: Lenovo Legion 7 - 83FD0071MH,"De Lenovo Legion 7 is een indrukwekkende laptop die kracht en veelzijdigheid combineert in een elegant clamshell-ontwerp. Met zijn krachtige Intel® Core™ i9-processor uit de nieuwste generatie en een royaal intern geheugen van 32 GB DDR5-SDRAM, biedt deze laptop ongeëvenaarde prestaties voor een breed scala aan taken, van intensieve multitasking tot creatieve ontwerpprojecten.
Het 16-inch scherm van de Legion 7 is adembenemend met zijn 3.2K-resolutie van 3200 x 2000 pixels. Of je nu foto's bewerkt, video's bekijkt of gewoon surft op het web, elk detail komt tot leven met helderheid en precisie. Het scherm is een genot voor de zintuigen, waardoor je wordt ondergedompeld in alles wat je doet.
Met een totale opslagcapaciteit van 1 TB SSD is er meer dan genoeg ruimte om al je bestanden, documenten, foto's en video's op te slaan zonder je zorgen te maken over het gebrek aan ruimte. Je kunt zelfs enkele van je favoriete games installeren en genieten van een soepele gamingervaring.
De Lenovo Legion 7 is niet alleen krachtig op het gebied van software, maar ook op het gebied van hardware. Met zowel geïntegreerde Intel® UHD Graphics als een discrete NVIDIA GeForce RTX 4070 grafische kaart, ben je verzekerd van verbluffende grafische prestaties, of je nu aan het gamen bent, foto's bewerkt of video's bekijkt.
Met Windows 11 Home als besturingssysteem biedt de Legion 7 een intuïtieve en gebruiksvriendelijke gebruikerservaring, waardoor je productief kunt blijven zonder gedoe. Of je nu aan het werk bent of jezelf verliest in je favoriete content, deze laptop zorgt ervoor dat je altijd op je best bent.
Met zijn strakke zwarte ontwerp en hoogwaardige afwerking is de Lenovo Legion 7 niet alleen een krachtige en veelzijdige laptop, maar ook een stijlvolle metgezel die je overal mee naartoe kunt nemen.",https://www.laptop.nl/picture/80068984/600/370/HighResolution/LPNL/false,https://www.laptop.nl/product/outlet-lenovo-legion-7-83fd0071mh/80068984/17923
Laptops,Acer Aspire 3 15 A315-44P-R599,"Je kunt direct aan de slag met de Aspire 3 dankzij de nieuwste AMD Ryzen™ 7000 serie processoren
[1]
, geoptimaliseerd voor multitasking en productiviteit. Met gebruiksgemak aan de basis staat deze gezinsvriendelijke laptop altijd voor je klaar.
Meteen klaar voor gebruik
Je kunt direct aan de slag met de Aspire 3 dankzij de nieuwste AMD Ryzen™ 7000 serie processoren
[1]
met Radeon™ grafische kaart – voor prestaties en productiviteit voor het hele gezin. Ideaal als je optimaal wilt kunnen werken, studeren of gamen.
Verbeterde thermiek
Het 78% grotere ventilatoroppervlak verbetert het thermische systeem en vergroot de thermische capaciteit met 17%
[3]
. Zo kun je langer en efficiënter werken zonder het stopcontact nodig te hebben
[4]
.
Doelgericht ontwerp
Dankzij de slanke metalen cover
[1]
, die verkrijgbaar is nieuwe, levendige kleuren
[1]
, is de Aspire 3 met zijn 1,6 kg
[1]
en 18,9 mm
[1]
lichter en dunner dan ooit tevoren. Daarbij zorgt de lange batterijduur dat gebruikers meer gedaan krijgen tussen oplaadbeurten.
Het scherm
Het 1080p FHD
[1]
-scherm garandeert een scherp en gedetailleerd beeld dat perfect is voor internetten en videostreamen. Bovendien vermindert Acer BlueLightShield™ daarbij de blootstelling aan blauw licht.
Ultieme connectiviteit
Sluit je nieuwste apparaten aan of laad ze op via de multifunctionele USB Type-C-poort. WiFi 6E
[1,2]
en HDMI 2.1 bieden daarbij nog meer productiviteit en functionaliteit voor het hele gezin.",https://www.laptop.nl/picture/21615555/600/370/HighResolution/LPNL/false,https://www.laptop.nl/product/acer-aspire-3-15-a315-44p-r599/21615555/17923
Laptops,Outlet: HP 15s-eq2530nd,"Ontdek de kracht en veelzijdigheid van de HP 15s-eq2530nd laptop. Met zijn clamshell-vormfactor biedt dit apparaat een slank en functioneel ontwerp dat perfect is voor dagelijks gebruik.
Aangedreven door een AMD Ryzen™ 7 5700U processorfamilie, levert deze laptop indrukwekkende prestaties voor multitasking en veeleisende taken, waardoor je moeiteloos kunt werken en creëren.
Geniet van een meeslepende kijkervaring op het 39,6 cm (15.6"") Full HD-scherm met een resolutie van 1920 x 1080 pixels. Elk detail wordt helder en scherp weergegeven, of je nu aan het werk bent of geniet van multimedia.
Met 16 GB DDR4-SDRAM intern geheugen biedt deze laptop voldoende ruimte voor soepel multitasken, zodat je naadloos kunt schakelen tussen verschillende applicaties. En met een royale 1 TB SSD-opslag heb je genoeg ruimte voor al je bestanden, foto's en video's.
De AMD Radeon Graphics on-board grafische adapter zorgt voor vloeiende en responsieve grafische prestaties, waardoor je kunt genieten van multimedia en lichte gaming met verbluffende visuele effecten.
De HP 15s-eq2530nd wordt geleverd met Windows 11 Home als het inbegrepen besturingssysteem, waardoor je kunt profiteren van de nieuwste functies en beveiligingsupdates. Met zijn elegante zilveren afwerking voegt dit product een vleugje stijl toe aan je dagelijkse routine.",https://www.laptop.nl/picture/80068429/600/370/HighResolution/LPNL/false,https://www.laptop.nl/product/outlet-hp-15s-eq2530nd/80068429/17923
Laptops,MSI Raider 18 HX AI A2XWJG-232NL,"Twee krachten op kosmisch niveau kwamen samen, lichtten op als een supernova en zo ontstond de nieuwe krachtpatser op kosmisch niveau: Raider 18 HX AI. Met maximaal Intel® Core™ Ultra 9-processor 285HX en NVIDIA® GeForce RTX™ 5090 laptop GPU, met verbeterde efficiëntie en grafische kracht, overboost ultra die hoger wordt tot 260W in combinatie met een 18” scherm, getuige en ervaar deze nieuwe speculant met glamour en kracht.
Desktop prestaties met efficiëntie
Tot Intel® Core™ Ultra 9-processor 285HX
De Intel® Core™ Ultra 9-processor 285HX ontgrendelt een nieuw prestatieniveau met een geheel nieuwe P-core & E-core architectuur die betere prestaties per watt oplevert. Deze processor maakt draagbare games koeler, stiller en levert topprestaties.
GeForce RTX 50-serie laptops game-wisselaar
Aangedreven door NVIDIA Blackwell brengen GeForce RTX™ 50-serie laptop GPU's gameveranderende mogelijkheden naar gamers en ontwerpers. Uitgerust met een enorm niveau van AI-pk, maakt de RTX 50-serie nieuwe ervaringen en next-level grafische natuurgetrouwheid mogelijk. Vermenigvuldig prestaties met NVIDIA DLSS 4, genereer beelden met ongekende snelheid en ontketen je creativiteit met NVIDIA Studio. Allemaal in de dunste en langst meegaande RTX-laptops, geoptimaliseerd door Max-Q.
Superieure snelheid. Superieure beelden.
DLSS 4 verhoogt de prestaties enorm en verbetert de beeldkwaliteit voor topgames met behulp van de kracht van AI.
Game-winnende reactiesnelheid
NVIDIA Reflex 2 met Frame Warp geeft je de ultieme reactiesnelheid, verbetert doelopsporing, reactietijd en richtprecisie.
Levensechte graphics
Ervaar beelden van bioscoopkwaliteit op ongekende snelheid met volledige ray tracing en baanbrekende neurale renderingtechnologieën.
MSI Overboost Ultra Technologie
Wanneer onder extreme werklasten volledige CPU en GPU resources nodig zijn, levert MSI OverBoost Ultra technologie maximale gecombineerde CPU en GPU prestaties, of stelt Max Boost prestaties in over alle 8 P-Cores wanneer alleen de CPU wordt gebruikt.
Overal koeler
De Raider 18 HX AI's 3D koelribunes, samen met dubbele ventilatoren en zeven koperen pijpen, worden aangestuurd door een innovatief ontwerp en transformeren de thermische efficiëntie volledig. Deze slimme opstelling zorgt ervoor dat je apparaat constant piekprestaties behoudt, zelfs tijdens zware werkbelastingen die veel bronnen vereisen.
Verlicht ze
Het Mystic Light met matrix lichtbalkontwerp van de Raider 18 HX AI is een baanbrekende RGB-verlichting. De matrix lichtbalk presenteert de nieuwe esthetiek van technologie en toekomst. Met 16,8 miljoen kleuren kan hij de verlichting personaliseren en een gamesfeer creëren voor gamers.
18-inch 4K Mini-LED 120Hz scherm
Geniet van ongeëvenaard realisme met de ultrahoge resolutie van het Mini LED 4K-scherm, of je nu binnen, buiten of in direct zonlicht bent. Geniet van de uitstekende prestaties van DisplayHDR 1000 en het levendige kleurengamma. Verhoog je game-ervaring met een snelle 120Hz verversingssnelheid. Ga helemaal op in de ware essentie van gaming.
Nu nog slimmer
Ervaar slimmere productiviteit met Copilot en MSI AI Engine voor naadloos multitasken. Deze geavanceerde AI-tools passen zich aan je behoeften aan, optimaliseren de prestaties en stroomlijnen workflows moeiteloos.
Combinatie van hoge snelheden
Met ondersteuning voor maximaal 2 SSD's met razendsnelle overdrachtssnelheden en tot DDR5-6400MHz geheugen, biedt de Raider 18 HX AI extreme gegevensprestaties en ongeëvenaarde gaming en multitasking mogelijkheden. Ervaar piekefficiëntie voor al uw werklasten.
Thunderbolt™ 5 Technologie
De voorhoede van data-overdracht en connectiviteitsoplossing is nu beschikbaar. Geniet van tot 120 Gbps aan overdrachtsbandbreedte met Thunderbolt™ Bandwidth Boost, terwijl je verbinding kunt maken met meer monitoren met een hogere resolutie en vernieuwingsfrequenties dan ooit.
6X Luidsprekers Geluidssysteem
Raider 18 HX AI wordt geleverd met een 6-speaker surround sound-systeem van wereldklasse door Dynaudio. Gebouwd met krachtig basgeluid en helderdere zang, met ondersteuning voor Nahimic en Hi-Res Audio om aan de hoogste akoestische verwachtingen te voldoen.
Volledige ondersteuning voor alle mogelijkheden
Raider 18 HX AI wordt geleverd met een uitgebreid pakket I/O-poorten om een verscheidenheid aan apparaten en schermuitvoer te ondersteunen. Dit geeft gamers maximale flexibiliteit bij het gebruik van de laptop.
ONTDEK JE VOLGENDE FAVORIETE GAME
Geniet van honderden PC games van hoge kwaliteit met je nieuwe MSI apparaten en een maand Xbox Game Pass- inclusief EA play. Er komen steeds nieuwe games bij, dus er is altijd iets nieuws om te spelen. Wissel Xbox Game Pass in via je MSI laptop via de Microsoft Store APP.",https://www.laptop.nl/picture/80068558/600/370/HighResolution/LPNL/false,https://www.laptop.nl/product/msi-raider-18-hx-ai-a2xwjg-232nl/80068558/17923
Laptops,ASUS Zenbook 14 OLED UX3405MA-PP192W,"Nieuwe Zen met AI
Ga een stap verder met de opvallend slanke Zenbook 14 OLED - de ultieme, ultradraagbare laptop die verfijning naar een heel nieuw niveau tilt. Geniet van elk moment met behulp van de verbeterde accu met langere gebruiksduur, versterk uw efficiëntie met de eersteklas Intel® Core™ Ultra processor Series 1 en Intel Arc™ graphics, en bereik naadloze connectiviteit via alle essentiële poorten. Dompel uw zintuigen onder in het levendige ASUS Lumina OLED1 aanraakscherm2 en de krachtige nieuwe Super-lineaire luidsprekers, terwijl u de eco-elegantie van het milieubewuste ontwerp omarmt.
Ontwerp
Eigentijdse kleuren
Kies uit twee verfijnde kleuren om uw perfecte Zenbook samen te stellen.
Mobiliteit
Geniet van uw vrijheid
Geniet van compromisloze mobiliteit met het slanke, lichte en stevige volledig metalen ontwerp. De speciaal vervaardigde naadloze afwerking aan de zijkanten zorgt voor een meer vloeiende touch-ervaring. De Zenbook 14 OLED is altijd klaar voor elke uitdaging, overal!
Accu
De hele dag door, elke dag weer
Maak uzelf los van het lichtnet en wees overal productief. De Zenbook 14 OLED heeft het dag-lange uithoudingsvermogen dat u nodig hebt, en meer. En als het tijd is om bij te laden, gaat dat met USB-C Easy Charge uiterst snel en gemakkelijk!
Prestaties
Ontgrendel nieuwe AI-ervaringen
Voer moeiteloos taken uit met de AI-verbeterde multitasking-capaciteiten van de Zenbook 14 OLED. Met de geïntegreerde NPU AI-engine in de Intel Core Ultra-processor zullen AI-gebaseerde vliegen apps door hun taken, en de ultrasnelle, tot 1TB SSD-opslag, 32GB RAM en WiFi 6E6 zorgen ervoor dat u minder lang hoeft te wachten en sneller kunt werken, waar u ook bent.
Scherm
Bekijk het ongelooflijke
Het ultralevendige 2880 x 1800 ASUS Lumina OLED-scherm maakt elk moment ongelooflijk, met zijn tot 600 nits helderheid16, webvriendelijke 16:10 beeldverhouding en 87% scherm/behuizing ratio. En adaptieve synchronisatie past automatisch de verversingssnelheid aan, voor altijd vloeiende beelden.
Audio
Alles klinkt beter
Waar u ook naar luistert, het krachtige, kristalheldere geluid dat wordt geleverd door de Super-lineaire luidsprekers, de slimme versterker en ASUS Audio Booster zal uw oren verwennen.
Toetsenbord
Meer comfort, minder afleiding
Onze revolutionaire Quiet Keyboard-technologie elimineert op elegante wijze storende geluiden, wat zowel uw eigen persoonlijke ruimte als dat van de mensen in uw omgeving ten goede komt. En een druk op de emoji-sneltoets geeft uw gesprekken een levendige uitdrukking. Voor het betere rekenwerk is het touchpad voorzien van het ASUS NumberPad22,23 2.0 virtuele numerieke toetsenblok.
I/O-poorten
Gemakkelijke aansluitingen
De Zenbook 14 OLED is voorzien van alle essentiële, volledig functionele poorten die u nodig hebt voor snelle en naadloze verbindingen onderweg, zodat u geen vervelende dongles en adapters hoeft mee te nemen. Er is zelfs een handige audio combi-aansluiting!
Smart conferencing
Ziet er geweldig uit, klinkt geweldig
U ziet er altijd op uw best uit en klinkt ook zo, dankzij onze innovatieve Ai-verbeterde camera- en audiosystemen.
Beste online vergaderervaring
De ASUS AiSense-camera zorgt ervoor dat u er altijd op uw best uitziet tijdens virtuele vergaderingen.
Duidelijk horen en gehoord worden
Two-Way AI Noise Cancelation maakt gebruik van een enorme deep-learning database om achtergrondgeluiden voor microfoon en audio te verminderen.
Privacy
Bescherm uw privacy
Blijf veilig, dankzij het privacyschild van de camera en snelle gezichtsaanmelding zonder wachtwoord.
Ontgrendelen, onmiddellijk
Met de Windows Hello infrarood (IR) camera kunt u uw laptop snel en veilig ontgrendelen.
Fysiek webcam privacyschild
Het geïntegreerde privacyschild schuift over de webcam voor onmiddellijke privacybescherming tegen nieuwsgierige blikken en onderbrekingen.
Militair niveau
Laptopduurzaamheid op Amerikaans militair niveau
ASUS consumentenlaptops voldoen aan de uiterst veeleisende MIL-STD 810H militaire norm26 voor betrouwbaarheid en duurzaamheid. Daarvoor worden ze onderworpen aan een streng testregime, inclusief uitgebreide tests voor gebruik in ruige omgevingen. Deze factoren helpen ook de levensduur en daarmee de duurzaamheid van de laptops te verbeteren, zodat u kunt werken, reizen of ontspannen in het vertrouwen dat uw ASUS-laptop klaar is voor de echte wereld - vandaag en tot ver in de toekomst.
Software
Echt gepersonaliseerde workflow
ASUS biedt een softwarepakket dat is ontworpen om uw computerervaring naar een hoger plan te tillen. MyASUS biedt een verzameling handige apps en tools die u helpen meer uit uw laptop te halen, terwijl GlideX u in staat stelt meer gedaan te krijgen door schermen te delen op verschillende apparaten. Bovendien helpt ScreenXpert u bij het beheren van app-vensters op alle aangesloten schermen, voor een soepelere workflow.
MyASUS
MyASUS biedt eenvoudige toegang tot ASUS-apps die zijn ontworpen om u te helpen uw systeem te onderhouden, uw software bij te werken, de prestaties van uw pc te optimaliseren, en contact op te nemen met ASUS voor after-sales ondersteuning.
GlideX
GlideX is een oplossing voor het delen van schermen tussen verschillende apparaten die bekabelde of draadloze verbindingen gebruikt om u een grotere en betere ruimte te geven voor werk en ontspanning. GlideX optimaliseert uw workflow in een handomdraai!
ScreenXpert for ASUS PCs
ScreenXpert for ASUS PCs - dat u kunt downloaden via de Microsoft store of kunt vinden in het Start-menu van uw pc - helpt u app-vensters te beheren op alle schermen die zijn aangesloten op uw ASUS pc en geeft u volledige controle over uw workflow!",https://www.laptop.nl/picture/80066217/600/370/HighResolution/LPNL/false,https://www.laptop.nl/product/asus-zenbook-14-oled-ux3405ma-pp192w/80066217/17923
Laptops,"Apple MacBook Air (2025) 15"" - M4 - 16 GB - 256 GB - Zilver","Zo snel kan licht zijn.
MacBook Air is de populairste laptop ter wereld. Om vele redenen. Zo gaat de batterij tot 18 uur mee. Levert de M4-chip ongekend snelle prestaties voor werk en privé. Is de laptop gemaakt voor Apple Intelligence om allerlei dingen moeiteloos voor elkaar te krijgen. En is er nu de prachtige nieuwe kleur hemelsblauw. Met de supercompacte MacBook Air kun je alles aan, waar je ook bent.
Desgin
Gaat overal met je mee.
MacBook Air is opvallend licht en maar iets meer dan een centimeter dun. Zo past de laptop perfect in je drukke leven. En in je tas. MacBook Air met M4 bestaat voor meer dan 50 procent uit gerecyclede materialen en heeft een stevige behuizing van gerecycled aluminium.
Twee perfect compacte formaten. Het 13-inch model is de ultieme laptop voor onderweg. Op het grotere scherm van het 15-inch model heb je nog meer ruimte om te multi­tasken.
Er hangt een nieuwe kleur in de lucht. Met vier prachtige kleuren, waaronder het nieuwe hemelsblauw, is iedereen in de wolken. En bij elke MacBook Air zit een MagSafe-oplaadkabel in de bijpassende kleur.
Prestaties en batterij­duur
M4. Met stip de snelste chip.
Megasnel multi­tasken. Op MacBook Air met M4 gaat alles nog sneller en vloeiender. Of je nu schakelt tussen meerdere apps en tabbladen, video’s bewerkt of games als Sid Meier’s Civilization® VII speelt. En dat allemaal in een geruisloos design zonder ventilator.
Neural Engine. De turbo voor AI. Dankzij de snellere Neural Engine in de M4-chip zit MacBook Air vol krachtige AI-mogelijkheden, waardoor alles wat je doet nog beter gaat. Zo houdt je camera je automatisch midden in beeld, kun je AI-afbeeldingen verbeteren en moeiteloos met de nieuwste LLM’s werken. Kortom, een enorme boost voor je productiviteit en creativiteit.
Batterij waar je verder mee komt. MacBook Air heeft een batterij die tot 18 uur meegaat. En die snelladen ondersteunt: tot wel 50% in 30 minuten.6 Je kunt dus gewoon blijven doorwerken, zonder dat je je zorgen hoeft te maken over je batterij.
Mac + iPhone
Een dreamteam.
Hou je van iPhone, dan hou je van Mac. Met een Mac kun je net zo makkelijk overweg als met een iPhone. Tekst van je iPhone naar je Mac kopiëren of devices opsporen met Zoek Mijn? Je Mac en je iPhone vormen een geweldig team.
Gemaakt voor Apple Intelligence.
Meer doen. Minder moeite.
Apple Intelligence is ingebouwd in je Mac. Het systeem baseert zich op je persoonlijke context en helpt je met schrijven, jezelf uitdrukken en dingen moeiteloos voor elkaar krijgen.
Maximale power. Optimale privacy.
Apple Intelligence beschermt je privacy op alle fronten. Het systeem is geïntegreerd in het hart van je Mac, en gegevens worden op het device zelf verwerkt. Hoewel het zich bewust is van je persoonlijke gegevens, worden die gegevens niet verzameld.
En dankzij het baan­brekende Private Cloud Compute kan Apple Intelligence gebruik­maken van grotere server-based modellen die draaien op Apple silicon. Zo kunnen complexere verzoeken voor je worden afgehandeld zonder dat je privacy in het gedrang komt.
Display
Schitterend van alle kanten.
Het Liquid Retina-display van MacBook Air kan 1 miljard kleuren weergeven en heeft een tot 2x zo hoge resolutie als vergelijkbare pc-laptops. Dankzij het grote contrast en de duidelijke details spatten foto’s en video’s van het scherm, en is tekst haarscherp.
Camera en audio
Beweegt met je mee.
Middelpunt. Blijf in beeld tijdens videogesprekken. Ook als je beweegt of als er mensen naast je komen zitten.
Bureauweergave. Laat je bureau van bovenaf zien terwijl je zelf ook in beeld blijft. Ideaal als je bijvoorbeeld online lesgeeft of je nieuwste project wilt laten zien.
Drie microfoons. Met MacBook Air is je stem tijdens audio- en video­gesprekken goed te horen, terwijl achter­grond­geluiden zoveel mogelijk worden gedempt.
Indruk­wekkend geluidssysteem. De speakers van MacBook Air zijn geschikt voor Ruimtelijke Audio en Dolby Atmos, wat een oase van drie­dimensionaal geluid oplevert als je naar muziek luistert of een film kijkt.
Poorten en connectiviteit
Maak goede connecties.
De MagSafe-oplaadkabel klikt magnetisch vast en weer los. Je hoeft dus niet bang te zijn dat je MacBook Air opeens door de lucht vliegt. Via de twee Thunderbolt 4-poorten kun je professionele accessoires aansluiten en je Mac opladen. De mini-jack-aansluiting ondersteunt koptelefoons met hoge impedantie. En wifi 6E heeft een tot twee keer zo hoge overdrachts­snelheid als wifi 6.
Maak van MacBook Air je ideale werkplek door er tot twee externe displays op aan te sluiten. Met al die extra ruimte kun je eenvoudig in meerdere documenten of apps tegelijk werken.
Beveiliging
Bewaak het fort met één vinger.
Het Magic Keyboard is voorzien van achter­grond­verlichting, een rij functie­toetsen van volledige hoogte en Touch ID, waarmee je snel, makkelijk en veilig je Mac ontgrendelt, inlogt bij apps en websites en online betalingen goedkeurt, met alleen je vinger­afdruk.",https://www.laptop.nl/picture/21770982/600/370/HighResolution/LPNL/false,https://www.laptop.nl/product/apple-macbook-air-2025-15-m4-16-gb-256-gb-zilver/21770982/17923
Laptops,"Apple MacBook Air (2025) 13"" - M4 - 16 GB - 512 GB - Middernacht","Zo snel kan licht zijn.
MacBook Air is de populairste laptop ter wereld. Om vele redenen. Zo gaat de batterij tot 18 uur mee. Levert de M4-chip ongekend snelle prestaties voor werk en privé. Is de laptop gemaakt voor Apple Intelligence om allerlei dingen moeiteloos voor elkaar te krijgen. En is er nu de prachtige nieuwe kleur hemelsblauw. Met de supercompacte MacBook Air kun je alles aan, waar je ook bent.
Desgin
Gaat overal met je mee.
MacBook Air is opvallend licht en maar iets meer dan een centimeter dun. Zo past de laptop perfect in je drukke leven. En in je tas. MacBook Air met M4 bestaat voor meer dan 50 procent uit gerecyclede materialen en heeft een stevige behuizing van gerecycled aluminium.
Twee perfect compacte formaten. Het 13-inch model is de ultieme laptop voor onderweg. Op het grotere scherm van het 15-inch model heb je nog meer ruimte om te multi­tasken.
Er hangt een nieuwe kleur in de lucht. Met vier prachtige kleuren, waaronder het nieuwe hemelsblauw, is iedereen in de wolken. En bij elke MacBook Air zit een MagSafe-oplaadkabel in de bijpassende kleur.
Prestaties en batterij­duur
M4. Met stip de snelste chip.
Megasnel multi­tasken. Op MacBook Air met M4 gaat alles nog sneller en vloeiender. Of je nu schakelt tussen meerdere apps en tabbladen, video’s bewerkt of games als Sid Meier’s Civilization® VII speelt. En dat allemaal in een geruisloos design zonder ventilator.
Neural Engine. De turbo voor AI. Dankzij de snellere Neural Engine in de M4-chip zit MacBook Air vol krachtige AI-mogelijkheden, waardoor alles wat je doet nog beter gaat. Zo houdt je camera je automatisch midden in beeld, kun je AI-afbeeldingen verbeteren en moeiteloos met de nieuwste LLM’s werken. Kortom, een enorme boost voor je productiviteit en creativiteit.
Batterij waar je verder mee komt. MacBook Air heeft een batterij die tot 18 uur meegaat. En die snelladen ondersteunt: tot wel 50% in 30 minuten.6 Je kunt dus gewoon blijven doorwerken, zonder dat je je zorgen hoeft te maken over je batterij.
Mac + iPhone
Een dreamteam.
Hou je van iPhone, dan hou je van Mac. Met een Mac kun je net zo makkelijk overweg als met een iPhone. Tekst van je iPhone naar je Mac kopiëren of devices opsporen met Zoek Mijn? Je Mac en je iPhone vormen een geweldig team.
Gemaakt voor Apple Intelligence.
Meer doen. Minder moeite.
Apple Intelligence is ingebouwd in je Mac. Het systeem baseert zich op je persoonlijke context en helpt je met schrijven, jezelf uitdrukken en dingen moeiteloos voor elkaar krijgen.
Maximale power. Optimale privacy.
Apple Intelligence beschermt je privacy op alle fronten. Het systeem is geïntegreerd in het hart van je Mac, en gegevens worden op het device zelf verwerkt. Hoewel het zich bewust is van je persoonlijke gegevens, worden die gegevens niet verzameld.
En dankzij het baan­brekende Private Cloud Compute kan Apple Intelligence gebruik­maken van grotere server-based modellen die draaien op Apple silicon. Zo kunnen complexere verzoeken voor je worden afgehandeld zonder dat je privacy in het gedrang komt.
Display
Schitterend van alle kanten.
Het Liquid Retina-display van MacBook Air kan 1 miljard kleuren weergeven en heeft een tot 2x zo hoge resolutie als vergelijkbare pc-laptops. Dankzij het grote contrast en de duidelijke details spatten foto’s en video’s van het scherm, en is tekst haarscherp.
Camera en audio
Beweegt met je mee.
Middelpunt. Blijf in beeld tijdens videogesprekken. Ook als je beweegt of als er mensen naast je komen zitten.
Bureauweergave. Laat je bureau van bovenaf zien terwijl je zelf ook in beeld blijft. Ideaal als je bijvoorbeeld online lesgeeft of je nieuwste project wilt laten zien.
Drie microfoons. Met MacBook Air is je stem tijdens audio- en video­gesprekken goed te horen, terwijl achter­grond­geluiden zoveel mogelijk worden gedempt.
Indruk­wekkend geluidssysteem. De speakers van MacBook Air zijn geschikt voor Ruimtelijke Audio en Dolby Atmos, wat een oase van drie­dimensionaal geluid oplevert als je naar muziek luistert of een film kijkt.
Poorten en connectiviteit
Maak goede connecties.
De MagSafe-oplaadkabel klikt magnetisch vast en weer los. Je hoeft dus niet bang te zijn dat je MacBook Air opeens door de lucht vliegt. Via de twee Thunderbolt 4-poorten kun je professionele accessoires aansluiten en je Mac opladen. De mini-jack-aansluiting ondersteunt koptelefoons met hoge impedantie. En wifi 6E heeft een tot twee keer zo hoge overdrachts­snelheid als wifi 6.
Maak van MacBook Air je ideale werkplek door er tot twee externe displays op aan te sluiten. Met al die extra ruimte kun je eenvoudig in meerdere documenten of apps tegelijk werken.
Beveiliging
Bewaak het fort met één vinger.
Het Magic Keyboard is voorzien van achter­grond­verlichting, een rij functie­toetsen van volledige hoogte en Touch ID, waarmee je snel, makkelijk en veilig je Mac ontgrendelt, inlogt bij apps en websites en online betalingen goedkeurt, met alleen je vinger­afdruk.",https://www.laptop.nl/picture/21770981/600/370/HighResolution/LPNL/false,https://www.laptop.nl/product/apple-macbook-air-2025-13-m4-16-gb-512-gb-middernacht/21770981/17923
Laptops,HP Victus Gaming 15-fa1530nd,"Stap in de wereld van gaming met de HP Victus Gaming 15-fa1530nd laptop. Met zijn krachtige specificaties en robuuste ontwerp is dit de ultieme metgezel voor serieuze gamers die onderweg willen spelen.
Uitgerust met een Intel® Core™ i5-12450H processor levert deze laptop snelle en responsieve prestaties, waardoor je zelfs de meest veeleisende games moeiteloos kunt draaien.
Geniet van een meeslepende gaming-ervaring op het 39,6 cm (15.6"") Full HD-scherm met een resolutie van 1920 x 1080 pixels. Elk detail wordt haarscherp weergegeven, waardoor je helemaal opgaat in je favoriete games.
Met 16 GB DDR4-SDRAM intern geheugen biedt deze laptop voldoende ruimte voor soepel multitasken, zodat je naadloos kunt schakelen tussen verschillende applicaties en games. En dankzij de 512 GB SSD-opslag heb je genoeg ruimte voor al je games, saves en downloads.
Met zowel de Intel® UHD Graphics als de discrete NVIDIA GeForce RTX 4050 grafische adapter ben je verzekerd van verbluffende grafische prestaties. Van adembenemende visuals tot vloeiende gameplay, deze laptop levert altijd topprestaties.
De HP Victus Gaming 15-fa1530nd wordt geleverd met Windows 11 Home als het inbegrepen besturingssysteem, waardoor je kunt profiteren van de nieuwste functies en prestatieverbeteringen. Met zijn stoere zwarte ontwerp is deze laptop klaar voor elke gaming-sessie.",https://www.laptop.nl/picture/80066235/600/370/HighResolution/LPNL/false,https://www.laptop.nl/product/hp-victus-gaming-15-fa1530nd/80066235/17923
Laptops,Lenovo Legion 5 - 83DG00CYMH,"Gamen zonder compromissen. Scoor beter met de kracht van een Intel® Core™-processor.
Intel® Core™-processors beschikken over een nieuwe geoptimaliseerde hybride architectuur en toonaangevende technologie waarmee je meer kunt doen dan alleen gamen en creatief zijn. Met Intel® kun je het allemaal. Van vooruitgang in games tot vooruitgang in het echte leven: met Intel® kun je beste uit jezelf halen.
Krachtige NVIDIA® GeForce RTX™ grafische kaarten. Sneller dan snel.
Laptop-GPU's uit de NVIDIA® GeForce RTX 40-serie vormen de basis van de snelste laptops ter wereld voor gamers én makers. Ze zijn gemaakt voor het AI-tijdperk en vormen een enorme sprong voorwaarts in prestaties met DLSS 3 op basis van AI. Ze maken levensechte virtuele werelden mogelijk met volledige raytracing. Bovendien optimaliseert de technologie van de Max-Q-suite systeemprestaties, kracht, batterijduur en geluid voor een maximale efficiëntie.
Profiteer van 3 maanden Xbox Game Pass op Lenovo Legion-apparaten
Speel meer dan 100 hoogwaardige games met je nieuwe Lenovo Legion-laptop en drie maanden Xbox Game Pass, met EA Play inbegrepen. Er worden constant nieuwe games toegevoegd, dus je kunt altijd iets nieuws spelen. Download een game en speel met zeer natuurgetrouwe beelden of speel consolegames vanuit de cloud met de verbonden controller. Zie xbox.com/subscriptionterms.
Game slimmer en sneller met Lenovo AI Engine+
Strijd nu op gelijke voet met je tegenstanders met de Lenovo Legion Pro 5i Gen 9. Dit is niet zomaar een gaminglaptop, maar betekent een ware revolutie. Jouw geheime wapen in de gamingarena werkt met een LA1 AI-chip en de Lenovo AI Engine+. Deze laptop optimaliseert je gameplay in realtime met maximale FPS voor vloeiende animaties en snelle reacties waarmee je je tegenstanders een stap voor blijft. En net als jij blijft deze laptop maar doorgaan: hij verbetert en evolueert voortdurend ??dankzij de innovatieve Smart Engine. Met deze laptop speel je niet alleen games, je domineert ze.
Legion ColdFront: de thermische titaan
Klaar om tot het uiterste te gaan in je games? Legion ColdFront is verbeterd met AI, waardoor de koeling nog beter werkt. Door de Phase-Change Materials en superdunne 3D-bladen is het koelsysteem ingrijpend verbeterd. Je eigen Legion Pro 5i-laptop? Die draait soepeler dan ooit tevoren. Verwacht een superkrachtige luchtstroom dankzij onze kolossale hybride koelbuizen. Alles draait om maximale thermische efficiëntie en topprestaties, hoe zwaar de game ook wordt. En het vermogen? Je hebt maar liefst 200 W tot je beschikking.
Visuele glorie op een adembenemend scherm
Richt je vijanden snel te gronde dankzij het geavanceerde Lenovo PureSight-gamingscherm, nu met X-Rite™ Pantone®-certificering en in de fabriek gekalibreerd voor ongelooflijk nauwkeurige kleuren. Door de hoge variabele vernieuwingsfrequentie van 240 Hz, 100% DCI-P3 en een beeldverhouding van 16:10 is het 16"" QHD-scherm van de Legion Pro 5i Gen 9 perfect voor een totaaloverzicht, snelle reflexen en nauwkeurig richten. Het scherm neemt 93,08% van het oppervlak in beslag, waardoor het lijkt alsof je beeld in de ruimte zweeft. Bovendien zie je met HDR en een hoge kleurnauwkeurigheid elk detail van je game, hoe licht of donker het ook wordt.
Profiteer van Lenovo Vantage
Met Lenovo Vantage kun je je instellingen optimaliseren om nog dieper in je games te duiken. Je kunt de mogelijkheden van je laptop aanpassen, personaliseren en maximaliseren met onze alles-in-één-suite van tools. Niets staat je succes in de weg met het realtime prestatiedashboard, overklokopties en AI-afstelling van de prestaties met intelligente ventilatorregeling.
Groener gamen
Game op een verantwoorde manier met de Legion Pro 5i die duurzaamheid vooropstelt. Het A-frame bestaat voor 30% uit gerecyclede kunststof en deze schone, milieubewuste en groene laptop is daarnaast ook van een oliewerende coating voorzien. Het I/O-dashboard aan de achterzijde met volledige I/O-ondersteuning biedt alle aansluitingen die je nodig hebt om je dagelijkse activiteiten te stroomlijnen en te vereenvoudigen. Door de CO2 Carbon Offset Service van Lenovo is je apparaat ook nog eens voorzien van milieuvriendelijke duurzaamheid, proactiviteit en transparantie. Dit is gemakkelijk voor jou en waardevol voor het milieu.
Ervaar de weergaloze kracht
Profiteer van het ongeëvenaarde batterijvermogen van de Legion Pro 5i-laptop. Deze stoere jongen is voorzien van een enorme batterij van 80 Wh, zodat je elke dag de hele dag kunt doorgaan. Met Super Rapid Charge laad je die monsterbatterij binnen enkele minuten op als je de gelijkstroomoplader van 300 W uit de doos gebruikt, terwijl je onderweg met 140 W kunt opladen via USB-C. Tegelijkertijd gebruikt Smart Battery machine learning om de capaciteit van de batterij optimaal te benutten en verslechtering te verminderen, zodat je optimaal gebruik kunt maken van de langere batterijduur van je laptop.
Bevelen, beheersen en veroveren
De Legion Pro 5i Gen 9 is voorzien van een Legion TrueStrike-gamingtoetsenbord, de perfecte bediening voor gamers die nauwkeurige controle en geweldige aanpassingsmogelijkheden eisen. Dit grote toetsenbord beschikt ook over grote pijl- en cijfertoetsen en een groot Mylar-touchpad dat je alles geeft wat je nodig hebt om iedereen de baas te zijn. Dankzij de volledig aanpasbare RGB-verlichting, mogelijk gemaakt door Lenovo Spectrum, kun je een ??geweldige sfeer creëren tijdens het gamen. Bovendien kun je met een toetsveerweg van 1,5 mm en ondersteuning voor verwisselbare toetskapjes de perfecte omgeving voor jouw speelstijl creëren.
Ga nog meer op in games en verbeter je kwaliteit van leven
Tobii Horizon is geavanceerde software die zonder extra hulpmiddelen je hoofdbewegingen volgt, zodat je een topselectie van games en gamefranchises op een geheel nieuwe manier kunt ervaren. Dit gaat verder dan gamen alleen: treed nieuw tijdperk binnen met slimme Tobii Aware-functies die je privacy, veiligheid, productiviteit en welzijn verbeteren.
Nahimic® Audio By SteelSeries voor gamers, meeslepend 3D-geluid
Geniet van games op een geheel nieuwe manier met Nahimic by SteelSeries op de Legion Pro 5i. Dit is speciaal ontworpen voor gamers en produceert een meeslepend 3D-geluid dat je beleving van games verbetert. Communiceer met je teamgenoten met een kristalheldere kwaliteit of mix en deel audiostreams als een professional. Nahimic verbetert niet alleen je games, maar zorgt ervoor dat je er helemaal in kunt opgaan.
Geavanceerde ondersteuning voor Legion-apparaten.
Krijg 24 uur per dag speciale ondersteuning voor gamers met Legion Ultimate Support. Dit is jouw beste gametactiek die altijd garandeert dat je voor 100% presteert. Of het nu gaat om werk of ontspanning, onze gamingspecialisten staan ??klaar om je te helpen met advies over instellingen, optimalisatie van hardware/software en meer. En als we je probleem niet op afstand kunnen oplossen, staan we de volgende werkdag bij je voor de deur. Doe meer met Legion Ultimate Support.
Legion Arena, de ultieme gaminghub
Al je games op één plek. Met de centrale gaminghub Legion Arena synchroniseer je eenvoudig alles van populaire stores en gamingplatforms en heb je volledige controle over hoe je je gamebibliotheek bekijkt en beheert. Je hebt vanaf één plek toegang tot al je games, zonder tussen apps te moeten wisselen om je favoriete games te zoeken.
Profiteer van 3 maanden Xbox Game Pass op Lenovo Legion-apparaten
Speel meer dan 100 kwaliteitsgames met je nieuwe Lenovo Legion-laptop en drie maanden Xbox Game Pass, inclusief EA Play. Er worden constant nieuwe games toegevoegd, dus je kunt altijd iets nieuws spelen. Download een game en speel met zeer natuurgetrouwe beelden of speel consolegames vanuit de cloud met de verbonden controller.
Specificaties kunnen per regio en/of model afwijken.",https://www.laptop.nl/picture/80066133/600/370/HighResolution/LPNL/false,https://www.laptop.nl/product/lenovo-legion-5-83dg00cymh/80066133/17923
Laptops,ASUS Vivobook S 15 S5507QA-MA006W Copilot+ PC,"Jouw eerste ASUS Copilot+ PC
Maak kennis met uw eerste ASUS Copilot+ PC - de ASUS Vivobook S 15, een slanke AI-aangestuurde laptop, ontworpen voor slimme gebruikers. Profiteer dankzij de efficiënte power van de Qualcomm® Snapdragon® X Elite processor tot wel 18 uur lang2 van naadloze productiviteit. Het 3K 120Hz ultragrote OLED-scherm en het meeslepende audiosysteem zijn gevat in een premium, volledig metalen, 1,47 cm dunne, 1,42 kg lichte1 behuizing, voor moeiteloze mobiliteit. Revolutioneer werk en ontspanning dankzij een sfeerbepalend single-zone RGB-toetsenbord met een speciale Copilot-toets3 voor directe AI-assistentie. Welkom in een innovatieve en elegante toekomst, waarin AI u voorop stelt, zonder compromissen.",https://www.laptop.nl/picture/21609021/600/370/HighResolution/LPNL/false,https://www.laptop.nl/product/asus-vivobook-s-15-s5507qa-ma006w-copilot-pc/21609021/17923
Laptops,MSI Thin A15 B7VE-002NL,"Enorme bliksems knetteren door de lucht; zwevende draken komen tevoorschijn uit de bergen, de uitgestrektheid en wonderen van de gamewereld wachten om ontdekt te worden, en de Thin A15 is de perfecte metgezel voor je reis! Het iconische dunne chassis wordt nu geleverd in een gloednieuwe kosmosgrijze kleur en geüpgradede hardware. Gebruik de kracht en ervaar de gamewereld vrij en snel met de Thin A15!
NIEUWE STANDAARD VOOR GAMING
Welkom in het nieuwe tijdperk van prestaties. AMD Ryzen 7035HS-serie luidt de snelheid van “Zen 3 +” in voor gamers en makers met pure kracht om elke game of workflow op het digitale speelveld aan te pakken. Met maximaal 8 cores, 16 threads leveren AMD Ryzen 7035HS-serie processors gameveranderende prestaties.
LAPTOPS UIT DE GEFORCE RTX 40-SERIE
MEER DAN SNEL
NVIDIA® GeForce RTX™ 40-serie laptop GPU's zijn de kracht achter 's werelds snelste laptops voor gamers en ontwerpers. Gebouwd met de ultra-efficiënte NVIDIA Ada Lovelace architectuur, zorgen ze voor een enorme sprong in prestaties met AI-aangedreven DLSS 3 en maken ze levensechte virtuele werelden mogelijk met volledige ray tracing. Bovendien optimaliseert de Max-Q suite van technologieën de systeemprestaties, het stroomverbruik, de levensduur van de batterij en de akoestiek voor topprestaties.
AI-AANGEDREVEN PRESTATIES
EN LEVENSECHTE GRAPHICS*
Maak een kwantumsprong in prestaties in games en creatieve apps met DLSS 3 met AI-ondersteuning en maak levensechte virtuele werelden mogelijk met volledige ray tracing.
RAY TRACING
HYPERREALISTISCH. SUPERSNEL.
De Ada-architectuur ontketent de volle glorie van ray tracing, dat simuleert hoe licht zich gedraagt in de echte wereld. Met de kracht van de RTX 40-serie en derde generatie RT-cores kun je ongelooflijk gedetailleerde virtuele werelden ervaren zoals nooit tevoren.
GEOPTIMALISEERDE KRACHT EN
PRESTATIES
NVIDIA Max-Q is een geavanceerde suite van AI-gestuurde technologieën die je systeem optimaliseren voor piekefficiëntie. Dit maakt supersnelle laptops mogelijk die dun en stil zijn en een verbazingwekkende batterijlevensduur hebben.
BLIJF KOEL EN STIL ONDER BELASTING
Fijn afgestemd om merkbaar stiller en koeler te zijn onder belasting, zodat hij gemakkelijk opgaat in elke omgeving.
BLIKSEMSNEL EN VLOEIEND BEELD
Onze gaming laptops zijn op maat gemaakt en sterk geoptimaliseerd voor gamers. Het beeldscherm wordt geleverd met een hoge verversingssnelheid en vloeiende beelden, zodat je het volgende niveau van gaming kunt ervaren.
VEELZIJDIGE
CONNECTIVITEIT
Thin A15 biedt uitgebreide connectiviteit zodat je al je apparaten gemakkelijk kunt aansluiten.",https://www.laptop.nl/picture/21561135/600/370/HighResolution/LPNL/false,https://www.laptop.nl/product/msi-thin-a15-b7ve-002nl/21561135/17923
Laptops,Outlet: Lenovo IdeaPad Slim 5 - 83BF0068MH,"De slimme keuze voor mobiliteit
- Slimme, dunne, lichte 14-inch laptop van militaire kwaliteit
- Met Intel® Core™-processor van de 13e generatie
- Realtime systeemrespons via Lenovo AI Engine
- Optionele vingerafdruklezer en hybride FHD-infraroodcamera
- Verbeterde functies om tijd te besparen en je gegevens te beveiligen
- Keuze uit een WUXGA- of 2,2K-beeldscherm, Dolby Audio™-gecertificeerd",https://www.laptop.nl/picture/80068695/600/370/HighResolution/LPNL/false,https://www.laptop.nl/product/outlet-lenovo-ideapad-slim-5-83bf0068mh/80068695/17923
Laptops,MSI Thin 15 B12UC-1253NL,"Enorme bliksems knetteren door de lucht; zwevende draken komen tevoorschijn uit de bergen, de uitgestrektheid en wonderen van de gamewereld wachten om ontdekt te worden, en de Thin 15 is de perfecte metgezel voor je reis! Het iconische dunne chassis wordt nu geleverd in een gloednieuwe kosmose grijze kleur en geüpgradede hardware. Gebruik de kracht en ervaar de gamewereld vrij en snel met de Thin 15!
LAPTOPS UIT DE GEFORCE RTX 30-SERIE
ULTIEM GAMEN
NVIDIA® GeForce RTX™ 30-serie laptop GPU's vormen de motor achter 's werelds snelste laptops voor gamers en ontwerpers. Ze zijn gebouwd met Ampere-NVIDIA's 2e generatie RTX-architectuur voor de meest realistische ray-traced graphics en geavanceerde AI-functies zoals NVIDIA DLSS. Bovendien ontketenen Max-Q technologieën de kracht van AI om dunne, krachtige laptops te maken die sneller en beter zijn dan ooit.
VERHOOG PRESTATIES MET AI
NVIDIA DLSS geeft games een snelheidsboost met compromisloze beeldkwaliteit. Verhoog de instellingen en resolutie voor een nog betere visuele ervaring.
MEESLEPENDERE ERVARINGEN
Ray Tracing is de heilige graal van de grafische industrie. Het simuleert hoe licht zich gedraagt in de echte wereld om de meest realistische en meeslepende beelden te produceren voor gamers en ontwerpers - en het werkt snel dankzij 2e generatie RT cores.
GEOPTIMALISEERDE KRACHT EN PRESTATIES
NVIDIA Max-Q is een suite van technologieën aangedreven door AI die laptops optimaliseren om hoge prestaties te leveren in dunne vormfactoren.
BLIJF KOEL EN STIL ONDER BELASTING
Fijn afgestemd om merkbaar stiller en koeler te zijn onder belasting, zodat hij gemakkelijk opgaat in elke omgeving.
BLIKSEMSNEL EN VLOEIEND BEELD
Onze gaming laptops zijn op maat gemaakt en sterk geoptimaliseerd voor gamers. Het beeldscherm wordt geleverd met een hoge verversingssnelheid en vloeiende beelden, zodat je het volgende niveau van gaming kunt ervaren.",https://www.laptop.nl/picture/21561130/600/370/HighResolution/LPNL/false,https://www.laptop.nl/product/msi-thin-15-b12uc-1253nl/21561130/17923
Laptops,Lenovo Legion Slim 5 - 83DH005BMH,"Adembenemende game-ervaring
Geniet van de kracht en vertrouwde prestaties van de AMD Ryzen™ 8040 Series-processors, die de snelheid leveren die je nodig hebt voor hoge framesnelheden en meeslepende spel-ervaringen. Ontdek nieuwe spelwerelden, geniet van spelen zonder de stekker in het stopcontact en gebruik de innovatieve technologie van Ryzen™ AI in krachtige, draagbare gaming-laptops.
Sneller dan snel
De NVIDIA® GeForce RTX™ 40 Series Laptop-GPU's drijven 's werelds snelste laptops aan voor gamers en creators. Ze zijn gemaakt voor het AI-tijdperk en leveren een enorme sprong voorwaarts in prestaties door middel van AI-aangedreven DLSS 3. Daarnaast maken ze levensechte virtuele werelden mogelijk met volledige raytracing. Bovendien optimaliseert de Max-Q-reeks technologieën en systeemprestaties, vermogen, levensduur van de batterij en akoestiek voor maximale efficiëntie.
Geniet van 3 maanden Xbox Game Pass Ultimate op Lenovo Legion-apparaten
Speel Forza Horizon 5, Battlefield V en honderden andere pc-games op de Lenovo Legion Slim 5   met 3 maanden toegang tot Game Pass, inclusief EA Play. Geniet van iconische franchises, zoals Halo en nog veel meer. Bovendien krijg je gratis extraatjes, waaronder in-game content, verbruiksartikelen en meer. Daarnaast krijg je ook ledenkorting tot wel 20% op geselecteerde spellen in de Game Pass-bibliotheek en tot wel 10% op gerelateerde add-ons voor spellen. Er worden voortdurend spellen toegevoegd, dus er zijn altijd nieuwe games die je kunt spelen. **Game Pass Ultimate: het abonnement wordt automatisch verlengd tegen de normale maandtarieven, tenzij het wordt geannuleerd. Onderworpen aan xbox.com/subscriptionterms.
Koel, kalm en niet te stoppen
Vermijd thermische throttling met een vrijwel stil geluid van de ventilator dankzij de Legion ColdFront-koeltechnologie. Geavanceerde thermische verbindingen, grotere koperen warmtepijpen en ultramoderne in- en uitlaatpoorten zorgen ervoor dat je pc topprestaties levert met minimaal geluid van de ventilator of koele temperaturen van het systeem. Moet je van prestatiemodus wisselen? Een eenvoudige druk op Fn+Q zet je aan het roer om van warmtemodus te wisselen en wisselt naadloos naar je gewenste gebruiksscenario.
Speel verder met AI Smarts
Geef je spelervaring een boost met de Lenovo AI Engine+ en de LA1 AI-chip. De Legion Slim 5-laptop is speciaal ontworpen voor gamers die eenvoud willen. De laptop maakt gebruik van AI om de instellingen in realtime te optimaliseren. Je hoeft je geen zorgen meer te maken over de prestaties van de CPU en GPU. De Lenovo AI Engine+ is jouw betrouwbare bondgenoot die moeiteloos alles uit je haalt.
PureSight, pure sensatie
Ervaar het spelverloop zonder problemen met het 16'' 16:10 PureSight Gaming-display van de Legion Slim 5. Dankzij de snelle vernieuwingsfrequentie en ondersteuning voor NVIDIA® G-SYNC® en AMD FreeSync™ Premium, is er geen sprake meer van haperende beeldschermen en vertraging bij de invoer, waardoor het spel uiterst soepel verloopt. Met een WQXGA (2560 x 1600)-resolutie, 100% sRGB-kleurnauwkeurigheid, 500 nits helderheid, VESA DisplayHDR™ 400-certificering en X-Rite-kleurkalibratie, kun je genieten van verbluffende beelden en precieze kleuren op het uitgebreide canvas.
Sla toe met precisie
Omarm de ongeëvenaarde precisie met het Legion TrueStrike-toetsenbord. De toetsaanslag van 1,5 mm zorgt ervoor dat je snel kunt typen. De aanpasbare toetsen kunnen de besturing aanpassen die bij je speelstijl past. Verlicht je spel met een kalme, witte achtergrondverlichting of dynamische Legion Spectrum 4-zone RGB-verlichting.
Stijl en kracht worden samengebracht
De krachtige chassis van de Legion Slim 5 biedt twee ontwerpopties die aansluiten bij je voorkeuren. Kies voor de compromisloze prestaties met een hoger GPU-vermogen of ga voor een slank en draagbaar model met een lagere GPU-optie. Het robuuste ontwerp combineert esthetiek met functionaliteit. De laptop heeft een A-cover van geanodiseerd aluminium voor een premium touch en heeft het iconische ontwerp van de Lenovo Legion behouden. **De afmetingen van het systeem kunnen variëren, afhankelijk van de configuraties. Het gewicht van het systeem is bij benadering en is gebaseerd op de resultaten in het Lenovo-lab. Dit gewicht is afhankelijk van de bron van het onderdeel, de variatie in de distributie van elk onderdeel en het productieproces. Het is mogelijk dat dit niet het exacte gewicht is voor elk specifiek model.
Speel langer, laad sneller op
Langdurig gamen met de krachtige 80 Whr-batterij van de Legion Slim 5. Met de Super Rapid Charge laad je binnen 10 minuten op tot 30% and tot 70% binnen 30 minuten. Ideaal voor drukke studenten en gamers. Snel 140W Type-C-opladen betekent dat je klaar bent voor lessen of LAN-party's zonder je zorgen te maken over de batterij.
Maak je klaar en speel verder
Personaliseer je gaming-uitrusting met Legion voor oneindige mogelijkheden. Creëer je ultieme set-up met een compleet assortiment accessoires. Van levendige gaming-beeldschermen tot headsets, en muizen en toetsenborden die speciaal zijn ontworpen voor gamers. Of je nu een volledige set-up wilt of alleen voor de essentiële benodigdheden gaat: blijf verbonden en houd de controle met de Legion-accessoires.
Nahimic ® Audio By SteelSeries voor gamers, meeslepende 3D-audio
Ervaar gamen op een nieuw niveau met de Nahimic by SteelSeries op de Legion Slim 5. Speciaal ontworpen voor gamers. Het levert meeslepende 3D-audio die je spelervaring verbetert. Communiceer met je teamgenoten in haarscherpe kwaliteit of mix en deel audiostreams als een professional. Nahimic verbetert niet alleen je gaming, het zorgt ervoor dat je er helemaal in op gaat.
Omarm de Lenovo Vantage
Lenovo Vantage stelt je in staat om de instellingen te optimaliseren en je spelervaring te verbeteren. Je kunt de mogelijkheden van je laptop aanpassen, personaliseren en maximaliseren met ons all-in-one pakket aan tools. Met ons realtime prestatie-dashboard, overklokregeling en de aangepaste modus met ventilatorcontrole staat niets je in de weg.
Een competitie van krachtige spelers in jouw hoek
Waarom begin je niet elk spel met een voordeel van het A-team? Profiteer van de kracht van elite-technici die jouw taal spreken en versla bugs of gebreken op commando. Gewapend met een arsenaal aan tips en trucs, helpen ze je om je concurrentie te slim af te zijn en voor goud te gaan. Ons team staat dag en nacht voor je klaar om je te helpen via chat, e-mail of telefoon. Sla de wachtrij over en ga direct naar een echt persoon die weet wat de meest dringende behoeften van een gamer zijn - en daar met passie en snelheid aan voldoet. **Legion Ultimate Support, welke bestaat uit technici die zich richten op gamers, is momenteel alleen beschikbaar in de Verenigde Staten, Canada, Japan, India, Taiwan, Hong Kong, Singapore, de Filipijnen, Maleisië, Thailand, Vietnam en Korea. Premium Care voor Gaming en geavanceerde technici zijn beschikbaar voor de rest van de wereld. Producten en aanbiedingen zijn afhankelijk van beschikbaarheid. Lenovo behoudt zich het recht voor om op elk moment zonder voorafgaande kennisgeving wijzigingen aan te brengen in het productaanbod en de specificaties. Sommige markten bieden mogelijk geen 24/7-ondersteuning en volgen de best beschikbare SLA's.
Profiteer van 3 maanden Xbox Game Pass op Lenovo Legion-apparaten
Speel meer dan 100 kwaliteitsgames met je nieuwe Lenovo Legion-laptop en drie maanden Xbox Game Pass, inclusief EA Play. Er worden constant nieuwe games toegevoegd, dus je kunt altijd iets nieuws spelen. Download een game en speel met zeer natuurgetrouwe beelden of speel consolegames vanuit de cloud met de verbonden controller.
Specificaties kunnen verschillen per regio/model.",https://www.laptop.nl/picture/80066136/600/370/HighResolution/LPNL/false,https://www.laptop.nl/product/lenovo-legion-slim-5-83dh005bmh/80066136/17923
Laptops,"Apple MacBook Air (2024) 15.3"" - M3 - 16 GB - 256 GB - Middernacht","Strak. Sterk. Nu met M3.
Met MacBook Air kun je werken en gamen naar hartenlust – en de M3-chip geeft de populairste laptop ter wereld nog meer kracht en mogelijkheden. Bovendien gaat de batterij tot wel 18 uur mee,2 dus je neemt de superhandzame MacBook Air makkelijk overal mee naartoe voor alles wat je het liefste doet.
Gemaakt om verder te komen.
MacBook Air is superlicht en ultradun. Zo kun je ’m makkelijk elke dag gebruiken en is hij ook nog beter voor de planeet. MacBook Air met M3 bestaat voor 50 procent uit gerecyclede materialen – een primeur voor Apple. En alle MacBook Air-laptops hebben een stevige behuizing van gerecycled aluminium.
Twee perfect handzame formaten. Het 13-inch model is de ultieme laptop voor onderweg, en op het grotere scherm van het 15-inch model heb je meer ruimte om te multitasken.
Vier oogstrelende kleuren. Je kunt kiezen uit vier buitenaards mooie uitvoeringen, elk met een bijpassende MagSafe-oplaadkabel.
Prestaties en batterijduur
Propvol power.
Van zodra je je MacBook Air openklapt, is hij overal klaar voor. En dankzij het design zonder ventilator hoor je ’m ook bij de zwaarste workloads niet. Of je nu multitaskt met meerdere apps, video’s bewerkt in iMovie of Baldur’s Gate 3 speelt in de gamemodus, de M3-chip laat alles nog sneller en vloeiender gaan.
De ongekende AI-prestaties van de Neural Engine van MacBook Air met de M3-chip maken intelligente macOS-features mogelijk die je productiviteit en creativiteit verhogen. Denk aan krachtige camera­features, een realtime dicteer­functie en manieren om alles duidelijker te verbeelden.
Dankzij het brede ecosysteem van apps kun je geavanceerde AI-features gebruiken op je MacBook Air. Kijk je huiswerk na met AI-wiskunde­hulp in Goodnotes, verbeter automatisch je foto’s in Pixelmator Pro, of verwijder het achtergrondgeluid van een video met CapCut.
Batterij voor een hele dag. De batterij van zowel MacBook Air met M2 als MacBook Air met M3 gaat tot 18 uur mee, dus laat de oplader gerust thuis.2
MacBook Air is gemaakt voor Apple Intelligence,1 waarmee je jezelf makkelijk uitdrukt en alles moeiteloos voor elkaar krijgt. Dankzij baan­brekende privacy­bescherming kun je erop vertrouwen dat alleen jij bij je gegevens kan en niemand anders. Zelfs Apple niet.
Een MacBook Air voor iedereen.
Nieuw bij Mac?
Hou je van iPhone, dan hou je van Mac. Met een Mac kun je net zo makkelijk overweg als met een iPhone. Tekst op je telefoon naar je Mac kopiëren, met vrienden chatten in Berichten of devices opsporen met ‘Zoek mijn’? Als je Mac met iPhone gebruikt, werken ze naadloos samen.
Instellen is een eitje. Het overzetten van je bestanden en apps van je oude pc of Mac is heel simpel en zo gedaan met Migratie-assistent. En mocht je daar toch hulp bij nodig hebben, dan staat Apple Support altijd voor je klaar met een online chat, telefoontje of afspraak in de Store.
Overal toegang tot je bestanden met iCloud. Met iCloud kun je al je foto’s, contacten en bestanden op een centrale locatie bewaren, zodat je er vanaf al je devices bij kunt. Maak een taken­lijst op je iPhone en vink ’m af op je MacBook Air. En zo kan er nog veel meer.
Krachtige apps zijn standaard. Mac bevat standaard al apps als FaceTime, Freeform, Foto’s en Keynote. Je kunt dus meteen met al je creatieve ideeën aan de slag, alleen of samen met anderen.
Mac gaat lang mee. Mac-laptops hebben een behuizing van stevig gerecycled aluminium en kunnen dus heel wat hebben. En gratis macOS-updates zorgen ervoor dat alles de komende jaren soepel blijft draaien en goed is beveiligd.
Yep, Mac kan dat. En dat geldt niet alleen voor MacBook Air. Ook alle andere Macs zijn net zo makkelijk, krachtig en ongelofelijk.
Display, camera en audio
Schitterend. Helder.
Het Liquid Retina-display van MacBook Air is een lust voor het oog. Het kan 1 miljard kleuren weergeven en heeft een tot 2x zo hoge resolutie als vergelijkbare pc-laptops. Dankzij het grote contrast en de duidelijke details spatten foto’s en video’s van het scherm, en de haarscherpe tekst is makkelijk leesbaar.
HD-camera. Dankzij de 1080p FaceTime HD-camera kom je goed voor de dag, of je nu gezellig bijpraat met je vrienden of een zakelijk gesprek voert met je collega’s waar ook ter wereld.
Indrukwekkend geluidssysteem. De speakers van MacBook Air zijn geschikt voor ruimtelijke audio en Dolby Atmos, wat een oase van driedimensionaal geluid oplevert als je naar muziek luistert of een film kijkt.
Poorten en connectiviteit
Aansluitingen vol in beeld.
De MagSafe-oplaadkabel bevat magneten waarmee je hem makkelijk vastmaakt en weer losmaakt. Je hoeft dus niet bang te zijn dat je MacBook Air opeens door de lucht vliegt. Via de twee Thunderbolt-poorten kun je professionele accessoires aansluiten en je Mac opladen. En de mini-jack-aansluiting ondersteunt koptelefoons met hoge impedantie. Met het M3-model heb je toegang tot wifi 6E, goed voor tot 2x de overdrachts­snelheid van wifi 6.
Magic Keyboard met Touch ID
Ontgrendel alles met alleen je vinger.
Het stille Magic Keyboard typt heel prettig en is voorzien van achtergrond­verlichting, een rij functietoetsen van volledige hoogte en Touch ID. Daardoor kun je met alleen je vingerafdruk snel, makkelijk en veilig je Mac ontgrendelen en bij apps en websites inloggen.",https://www.laptop.nl/picture/21670702/600/370/HighResolution/LPNL/false,https://www.laptop.nl/product/apple-macbook-air-2024-15-3-m3-16-gb-256-gb-middernacht/21670702/17923
Laptops,ASUS Zenbook 14 UM3402YA-KP640W,"De ASUS Zenbook 14 UM3402YA-KP640W combineert elegant design met krachtige prestaties, ideaal voor zowel professioneel gebruik als ontspanning. Deze laptop heeft een slank clamshell ontwerp en is ontworpen voor draagbaarheid zonder concessies te doen aan prestaties.
Onder de motorkap zit een robuuste AMD Ryzen™ 7 7730U processor, die moeiteloos multitasking en veeleisende applicaties aankan. Het 14-inch WQXGA scherm met een resolutie van 2560 x 1600 pixels biedt haarscherpe beelden met levendige kleuren, wat deze laptop perfect maakt voor zowel creatief werk als het kijken van films en series. De beeldverhouding van 16:10 geeft meer werkruimte op het scherm, wat het ideaal maakt voor productiviteit en multitasking.
Met 16 GB LPDDR4x-SDRAM intern geheugen heb je voldoende ruimte om meerdere programma's tegelijkertijd soepel te laten draaien. De 512 GB SSD zorgt voor snelle laadtijden en voldoende opslagruimte voor bestanden, applicaties en media. Dankzij de AMD Radeon Graphics is deze laptop in staat om visueel intensieve taken aan te kunnen, zoals foto- en videobewerking of lichte gaming.
De ASUS Zenbook 14 wordt geleverd met Windows 11 Home voor een intuïtieve gebruikerservaring en naadloze integratie met de nieuwste software en beveiligingsfuncties. De laptop is uitgevoerd in een stijlvolle zwarte kleur die een professionele uitstraling geeft en past in elke omgeving, van kantoor tot thuis.
Met zijn sterke combinatie van mobiliteit, prestaties en beeldkwaliteit is de ASUS Zenbook 14 een uitstekende keuze voor iedereen die op zoek is naar een betrouwbare en krachtige laptop die klaar is voor de uitdagingen van vandaag.",https://www.laptop.nl/picture/80066106/600/370/HighResolution/LPNL/false,https://www.laptop.nl/product/asus-zenbook-14-um3402ya-kp640w/80066106/17923
Laptops,"Apple MacBook Air (2024) 13.6"" - M3 - 16 GB - 256 GB - Zilver","Strak. Sterk. Nu met M3.
Met MacBook Air kun je werken en gamen naar hartenlust – en de M3-chip geeft de populairste laptop ter wereld nog meer kracht en mogelijkheden. Bovendien gaat de batterij tot wel 18 uur mee,2 dus je neemt de superhandzame MacBook Air makkelijk overal mee naartoe voor alles wat je het liefste doet.
Gemaakt om verder te komen.
MacBook Air is superlicht en ultradun. Zo kun je ’m makkelijk elke dag gebruiken en is hij ook nog beter voor de planeet. MacBook Air met M3 bestaat voor 50 procent uit gerecyclede materialen – een primeur voor Apple. En alle MacBook Air-laptops hebben een stevige behuizing van gerecycled aluminium.
Twee perfect handzame formaten. Het 13-inch model is de ultieme laptop voor onderweg, en op het grotere scherm van het 15-inch model heb je meer ruimte om te multitasken.
Vier oogstrelende kleuren. Je kunt kiezen uit vier buitenaards mooie uitvoeringen, elk met een bijpassende MagSafe-oplaadkabel.
Prestaties en batterijduur
Propvol power.
Van zodra je je MacBook Air openklapt, is hij overal klaar voor. En dankzij het design zonder ventilator hoor je ’m ook bij de zwaarste workloads niet. Of je nu multitaskt met meerdere apps, video’s bewerkt in iMovie of Baldur’s Gate 3 speelt in de gamemodus, de M3-chip laat alles nog sneller en vloeiender gaan.
De ongekende AI-prestaties van de Neural Engine van MacBook Air met de M3-chip maken intelligente macOS-features mogelijk die je productiviteit en creativiteit verhogen. Denk aan krachtige camera­features, een realtime dicteer­functie en manieren om alles duidelijker te verbeelden.
Dankzij het brede ecosysteem van apps kun je geavanceerde AI-features gebruiken op je MacBook Air. Kijk je huiswerk na met AI-wiskunde­hulp in Goodnotes, verbeter automatisch je foto’s in Pixelmator Pro, of verwijder het achtergrondgeluid van een video met CapCut.
Batterij voor een hele dag. De batterij van zowel MacBook Air met M2 als MacBook Air met M3 gaat tot 18 uur mee, dus laat de oplader gerust thuis.2
MacBook Air is gemaakt voor Apple Intelligence,1 waarmee je jezelf makkelijk uitdrukt en alles moeiteloos voor elkaar krijgt. Dankzij baan­brekende privacy­bescherming kun je erop vertrouwen dat alleen jij bij je gegevens kan en niemand anders. Zelfs Apple niet.
Een MacBook Air voor iedereen.
Nieuw bij Mac?
Hou je van iPhone, dan hou je van Mac. Met een Mac kun je net zo makkelijk overweg als met een iPhone. Tekst op je telefoon naar je Mac kopiëren, met vrienden chatten in Berichten of devices opsporen met ‘Zoek mijn’? Als je Mac met iPhone gebruikt, werken ze naadloos samen.
Instellen is een eitje. Het overzetten van je bestanden en apps van je oude pc of Mac is heel simpel en zo gedaan met Migratie-assistent. En mocht je daar toch hulp bij nodig hebben, dan staat Apple Support altijd voor je klaar met een online chat, telefoontje of afspraak in de Store.
Overal toegang tot je bestanden met iCloud. Met iCloud kun je al je foto’s, contacten en bestanden op een centrale locatie bewaren, zodat je er vanaf al je devices bij kunt. Maak een taken­lijst op je iPhone en vink ’m af op je MacBook Air. En zo kan er nog veel meer.
Krachtige apps zijn standaard. Mac bevat standaard al apps als FaceTime, Freeform, Foto’s en Keynote. Je kunt dus meteen met al je creatieve ideeën aan de slag, alleen of samen met anderen.
Mac gaat lang mee. Mac-laptops hebben een behuizing van stevig gerecycled aluminium en kunnen dus heel wat hebben. En gratis macOS-updates zorgen ervoor dat alles de komende jaren soepel blijft draaien en goed is beveiligd.
Yep, Mac kan dat. En dat geldt niet alleen voor MacBook Air. Ook alle andere Macs zijn net zo makkelijk, krachtig en ongelofelijk.
Display, camera en audio
Schitterend. Helder.
Het Liquid Retina-display van MacBook Air is een lust voor het oog. Het kan 1 miljard kleuren weergeven en heeft een tot 2x zo hoge resolutie als vergelijkbare pc-laptops. Dankzij het grote contrast en de duidelijke details spatten foto’s en video’s van het scherm, en de haarscherpe tekst is makkelijk leesbaar.
HD-camera. Dankzij de 1080p FaceTime HD-camera kom je goed voor de dag, of je nu gezellig bijpraat met je vrienden of een zakelijk gesprek voert met je collega’s waar ook ter wereld.
Indrukwekkend geluidssysteem. De speakers van MacBook Air zijn geschikt voor ruimtelijke audio en Dolby Atmos, wat een oase van driedimensionaal geluid oplevert als je naar muziek luistert of een film kijkt.
Poorten en connectiviteit
Aansluitingen vol in beeld.
De MagSafe-oplaadkabel bevat magneten waarmee je hem makkelijk vastmaakt en weer losmaakt. Je hoeft dus niet bang te zijn dat je MacBook Air opeens door de lucht vliegt. Via de twee Thunderbolt-poorten kun je professionele accessoires aansluiten en je Mac opladen. En de mini-jack-aansluiting ondersteunt koptelefoons met hoge impedantie. Met het M3-model heb je toegang tot wifi 6E, goed voor tot 2x de overdrachts­snelheid van wifi 6.
Magic Keyboard met Touch ID
Ontgrendel alles met alleen je vinger.
Het stille Magic Keyboard typt heel prettig en is voorzien van achtergrond­verlichting, een rij functietoetsen van volledige hoogte en Touch ID. Daardoor kun je met alleen je vingerafdruk snel, makkelijk en veilig je Mac ontgrendelen en bij apps en websites inloggen.",https://www.laptop.nl/picture/21670682/600/370/HighResolution/LPNL/false,https://www.laptop.nl/product/apple-macbook-air-2024-13-6-m3-16-gb-256-gb-zilver/21670682/17923
Laptops,Lenovo IdeaPad Slim 5 - 82XG008YMH,"De Lenovo IdeaPad Slim 5 is een veelzijdige clamshell-laptop die perfect is voor dagelijkse taken en entertainment. Met een AMD Ryzen™ 7-processor biedt het de rekenkracht die je nodig hebt voor een soepele ervaring.
Het scherm van 40,6 cm (16"") met een HD-type van WUXGA en een resolutie van 1920 x 1200 pixels levert heldere en levendige beelden voor werk en plezier. Met 16 GB aan intern geheugen van het type DDR4-SDRAM en een opslagcapaciteit van 512 GB via een SSD, heb je voldoende ruimte voor al je bestanden en programma's.
De laptop is voorzien van een AMD Radeon Graphics on-board graphics adapter model, wat zorgt voor indrukwekkende grafische prestaties voor gaming en multimedia. Met Windows 11 Home als het besturingssysteem profiteer je van een intuïtieve gebruikerservaring en toegang tot een breed scala aan apps en functies.
Het grijze ontwerp van de Lenovo IdeaPad Slim 5 is stijlvol en tijdloos, waardoor het een perfecte aanvulling is op elke omgeving.",https://www.laptop.nl/picture/80066125/600/370/HighResolution/LPNL/false,https://www.laptop.nl/product/lenovo-ideapad-slim-5-82xg008ymh/80066125/17923
Laptops,MSI Katana 17 B13VGK-1058NL,"Verscherp je spel
Het zwaard is zojuist verbeterd. De Katana 17 B13V is speciaal ontworpen voor liefhebbers van RPG-games en beschikt nu over de nieuwste hardware! Pak hem op en word een legendarische betoverde ridder. Vecht en overwin obstakels in de wereld van games met epische capaciteiten!
DE VOLGENDE GENERATIE. Tot Intel® Core™ i7-13620H Processor
De 13e generatie Intel® Core™ i7-13620H processor is hier. Met verbeterde hybride core-architectuur bestaande uit 6 Performance-cores en 4 Efficient-cores, voor betere multitasking-werkzaamheden en het draaien van veeleisende games.
GEFORCE RTX 40-SERIE LAPTOPS
MEER DAN SNEL
NVIDIA® GeForce RTX™ 40 Series GPU's zijn ongekend snel voor gamers en ontwerpers. Ze worden aangedreven door de ultra-efficiënte NVIDIA Ada Lovelace-architectuur die een kwantumsprong in zowel prestaties als AI-aangedreven graphics levert. Ervaar levensechte virtuele werelden met ray tracing en ultrahoge FPS-gaming met de laagste latentie. Ontdek revolutionaire nieuwe manieren om te creëren en ongekende workflowversnelling.
DISCRETE GRAFISCHE MODUS (MUX-ONTWERP) HERLEIDT HET VERMOGEN IN EEN OOGWENK
Kies tussen ""Discrete Graphics Mode"" of ""MSHybrid Graphics Mode"" (NVIDIA Optimus), de schakelbare grafische technologie biedt krachtige gaming prestaties en efficiëntie met een enkele klik.
BLIKSEMSNELLE EN VLOEIENDE WEERGAVE
Het 144Hz IPS-scherm brengt je opvallende beelden en een soepele verversingssnelheid zodat je nooit iets mist.
VERNIEUWDE KOELING VOOR NEXT-GEN GAMING
Speciale thermische oplossingen voor zowel de CPU als de GPU met maximaal 2 ventilatoren en 6 heat pipes. Het nieuwe CPU & GPU Shared-Pipe ontwerp maakt zorgt voor optimale balans in warmte afvoer tussen CPU & GPU voor verbeterde efficiëntie. In combinatie met MSI exclusieve thermal grease, zorgen we voor maximale prestaties onder extreme gaming.
VOLLEDIGE IO-POORTEN
- RJ45
- HDMI™ (8K@60Hz / 4K@120Hz)
- USB 3.2 Gen1 Type-C / DP
- USB 3.2 Gen1 Type-A
- Audio Combo Jack
- DC in
- USB 3.2 Gen1 Type-A
- USB 2.0 Type-A
KRIJG ALLE BUFFS
Het exclusieve MSI Center helpt je jouw MSI laptop te bedienen en aan te passen zoals jij dat wilt.
MSI APP-speler
Ontwikkeld onder een exclusieve samenwerking met BlueStacks, zorgt de MSI APP Player voor een naadloze game-ervaring tussen mobiel gamen en de PC.
ZOALS MUZIEK HOORT TE ZIJN
Dompel jezelf onder in jouw favoriete muziek en geniet van de premium geluidskwaliteit met Hi-Resolution Audio.
NIEUWE DRAADLOZE STANDAARD
Wi-Fi 6 beschikt over 802.11ax-standaarden en is 3x sneller dan Wi-Fi 5, ontworpen voor bliksemsnelle gameplay, de beste streaming en de meest meeslepende communicatie-ervaring. Speel op de meest optimale game-instellingen met Wi-Fi 6.",https://www.laptop.nl/picture/80068393/600/370/HighResolution/LPNL/false,https://www.laptop.nl/product/msi-katana-17-b13vgk-1058nl/80068393/17923
Laptops,Lenovo Yoga Pro 7 - 83E3002YMH,"En met veel vermogen...
Alles wat je kunt doen, kun je beter doen met AMD Ryzen™ 8040 serie-processors. Of je nu beats maakt, met gigantische 3D-renders werkt of ingewikkelde effecten toevoegt aan een video: deze krachtbron kan elke uitdaging van bijna elke grootte aan. Ervaar de kracht van persoonlijke AI-verwerking met AMD Ryzen™ AI en ontdek nieuwe AI-ervaringen die de manier waarop je werkt en dagelijks entertainment ervaart, zult veranderen. Het draait op een geheugenbandbreedte van 16 GB en maakt multitasken sneller en vloeiender. Bovendien heb je voldoende opslagruimte voor je meesterwerken.
Het helderste beeld in de donkerste scène
Ervaar een visueel feest op een 14,5? PureSight Pro-beeldscherm. Foto's bewerken, je portfolio samenstellen of je favoriete shows binge-watchen. Elk moment is een meesterwerk. Levendige kleuren komen tot leven met ongeëvenaarde nauwkeurigheid en professionele kleurengamma's. Een krachtige nauwkeurigheid van kleuren dompelt je dieper onder in elke scène, terwijl een hoge vernieuwingsfrequentie zorgt voor soepele bewegingen. En maak je geen zorgen over vermoeide ogen tijdens die late sessies, dankzij de TÜV Low Blue Light-technologie.
Alles van Suite. Samengebracht.
Open een portaal van mogelijkheden met Premium Suite, met productiviteitstools om je ideeën naar voren te brengen. Vier uitzonderlijke luidsprekers, versterkt door Dolby Atmos®, creëren een akoestische plek, waar je ook bent. Word luid en glashelder gehoord op met de quad noise-canceling microfoons van studiokwaliteit. Iedereen zal elk woord horen. Met de FHD IR-camera sta je in het middelpunt van videogesprekken en krijg je totale gemoedsrust met de privacysluiter.  Het maken van rapporten is een fluitje van een cent op het Yoga-toetsenbord, met olie-afstotende toetsen met een afstand van 1,5 mm.
Het kan dit de hele dag doen
Ervaar onvoorstelbaar uithoudingsvermogen met een langdurige 73 WHr-batterij waardoor je dag en nacht kunt blijven werken. Stroom nodig? Met Rapid Charge Express ben je verzekerd van een batterijduur van maximaal 3 uur door slechts 15 minuten op te laden. Het tweetal volledig functionele USB-C-poorten zijn uitgerust met een breed scala aan connectiviteit en kunnen grote bestandsoverdrachten en snelle stroomvoorziening verwerken. Met de HDMI 2.1-poort kun je maximaal 8K-schermen aansluiten. Bovendien kun je soepel overgaan van online gesprekken naar projecten met het supersnelle wifi 6E-netwerk. *De werking van 6GHz-wifi 6E is afhankelijk van de ondersteuning van het besturingssysteem, routers/AP's/poorten die wifi 6E ondersteunen, samen met de regionale wettelijke certificeringen en toewijzing van frequenties.
Samen met jou tot het einde
Lenovo AI Engine+ zorgt voor wat je nodig hebt, zodat je je kunt richten op de grotere dingen, zoals het bereiken van je dromen. Van complexe renders tot relaxed bingen. Smart Power zorgt ervoor dat de hardwareprestaties en koelefficiëntie overeenkomen met je taak, zonder te veel batterij te verbruiken. Het voelt via Smart Login aan wanneer je bijna klaar bent om te starten, en zorgt ervoor dat je er goed uitziet en goed klinkt op de camera. Je weet niet eens dat je offline bent, omdat Smart Wireless je automatisch weer verbindt met het netwerk. @Ableton Live-software niet inbegrepen
Duurzaamheid is ingebouwd. En aan de buitenkant.
De EPEAT® Gold-geregistreerde en ENERGY STAR®-gecertificeerde Yoga Pro 7 14? bereikt plasticvrije verpakkingen door get gebruik van droog geperst papierpulp als demping en 100% biogebaseerde systeemtas van bamboevezel. Het bestaat uit 90% post-consumer gerecycled plastic voor de behuizing van de zwarte 100 W-voedingsadapter, 50% post-consumer gerecycled plastic in het toetsenbord en 50% gerecycled aluminium in de onderkant. Al het karton dat voor de verpakkingen wordt gebruikt, is FSC™-gecertificeerd en gemaakt van materiaal dat onder controle staat voor minder nadelige gevolgen voor het milieu. Yoga Pro 7i Gen 9 offers Lenovo CO2 Offset Service. *EPEAT-geregistreerd waar mogelijk — ga naar www.epeat.net voor de registratiestatus per land. FSC License codes: C156624 Via de Lenovo CO2 Offset Service kun je de geschatte uitstoot gedurende de gemiddelde levenscyclus van je pc compenseren, klimaatactieprojecten helpen ondersteunen die zijn geverifieerd door de Verenigde Naties, Gold Standard® en Climate Action Reserve, en volledige transparantie hebben over de bijdrage die je levert aan de omgeving. **Accessoires worden apart verkocht
Wij staan voor je klaar
Premium Care Plus is een verhoogde klantenservice die je apparaten extra zorg, dekking en beveiliging biedt. Ontvang snelle, persoonlijke service van deskundige technici, 24 uur per dag, zeven dagen per week. Zie de spanning en sensatie van het leven onder ogen met een Accidental Damage Protection. Prestatieproblemen en malware-aanvallen worden opgelost door Smart Performance. Problemen met de batterij? Sealed Battery Warranty* zorgt ervoor dat je aan de slag kunt met vervangingen. En met Data Migration-transfer kunnen al je gegevens en pc-instellingen in één stap worden overgedragen.
Je verbeelding versterkt
Het ontketenen van je creativiteit wordt veel gemakkelijker met Windows 11 op je Yoga Pro-laptop. De nieuwste tools voor makers zijn ingebouwd in het besturingssysteem: noteer je ideeën in Journal, bewerk video's in Clipchamp, leg inspiratie vast via Screen Recorder en bekijk je onbewerkte foto's in Photos. Om je prestaties nog meer te ondersteunen. Het wordt geleverd met Copilot – je AI-aangedreven intelligente assistent – om alle manieren te verbeteren waarop je creëert.
Specificaties kunnen verschillen per regio/model.",https://www.laptop.nl/picture/80066128/600/370/HighResolution/LPNL/false,https://www.laptop.nl/product/lenovo-yoga-pro-7-83e3002ymh/80066128/17923
Laptops,MSI Katana 17 B13VFK-1060NL,"Verscherp je spel
Het zwaard is zojuist verbeterd. De Katana 17 B13V is speciaal ontworpen voor liefhebbers van RPG-games en beschikt nu over de nieuwste hardware! Pak hem op en word een legendarische betoverde ridder. Vecht en overwin obstakels in de wereld van games met epische capaciteiten!
DE VOLGENDE GENERATIE. Tot Intel® Core™ i7-13620H Processor
De 13e generatie Intel® Core™ i7-13620H processor is hier. Met verbeterde hybride core-architectuur bestaande uit 6 Performance-cores en 4 Efficient-cores, voor betere multitasking-werkzaamheden en het draaien van veeleisende games.
GEFORCE RTX 40-SERIE LAPTOPS
MEER DAN SNEL
NVIDIA® GeForce RTX™ 40 Series GPU's zijn ongekend snel voor gamers en ontwerpers. Ze worden aangedreven door de ultra-efficiënte NVIDIA Ada Lovelace-architectuur die een kwantumsprong in zowel prestaties als AI-aangedreven graphics levert. Ervaar levensechte virtuele werelden met ray tracing en ultrahoge FPS-gaming met de laagste latentie. Ontdek revolutionaire nieuwe manieren om te creëren en ongekende workflowversnelling.
DISCRETE GRAFISCHE MODUS (MUX-ONTWERP) HERLEIDT HET VERMOGEN IN EEN OOGWENK
Kies tussen ""Discrete Graphics Mode"" of ""MSHybrid Graphics Mode"" (NVIDIA Optimus), de schakelbare grafische technologie biedt krachtige gaming prestaties en efficiëntie met een enkele klik.
BLIKSEMSNELLE EN VLOEIENDE WEERGAVE
Het 144Hz IPS-scherm brengt je opvallende beelden en een soepele verversingssnelheid zodat je nooit iets mist.
VERNIEUWDE KOELING VOOR NEXT-GEN GAMING
Speciale thermische oplossingen voor zowel de CPU als de GPU met maximaal 2 ventilatoren en 6 heat pipes. Het nieuwe CPU & GPU Shared-Pipe ontwerp maakt zorgt voor optimale balans in warmte afvoer tussen CPU & GPU voor verbeterde efficiëntie. In combinatie met MSI exclusieve thermal grease, zorgen we voor maximale prestaties onder extreme gaming.
VOLLEDIGE IO-POORTEN
- RJ45
- HDMI™ (8K@60Hz / 4K@120Hz)
- USB 3.2 Gen1 Type-C / DP
- USB 3.2 Gen1 Type-A
- Audio Combo Jack
- DC in
- USB 3.2 Gen1 Type-A
- USB 2.0 Type-A
KRIJG ALLE BUFFS
Het exclusieve MSI Center helpt je jouw MSI laptop te bedienen en aan te passen zoals jij dat wilt.
MSI APP-speler
Ontwikkeld onder een exclusieve samenwerking met BlueStacks, zorgt de MSI APP Player voor een naadloze game-ervaring tussen mobiel gamen en de PC.
ZOALS MUZIEK HOORT TE ZIJN
Dompel jezelf onder in jouw favoriete muziek en geniet van de premium geluidskwaliteit met Hi-Resolution Audio.
NIEUWE DRAADLOZE STANDAARD
Wi-Fi 6 beschikt over 802.11ax-standaarden en is 3x sneller dan Wi-Fi 5, ontworpen voor bliksemsnelle gameplay, de beste streaming en de meest meeslepende communicatie-ervaring. Speel op de meest optimale game-instellingen met Wi-Fi 6.",https://www.laptop.nl/picture/80068392/600/370/HighResolution/LPNL/false,https://www.laptop.nl/product/msi-katana-17-b13vfk-1060nl/80068392/17923
Laptops,"Apple MacBook Air (2025) 13"" - M4 - 16 GB - 512 GB - Zilver","Zo snel kan licht zijn.
MacBook Air is de populairste laptop ter wereld. Om vele redenen. Zo gaat de batterij tot 18 uur mee. Levert de M4-chip ongekend snelle prestaties voor werk en privé. Is de laptop gemaakt voor Apple Intelligence om allerlei dingen moeiteloos voor elkaar te krijgen. En is er nu de prachtige nieuwe kleur hemelsblauw. Met de supercompacte MacBook Air kun je alles aan, waar je ook bent.
Desgin
Gaat overal met je mee.
MacBook Air is opvallend licht en maar iets meer dan een centimeter dun. Zo past de laptop perfect in je drukke leven. En in je tas. MacBook Air met M4 bestaat voor meer dan 50 procent uit gerecyclede materialen en heeft een stevige behuizing van gerecycled aluminium.
Twee perfect compacte formaten. Het 13-inch model is de ultieme laptop voor onderweg. Op het grotere scherm van het 15-inch model heb je nog meer ruimte om te multi­tasken.
Er hangt een nieuwe kleur in de lucht. Met vier prachtige kleuren, waaronder het nieuwe hemelsblauw, is iedereen in de wolken. En bij elke MacBook Air zit een MagSafe-oplaadkabel in de bijpassende kleur.
Prestaties en batterij­duur
M4. Met stip de snelste chip.
Megasnel multi­tasken. Op MacBook Air met M4 gaat alles nog sneller en vloeiender. Of je nu schakelt tussen meerdere apps en tabbladen, video’s bewerkt of games als Sid Meier’s Civilization® VII speelt. En dat allemaal in een geruisloos design zonder ventilator.
Neural Engine. De turbo voor AI. Dankzij de snellere Neural Engine in de M4-chip zit MacBook Air vol krachtige AI-mogelijkheden, waardoor alles wat je doet nog beter gaat. Zo houdt je camera je automatisch midden in beeld, kun je AI-afbeeldingen verbeteren en moeiteloos met de nieuwste LLM’s werken. Kortom, een enorme boost voor je productiviteit en creativiteit.
Batterij waar je verder mee komt. MacBook Air heeft een batterij die tot 18 uur meegaat. En die snelladen ondersteunt: tot wel 50% in 30 minuten.6 Je kunt dus gewoon blijven doorwerken, zonder dat je je zorgen hoeft te maken over je batterij.
Mac + iPhone
Een dreamteam.
Hou je van iPhone, dan hou je van Mac. Met een Mac kun je net zo makkelijk overweg als met een iPhone. Tekst van je iPhone naar je Mac kopiëren of devices opsporen met Zoek Mijn? Je Mac en je iPhone vormen een geweldig team.
Gemaakt voor Apple Intelligence.
Meer doen. Minder moeite.
Apple Intelligence is ingebouwd in je Mac. Het systeem baseert zich op je persoonlijke context en helpt je met schrijven, jezelf uitdrukken en dingen moeiteloos voor elkaar krijgen.
Maximale power. Optimale privacy.
Apple Intelligence beschermt je privacy op alle fronten. Het systeem is geïntegreerd in het hart van je Mac, en gegevens worden op het device zelf verwerkt. Hoewel het zich bewust is van je persoonlijke gegevens, worden die gegevens niet verzameld.
En dankzij het baan­brekende Private Cloud Compute kan Apple Intelligence gebruik­maken van grotere server-based modellen die draaien op Apple silicon. Zo kunnen complexere verzoeken voor je worden afgehandeld zonder dat je privacy in het gedrang komt.
Display
Schitterend van alle kanten.
Het Liquid Retina-display van MacBook Air kan 1 miljard kleuren weergeven en heeft een tot 2x zo hoge resolutie als vergelijkbare pc-laptops. Dankzij het grote contrast en de duidelijke details spatten foto’s en video’s van het scherm, en is tekst haarscherp.
Camera en audio
Beweegt met je mee.
Middelpunt. Blijf in beeld tijdens videogesprekken. Ook als je beweegt of als er mensen naast je komen zitten.
Bureauweergave. Laat je bureau van bovenaf zien terwijl je zelf ook in beeld blijft. Ideaal als je bijvoorbeeld online lesgeeft of je nieuwste project wilt laten zien.
Drie microfoons. Met MacBook Air is je stem tijdens audio- en video­gesprekken goed te horen, terwijl achter­grond­geluiden zoveel mogelijk worden gedempt.
Indruk­wekkend geluidssysteem. De speakers van MacBook Air zijn geschikt voor Ruimtelijke Audio en Dolby Atmos, wat een oase van drie­dimensionaal geluid oplevert als je naar muziek luistert of een film kijkt.
Poorten en connectiviteit
Maak goede connecties.
De MagSafe-oplaadkabel klikt magnetisch vast en weer los. Je hoeft dus niet bang te zijn dat je MacBook Air opeens door de lucht vliegt. Via de twee Thunderbolt 4-poorten kun je professionele accessoires aansluiten en je Mac opladen. De mini-jack-aansluiting ondersteunt koptelefoons met hoge impedantie. En wifi 6E heeft een tot twee keer zo hoge overdrachts­snelheid als wifi 6.
Maak van MacBook Air je ideale werkplek door er tot twee externe displays op aan te sluiten. Met al die extra ruimte kun je eenvoudig in meerdere documenten of apps tegelijk werken.
Beveiliging
Bewaak het fort met één vinger.
Het Magic Keyboard is voorzien van achter­grond­verlichting, een rij functie­toetsen van volledige hoogte en Touch ID, waarmee je snel, makkelijk en veilig je Mac ontgrendelt, inlogt bij apps en websites en online betalingen goedkeurt, met alleen je vinger­afdruk.",https://www.laptop.nl/picture/21770977/600/370/HighResolution/LPNL/false,https://www.laptop.nl/product/apple-macbook-air-2025-13-m4-16-gb-512-gb-zilver/21770977/17923
Laptops,"Apple MacBook Air (2025) 13"" - M4 - 16 GB - 256 GB - Zilver","Zo snel kan licht zijn.
MacBook Air is de populairste laptop ter wereld. Om vele redenen. Zo gaat de batterij tot 18 uur mee. Levert de M4-chip ongekend snelle prestaties voor werk en privé. Is de laptop gemaakt voor Apple Intelligence om allerlei dingen moeiteloos voor elkaar te krijgen. En is er nu de prachtige nieuwe kleur hemelsblauw. Met de supercompacte MacBook Air kun je alles aan, waar je ook bent.
Desgin
Gaat overal met je mee.
MacBook Air is opvallend licht en maar iets meer dan een centimeter dun. Zo past de laptop perfect in je drukke leven. En in je tas. MacBook Air met M4 bestaat voor meer dan 50 procent uit gerecyclede materialen en heeft een stevige behuizing van gerecycled aluminium.
Twee perfect compacte formaten. Het 13-inch model is de ultieme laptop voor onderweg. Op het grotere scherm van het 15-inch model heb je nog meer ruimte om te multi­tasken.
Er hangt een nieuwe kleur in de lucht. Met vier prachtige kleuren, waaronder het nieuwe hemelsblauw, is iedereen in de wolken. En bij elke MacBook Air zit een MagSafe-oplaadkabel in de bijpassende kleur.
Prestaties en batterij­duur
M4. Met stip de snelste chip.
Megasnel multi­tasken. Op MacBook Air met M4 gaat alles nog sneller en vloeiender. Of je nu schakelt tussen meerdere apps en tabbladen, video’s bewerkt of games als Sid Meier’s Civilization® VII speelt. En dat allemaal in een geruisloos design zonder ventilator.
Neural Engine. De turbo voor AI. Dankzij de snellere Neural Engine in de M4-chip zit MacBook Air vol krachtige AI-mogelijkheden, waardoor alles wat je doet nog beter gaat. Zo houdt je camera je automatisch midden in beeld, kun je AI-afbeeldingen verbeteren en moeiteloos met de nieuwste LLM’s werken. Kortom, een enorme boost voor je productiviteit en creativiteit.
Batterij waar je verder mee komt. MacBook Air heeft een batterij die tot 18 uur meegaat. En die snelladen ondersteunt: tot wel 50% in 30 minuten.6 Je kunt dus gewoon blijven doorwerken, zonder dat je je zorgen hoeft te maken over je batterij.
Mac + iPhone
Een dreamteam.
Hou je van iPhone, dan hou je van Mac. Met een Mac kun je net zo makkelijk overweg als met een iPhone. Tekst van je iPhone naar je Mac kopiëren of devices opsporen met Zoek Mijn? Je Mac en je iPhone vormen een geweldig team.
Gemaakt voor Apple Intelligence.
Meer doen. Minder moeite.
Apple Intelligence is ingebouwd in je Mac. Het systeem baseert zich op je persoonlijke context en helpt je met schrijven, jezelf uitdrukken en dingen moeiteloos voor elkaar krijgen.
Maximale power. Optimale privacy.
Apple Intelligence beschermt je privacy op alle fronten. Het systeem is geïntegreerd in het hart van je Mac, en gegevens worden op het device zelf verwerkt. Hoewel het zich bewust is van je persoonlijke gegevens, worden die gegevens niet verzameld.
En dankzij het baan­brekende Private Cloud Compute kan Apple Intelligence gebruik­maken van grotere server-based modellen die draaien op Apple silicon. Zo kunnen complexere verzoeken voor je worden afgehandeld zonder dat je privacy in het gedrang komt.
Display
Schitterend van alle kanten.
Het Liquid Retina-display van MacBook Air kan 1 miljard kleuren weergeven en heeft een tot 2x zo hoge resolutie als vergelijkbare pc-laptops. Dankzij het grote contrast en de duidelijke details spatten foto’s en video’s van het scherm, en is tekst haarscherp.
Camera en audio
Beweegt met je mee.
Middelpunt. Blijf in beeld tijdens videogesprekken. Ook als je beweegt of als er mensen naast je komen zitten.
Bureauweergave. Laat je bureau van bovenaf zien terwijl je zelf ook in beeld blijft. Ideaal als je bijvoorbeeld online lesgeeft of je nieuwste project wilt laten zien.
Drie microfoons. Met MacBook Air is je stem tijdens audio- en video­gesprekken goed te horen, terwijl achter­grond­geluiden zoveel mogelijk worden gedempt.
Indruk­wekkend geluidssysteem. De speakers van MacBook Air zijn geschikt voor Ruimtelijke Audio en Dolby Atmos, wat een oase van drie­dimensionaal geluid oplevert als je naar muziek luistert of een film kijkt.
Poorten en connectiviteit
Maak goede connecties.
De MagSafe-oplaadkabel klikt magnetisch vast en weer los. Je hoeft dus niet bang te zijn dat je MacBook Air opeens door de lucht vliegt. Via de twee Thunderbolt 4-poorten kun je professionele accessoires aansluiten en je Mac opladen. De mini-jack-aansluiting ondersteunt koptelefoons met hoge impedantie. En wifi 6E heeft een tot twee keer zo hoge overdrachts­snelheid als wifi 6.
Maak van MacBook Air je ideale werkplek door er tot twee externe displays op aan te sluiten. Met al die extra ruimte kun je eenvoudig in meerdere documenten of apps tegelijk werken.
Beveiliging
Bewaak het fort met één vinger.
Het Magic Keyboard is voorzien van achter­grond­verlichting, een rij functie­toetsen van volledige hoogte en Touch ID, waarmee je snel, makkelijk en veilig je Mac ontgrendelt, inlogt bij apps en websites en online betalingen goedkeurt, met alleen je vinger­afdruk.",https://www.laptop.nl/picture/21770976/600/370/HighResolution/LPNL/false,https://www.laptop.nl/product/apple-macbook-air-2025-13-m4-16-gb-256-gb-zilver/21770976/17923
Laptops,Lenovo Legion Pro 7 16IAX10H - 83F5006BMH,"ULTIEME PRESTATIES VOOR GAMERS
Prestaties op het niveau van een desktop-pc, waar je ook bent
Ervaar gaming en productiviteit op een hoger niveau met Intel® Core™ Ultra-processors. Geniet van ultrasoepele gameplay, naadloos multitasken en AI-versnelde creatieve taken. Sluit alle randapparatuur aan via Thunderbolt™ 4 en geniet van een langere speeltijd zonder opladen met koelere, stille prestaties voor gamen, streamen en creëren.
UITGEBREIDE GAMING-BIBLIOTHEEK
Geniet van 3 maanden Xbox Game Pass op Lenovo Legion-apparaten
Speel honderden pc-games en kaskrakers zoals Halo Infinite en Overwatch 2, met je nieuwe Lenovo Legion-apparaten en drie maanden PC Game Pass - inclusief EA play. Er worden voortdurend nieuwe games toegevoegd, dus je kunt altijd wat nieuws spelen.
LENOVO AI ENGINE+
Smart Performance voor een overwinning
Lenovo AI Engine+ geeft eSports-grootmeesters een voorsprong om te winnen met realtime scenariodetectie voor geoptimaliseerde FPS en slimmere toewijzing van middelen. Smart FPS zorgt voor soepele prestaties en verfijnt de CPU/GPU voor competitief spel op het hoogste niveau. Verbeter je gameplay met door AI-aangedreven precisie en domineer elk moment op het slagveld.
LEGION COLDFRONT: VAPOR MET GEÏNTEGREERDE HYPERKAMER
Blijf koel. Blijf gevaarlijk.
De Coldfront-technologie van de Legion Pro 7i haalt het uiterste uit de prestaties met een enorme verdampingskamer en een geïntegreerd hyperkamer-ontwerp, waardoor de totale TDP wordt verhoogd tot 250 W met een extra boost van 15 W. Akoestische AI past de ventilatorsnelheid aan voor een stillere gameplay, terwijl het geoptimaliseerde luchtstroomontwerp het comfort verbetert. Schakel direct tussen modi met het Fn+Q-commando en laat Lenovo AI Engine+ de koeling en het vermogen optimaliseren.
Uitzonderlijke ecosysteemervaringen
Het Legion-ecosysteem biedt een uniform ontwerp voor pc's, handhelds, tablets, beeldschermen en software voor een naadloze gebruikerservaring. Legion Space voegt evoluerende AI-functies toe voor verbeterde creativiteit en gaming. Geniet van directe compatibiliteit met stuurprogramma-updates, waardoor betrouwbare prestaties gegarandeerd zijn voor de komende jaren.
GELOOFWAARDIGHEID EN SAMENWERKING
Duurzaamheid
Ons doel is om slimmere technologie te leveren die een betere, duurzamere toekomst creëert voor onze klanten, gemeenschappen en de planeet. Daarom streven we naar toonaangevende labels en certificeringen die onze toewijding aan duurzaamheid in productontwerp aantonen. Samen kunnen we bouwen aan een slimmere toekomst voor iedereen.",https://www.laptop.nl/picture/80068555/600/370/HighResolution/LPNL/false,https://www.laptop.nl/product/lenovo-legion-pro-7-16iax10h-83f5006bmh/80068555/17923
Laptops,Lenovo Legion Pro 7 - 83F5003QMH,"ULTIEME PRESTATIES VOOR GAMERS
Desktop-niveau prestaties, overal
Ervaar next-level gaming en productiviteit met Intel® Core™ Ultra-processors. Geniet van ultra-soepele gameplay, naadloos multitasken en AI-versnelde creatieve taken. Sluit al je randapparatuur aan met Thunderbolt™ 4 en profiteer van koelere, stillere prestaties voor gaming, streaming en contentcreatie, zelfs zonder stekker.
UITGEBREIDE GAMEBIBLIOTHEEK
Geniet 3 maanden van Xbox Game Pass op Lenovo Legion-apparaten
Speel honderden pc-games en dag-één blockbusters zoals Halo Infinite en Overwatch 2 met je nieuwe Lenovo Legion-apparaat en 3 maanden PC Game Pass, inclusief EA Play. Met regelmatig toegevoegde nieuwe titels is er altijd iets nieuws om te spelen.
LENOVO AI ENGINE+
Slimme prestaties voor de overwinning
Lenovo AI Engine+ geeft eSports-grootmeesters de voorsprong om te winnen met realtime scenariodetectie voor geoptimaliseerde FPS en slimmere resourceverdeling. Smart FPS zorgt voor zijdezachte prestaties en optimaliseert CPU/GPU voor competitief gamen op topniveau. Stuur je gameplay aan met AI-gestuurde precisie en domineer elk moment op het slagveld.
LEGION COLDFRONT: VAPOR MET GEÏNTEGREERDE HYPERCHAMBER
Blijf koel. Blijf gevaarlijk.
De Coldfront-technologie van de Legion Pro 7i drijft de prestaties tot het uiterste met een enorme vapor chamber en geïntegreerd HyperChamber-ontwerp, waarmee de totale TDP wordt verhoogd tot 250W met een extra boost van 15W. Acoustic AI past de ventilatorsnelheden aan voor stiller gamen, terwijl het geoptimaliseerde luchtstroomontwerp het comfort verhoogt. Schakel direct tussen modi met de Fn+Q-commando en laat Lenovo AI Engine+ de koeling en prestaties optimaliseren.
UITZONDERLIJKE ECOSYSTEEMERVARINGEN
Het Legion-ecosysteem biedt een uniforme ervaring over pc’s, handhelds, tablets, monitoren en software. Legion Space voegt evoluerende AI-functies toe voor verbeterde creativiteit en gaming. Geniet van directe compatibiliteit en automatische driverupdates voor betrouwbare prestaties, jarenlang.
CREDIBILITEIT & SAMENWERKING
Duurzaamheid
Ons doel is om slimme technologie te bieden die een helderdere, duurzamere toekomst bouwt voor onze klanten, gemeenschappen en de planeet. Daarom streven we naar toonaangevende certificeringen die onze inzet voor duurzaamheid in productontwerp aantonen. Samen kunnen we bouwen aan een slimmere toekomst voor iedereen.",https://www.laptop.nl/picture/80068553/600/370/HighResolution/LPNL/false,https://www.laptop.nl/product/lenovo-legion-pro-7-83f5003qmh/80068553/17923
Laptops,Outlet: Samsung Galaxy Book3 Pro - NP960XFG-KC3NL,"Carrièreversnellende snelheid
Deze processor betekent business. Bereik alles met de nieuwste 13e generatie Intel® Core™-processor. Plus, deze krachtpatser voor onderweg synchroniseert naadloos met andere Galaxy-apparaten om multitasking met gemak te vermenigvuldigen.
Je werk op volledig scherm
Zie je ambities tot leven komen op een 3K AMOLED-scherm (2880 X 1800). Deze jaw-dropping laptop zet Samsung's rijke erfgoed van innovatieve displays met een 16:10 aspect ratio, de grootste ooit voor Galaxy.
Dun, licht, premium ontwerp
Streef uw ambities na vanaf elke plek met een verbazingwekkend dun, lichtgewicht ontwerp. Deze krachtige pc is klaar om met u mee te gaan op uw reis naar de top.
Boordevol poorten
Zie eruit als een pro terwijl je de dag in handen hebt met een groot aantal poorten - plus een groter touchpad. Geen onhandige adapter meer nodig. Sluit gemakkelijk grotere schermen, externe opslagapparaten en meer aan.
Vermogen om vooruit te komen
Blijf van stroom voorzien tijdens uw projecten met een batterij die lang meegaat. Laad vervolgens razendsnel op met de Fast Charging USB-C-lader die ook werkt met je andere Galaxy-apparaten.
De Galaxy connected ervaring
Vermenigvuldig uw productiviteit met één naadloze ervaring op al uw apparaten. Galaxy doorbreekt barrières zodat u moeiteloos meer kunt doen.",https://www.laptop.nl/picture/80068639/600/370/HighResolution/LPNL/false,https://www.laptop.nl/product/outlet-samsung-galaxy-book3-pro-np960xfg-kc3nl/80068639/17923
Printers,Canon PIXMA TS3350,"De PIXMA TS3350 is betaalbaar, compact en uitgebreid, en biedt perfecte wireless connectiviteit, een 1,5-inch zwart-wit LCD-scherm en FINE-cartridges voor scherpe tekst in documenten en levendige foto's zonder witrand. Met de optionele XL-cartridges print je meer voor minder.
Compact en connected
Geniet van multifunctionaliteit en soepele wireless connectiviteit. Print, scan en maak verbinding met de cloud* via de Canon PRINT-app, of print via AirPrint (iOS) en Mopria (Android).
Print meer
Geniet van het gemak van FINE-cartridges en verwissel minder vaak cartridges met de optionele XL-cartridges.
Eenvoudig in te stellen
Wireless connectiviteit met één druk op de knop, een intuïtief 1,5-inch zwart-wit LCD-scherm en nog eenvoudiger in te stellen – het is nog nooit zo gemakkelijk geweest om aan de slag te gaan.
Creatieve mogelijkheden
Ga aan de slag met vierkante (12,7 x 12,7 cm), herplakbare en magnetische media en probeer de creatieve opties van Easy-PhotoPrint Editor en Creative Park.
Kwaliteit zonder witrand
Geniet van foto's die wel 100 jaar mooi blijven dankzij ChromaLife 100-inkt en print foto's zonder witrand in formaten tot 13 x 18 cm.",https://www.laptop.nl/picture/20971148/600/370/HighResolution/LPNL/false,https://www.laptop.nl/product/canon-pixma-ts3350/20971148/17150
Printers,HP DeskJet 2820e,"HP Instant Ink!
Nooit meer zonder cartridges?
Kijk hier
voor meer informatie over HP Instant Ink!
Eenvoudig en moeiteloos printen.
Print, scan en kopieer moeiteloos met deze compacte draadloze printer, gekoppeld aan de beste en meest gebruiksvriendelijke printapp. Van retouretiketten tot je favoriete recepten geniet je van een naadloze ervaring van het nummer 1 printerbedrijf ter wereld.
Printer met dynamische beveiliging Bepaalde HP-printers zijn bestemd om alleen te werken met cartridges die nieuwe of hergebruikte HP-chips of elektronische HP-circuits hebben. Deze printers gebruiken dynamische beveiligingsmaatregelen om cartridges te blokkeren die gebruikmaken van een chip of elektronische circuits die niet van HP zijn. Door periodieke firmware-updates wordt de effectiviteit van deze maatregelen behouden en blokkeren cartridges die eerder wel werkten. Hergebruikte HP-chips en elektronische HP-circuits maken gebruik van hergebruikte, gerecyclede en opnieuw gevulde cartridges mogelijk.
Dit is een printer die HP+ ondersteunt. Kies voor HP+ bij de installatie van het product om de voordelen te activeren. Voor HP+ is een HP account, continue verbinding met het internet en exclusief gebruik van originele HP inktcartridges tijdens de gehele levensduur van de printer vereist. Meer informatie op: http://www.hp.com/plus",https://www.laptop.nl/picture/21409118/600/370/HighResolution/LPNL/false,https://www.laptop.nl/product/hp-deskjet-2820e/21409118/17150
Printers,Canon PIXMA MG3650S,"Canon PIXMA MG3650S
Maak verbinding met smartphone of tablet en de cloud via deze betaalbare en compacte All-in-One met Wi-Fi. Snel printen, kopiëren en scannen met hoge kwaliteit dankzij optionele XL-inktcartridges.
Betaalbare All-in-One printer met Wi-Fi voor snel printen met hoge kwaliteit
Deze All-in-One is compact en betaalbaar en levert scherpe documenten en uitstekende foto's zonder witrand. Naadloze koppelingen naar de cloud en smartapparaten zorgen voor een eenvoudige connectiviteit, en met optionele XL-inktcartridges en automatisch dubbelzijdig printen bespaar je tijd en geld.
Perfecte prints zonder witrand
Print moeiteloos en gedetailleerd magnifieke foto's van 4 x 6 inch tot op A4-formaat zonder witrand, en documenten met scherpe tekst van hoge kwaliteit.
Snelle toegang
Je kunt nu eenvoudig printen, kopiëren en scannen met behulp van je smartphone of tablet, of rechtstreeks toegang krijgen tot cloudopslag via PIXMA Cloud Link - allemaal dankzij de Canon PRINT-app.
De vrijheid van de cloud
Print en scan documenten vanuit en naar cloudservices zoals Google Drive, OneDrive en Dropbox. Je kunt ook rechtstreeks gescande bestanden toevoegen en verzenden via e-mail - alles zonder pc.",https://www.laptop.nl/picture/20899189/600/370/HighResolution/LPNL/false,https://www.laptop.nl/product/canon-pixma-mg3650s/20899189/17150
Printers,HP Smart Tank 5105,"HP Instant Ink!
Nooit meer zonder cartridges?
Kijk hier
voor meer informatie over HP Instant Ink!
Ontdek de veelzijdigheid en efficiëntie van de HP Smart Tank 5105 All-in-One-printer, ideaal voor thuis en thuiskantoor. Deze printer biedt een breed scala aan functies, waaronder printen, kopiëren en scannen in kleur, en ondersteunt draadloze connectiviteit voor moeiteloos printen vanaf je telefoon of tablet.
Hoogwaardige Printprestaties:
Met thermische inkjettechnologie levert de HP Smart Tank 5105 afdrukken van hoge kwaliteit met een maximale resolutie van 4800 x 1200 DPI. Geniet van levendige kleuren en scherpe details bij elke afdruk, met een printsnelheid van 5 pagina's per minuut voor kleurafdrukken (A4/US Letter).
Efficiënt Kopiëren en Scannen:
Deze all-in-one-printer kopieert in kleur met een maximale resolutie van 600 x 600 DPI en biedt kleuren scannen met een optische resolutie van 1200 x 1200 DPI. Scan eenvoudig documenten naar pdf voor digitale archivering of delen.
Grote Volumes en Direct Printen:
Dankzij de printertank voor grote volumes hoef je minder vaak bij te vullen, waardoor je meer kunt afdrukken zonder onderbrekingen. De printer ondersteunt direct printen, zodat je snel en gemakkelijk kunt afdrukken zonder eerst bestanden over te zetten naar een computer.
Gebruiksvriendelijke Connectiviteit:
Met ingebouwde Wi-Fi is draadloos printen een fluitje van een cent. Print rechtstreeks vanaf je smartphone of tablet met de handige mobiele printopties.
Compact en Stijlvol Ontwerp:
De HP Smart Tank 5105 is ontworpen om te passen in elke ruimte, met een moderne grijze afwerking die stijl toevoegt aan je werkplek.
Optimaliseer je thuis- of thuiskantooromgeving met de HP Smart Tank 5105 All-in-One-printer en ervaar de perfecte balans tussen veelzijdigheid, prestaties en gebruiksgemak.",https://www.laptop.nl/picture/21263763/600/370/HighResolution/LPNL/false,https://www.laptop.nl/product/hp-smart-tank-5105/21263763/17150
Printers,Epson Expression Home XP-5200,"SLEEK AND STYLISH 3-in-1
The sleek Epson Expression XP-5200 wireless all-in-one offers auto 2-sided printing and other high-performance features for efficient everyday home printing. Featuring a 2.4"" colour LCD for simple setup and navigation, the XP-5200 makes it easy to wirelessly print, copy, and scan documents and photos.
AFFORDABLE INDIVIDUAL INK CARTRIDGES
Depending on what you are printing – lots of blue skies will mean your cyan will need replacing sooner than other colours – your printer's ink will reduce at different levels. With individual inks you only need to replace one cartridge at a time – the one that actually needs replacing. With tri-colour cartridges, you end up throwing away the entire cartridge even if just one colour runs out, meaning you waste the good ink you have left. Wasted ink is just wasted money. Epson individual ink cartridges means you save money and don't waste ink.
EPSON SMART-PANEL
An innovative interface, the Epson Smart Panel app² transforms your iOS® or Android™ mobile device³ into an intuitive control centre for your Epson Expression Home XP-5200. This powerful tool makes it easy to set up, monitor, print, scan and more using your Epson printer, right from your hand-held device. With quick-configuration features, it offers easy product setup on your wireless network and automatically detects your printer. Customise the app to your own preferences and requirements. Built to offer everything you need in one convenient app, Epson Smart Panel allows you to register your product, order supplies and easily access troubleshooting tips.
POWERED BY PRECISIONCORE® HEAT-FREE TECHNOLOGY
The Epson Expression Home XP-5200 is powered by PrecisionCore® Heat-Free Technology which uses a revolutionary high-density print chip that can generate up to 40 million precise dots per second with amazing accuracy, producing professional-quality output at fast speeds.
Simple wired & wireless connectivity
The Epson Expression Home XP-5200 supports the latest wireless standard, 802.11 b/g/n4 and includes Wi-Fi Direct®. Which means no router is required, providing users with greater coverage and faster speeds. You can use your printer from anywhere in your home and share it with multiple PCs.
Print from your iPad or iPhone
Apple® AirPrint™ makes it simple to print emails, web pages, presentations and documents straight from their iPad or iPhone. There's no software to download, no drivers to install and no cables to connect. Your Apple® IOS® device will automatically connect to the printer.",https://www.laptop.nl/picture/21221294/600/370/HighResolution/LPNL/false,https://www.laptop.nl/product/epson-expression-home-xp-5200/21221294/17150
Muizen,HP 150 - Optisch,"Draadloos. Nauwkeurig. Comfortabel.
Deze nauwkeurige en comfortabele draadloze muis is ontworpen om u snel te laten klikken en u de hele dag door productief te houden, waar u zich ook bevindt.",https://www.laptop.nl/picture/21157025/600/370/HighResolution/LPNL/false,https://www.laptop.nl/product/hp-150-optisch/21157025/3142
Muizen,HP 240 - Optisch,"Blijf verbonden in stijl
Met een krachtige verbinding en snelle tracking blijf je de hele dag door klikken, elke dag opnieuw. Deze stijlvolle draadloze muis heeft zoveel te bieden. Waarom help je hem niet een handje?
Gebruik hem met Bluetooth 5.1
Met een muis met draadloze Bluetooth 5.1-verbinding heb je geen dongel meer nodig. Hij gebruikt weinig energie, waardoor je langer en krachtiger verbinding hebt.
Soepel, snel en gevoelig
De optische sensor van deze muis heeft een zeer accurate tracking van 1600 DPI zodat elke beweging van je pols meteen wordt opgepikt. Soepel, snel en gevoelig.
Slim design
Elegant ontwerp voor links- en rechtshandigen. Kies uit drie stijlvolle kleuren: zwart, rood of zilver. En dan zijn er ook nog drie knoppen en een bladerwieltje.",https://www.laptop.nl/picture/21176841/600/370/HighResolution/LPNL/false,https://www.laptop.nl/product/hp-240-optisch/21176841/3142
Muizen,Logitech M720 Triathlon - Optisch,"Logitech M720 Triathlon
Klaar voor de start, af! De Logitech M720 Triathlon Muis is ontworpen voor uithoudingsvermogen, veelzijdigheid en comfort om je te helpen succesvol te zijn in een wereld waarin constant tussen apparaten wordt geschakeld. Schakel naadloos tussen 3 computers met Easy-Switch-technologie.
Easy Switch™ technologie
Koppel de M720 Triathlon met maximaal 3 computers. Dankzij de Easy-Switch-technologie schakel je met een druk op de knop tussen verschillende apparaten.
Supersnel scrollen
Vlieg door documenten en websites met het supersnelle scrollwiel of schakel over naar kliksgewijs scrollen voor precisie.
Duurzaam ontwerp
De Logitech M720 Triathlon is voorzien van knoppen die tot 10 miljoen klikken kunnen hebben en heeft daarmee een enorm uithoudingsvermogen.
Batterijlevensduur van 24 maanden
De technologische ontwikkelingen staan niet stil, zeker niet bij Logitech. Profiteer van de verhoogde efficiëntie met 24 maanden vermogen op één enkele AA-batterij.
Inhoud van de verpakking:
Draadloze Muis
Logitech Unifying-ontvanger
1 AA-batterijen
Handleiding
3 jaar fabrieksgarantie en volledige productondersteuning",https://www.laptop.nl/picture/20810347/600/370/HighResolution/LPNL/false,https://www.laptop.nl/product/logitech-m720-triathlon-optisch/20810347/3142
Muizen,Apple Magic Mouse (2024) - Laser - Zwart,"Magic Mouse is draadloos en oplaadbaar, en heeft een geoptimaliseerde voet die soepel over je bureau glijdt. Dankzij het Multi-Touch-oppervlak kun je vlot van de ene naar de andere webpagina swipen en door documenten scrollen.
De oplaadbare batterij van Magic Mouse levert zonder tussentijds opladen voldoende stroom voor ongeveer een maand. De Magic Mouse is meteen gebruiksklaar en pairt automatisch met je Mac. En met de meegeleverde geweven USB-C-oplaadkabel kun je ’m aansluiten op een USB-C-poort op je Mac om te pairen en op te laden.",https://www.laptop.nl/picture/21654749/600/370/HighResolution/LPNL/false,https://www.laptop.nl/product/apple-magic-mouse-2024-laser-zwart/21654749/3142
Muizen,HP 690 - Optisch,"Minder complexiteit. Meer mobiliteit.
Werken waar je maar wilt en opladen hoe je maar wilt met een prettige, draagbare BluetoothÂ®-muis. Je hebt minder opladers nodig dankzij draadloos opladen met Qi
[2]
en een lange batterijduur. En je hebt directe en naadloze aansluitingen met tot drie apparaten met een eenvoudige aanpassing via zes programmeerbare knoppen
[1]
.",https://www.laptop.nl/picture/21560598/600/370/HighResolution/LPNL/false,https://www.laptop.nl/product/hp-690-optisch/21560598/3142
Muizen,HP Silent 280M - Optisch,Breid de invoermogelijkheden uit met een muis van HP.,https://www.laptop.nl/picture/21051213/600/370/HighResolution/LPNL/false,https://www.laptop.nl/product/hp-silent-280m-optisch/21051213/3142
Muizen,HP 430 - Optisch,"Alles klikt op z'n plaats
Werk moeiteloos met een veelzijdige en aanpasbare muis die op verantwoorde wijze is gemaakt. U kunt zelfs tot twee apparaten aansluiten en inhoud verplaatsen tussen besturingssystemen. Werk optimaal met programmeerbare knoppen, een ergonomisch ontwerp en een batterij die tot 24 maanden lang meegaat
[1]
. Profiteer daarnaast van de vrijheid om op de meeste oppervlakken te werken met de Multi-Surface Sensor.",https://www.laptop.nl/picture/21176802/600/370/HighResolution/LPNL/false,https://www.laptop.nl/product/hp-430-optisch/21176802/3142
Muizen,NZXT Lift Elite Wireless - Optisch,"De Lift Elite Wireless levert topprestaties in een ultralicht ontwerp. Met optische schakelaars, een 26K DPI-sensor, hoge pollingsnelheden en draadloze connectiviteit met lage latentie zorgt hij voor snelle, responsieve acties voor gameplay op elk niveau.
Optische sensor
Detecteert nauwkeurig subtiele en snelle muisbewegingen, met een maximum van 26K DPI en 650 IPS.
Optische Schakelaars
Minimaliseer misklikken en krijg bliksemsnelle reactietijden van 0,2 ms plus een levensduur van 100 miljoen klikken.
Een greep voor elke stijl
Kwaliteitsconstructie met een rechtshandige, medium symmetrische vorm.
Personaliseer je spel met NZXT CAM
Wijzig de polling rates, pas DPI aan, remap knoppen en maak aangepaste onboard profielen voor elke game.",https://www.laptop.nl/picture/80068410/600/370/HighResolution/LPNL/false,https://www.laptop.nl/product/nzxt-lift-elite-wireless-optisch/80068410/3142
Muizen,Acer B501 - Optisch,"De Acer B501 is een gebruiksvriendelijke muis met een ambidextere vormfactor, waardoor deze comfortabel is voor zowel links- als rechtshandige gebruikers. Uitgerust met optische bewegingsdetectietechnologie en een Bluetooth-aansluiting, biedt deze muis een soepele en draadloze ervaring. Met een bewegingsresolutie van 1000 DPI en drie knoppen, inclusief een scrollwiel, is de functionaliteit eenvoudig en effectief. De muis werkt op batterijen en heeft een strakke zwarte kleur, waardoor het een stijlvolle aanvulling is op elke werkplek.",https://www.laptop.nl/picture/21551290/600/370/HighResolution/LPNL/false,https://www.laptop.nl/product/acer-b501-optisch/21551290/3142
Muizen,Logitech Advanced Corded M500s - Optisch,"Logitech M500s Advanced Corded Mouse
De Logitech® Advanced Corded Mouse M500s met supersnel scrollen voor hogere productiviteit. Met slechts één draai aan het soepele scrolwiel kun je door lange documenten en webpagina's vliegen. Of schakel over op de kliksgewijze modus voor nauwkeurige regelnavigatie van lijsten, dia's, afbeeldingen en menu's. Nu met aanpasbare dpi van 400-4000 voor snelle en uiterst nauwkeurige cursorbesturing. Zachte zijkanten en een gerond ontwerp zorgen voor meer steun en controle. Dankzij de zeven aanpasbare knoppen kun je gemakkelijk door webpagina's en fotoalbums navigeren. Plug-and-play-USB werkt direct uit de doos.
SUPERSNEL SCROLLEN
vlieg door lange documenten en webpagina's met slechts één draai aan het soepele scrolwiel. Of druk op het scrolwiel en schakel over naar de kliksgewijze modus voor nauwkeurige navigatie.
EXTREEM COMFORT
deze muis van normaal formaat heeft zachte rubberen handgrepen en een gevormd ontwerp dat je hand beter ondersteund en je meer controle geeft voor vele productieve uren thuis of op kantoor.
UITERST NAUWKEURIGE TRACKING
de optische sensor met aanpasbare dpi-niveaus van 400-4000 biedt snelle, nauwkeurige cursorbesturing afgestemd op jouw behoeften en bewegingen op je laptop of computer, muismat niet nodig.
ZEVEN AANPASBARE KNOPPEN
gebruik de Logitech Options-software en de zeven programmeerbare knoppen om efficiënte, taakspecifieke snelkoppelingen in te stellen, zoals navigatie vooruit en terug, kopiëren en plakken, muziekbediening en meer.
GEMAKKELIJKE PLUG-AND-PLAY
De Advanced Corded M500s met draad werkt direct uit de doos: sluit hem gewoon aan op je USB-poort en klaar is Kees, batterij niet nodig.
ONTWIKKELD DOOR LOGITECH
elk Logitech-product wordt gemaakt volgens dezelfde hoogwaardige, duurzame en betrouwbare standaarden die Logitech tot de wereldleider op het gebied van muizen hebben gemaakt.",https://www.laptop.nl/picture/21038329/600/370/HighResolution/LPNL/false,https://www.laptop.nl/product/logitech-advanced-corded-m500s-optisch/21038329/3142
Muizen,Logitech MX Master 3S - Optisch,"EEN ICOON. REMASTERED.
Maak kennis met de MX Master 3S, een iconische muis, remastered.
Voel elk moment van je workflow met nog meer precisie, tactiliteit en prestaties, dankzij de stille klikken en een sensor van 8000 dpi waarmee je op glas kunt tracken9Glasdikte minimaal 4 mm.
VOEL HEM, MAAR HOOR HEM NAUWELIJKS
Maak kennis met stil klikken: creëer, maak en doe met hetzelfde klikgevoel, maar dan met minder geluid. Stil klikken levert aangename, zachte tactiele feedback met 90% minder klikgeluid11Vergeleken met de MX Master 3 heeft de MX Master 3S 90% minder geluidsvermogensniveau bij links- en rechtsklikken, gemeten op 1 meter..
Combineer dat met een opmerkelijk stil, elektromagnetisch MagSpeed-scrolwiel en je hebt een hoogwaardige ervaring zonder afleiding.
8K DPI-TRACKING OP ELKE ONDERGROND
MX Master 3S is uitgerust met onze meest nauwkeurige sensor ooit, met eersteklas precisie en reactievermogen.
De optische sensor van 8000 dpi trackt vrijwel overal, zelfs op glas.12Glasdikte minimaal 4 mm.. Je kunt de trackgevoeligheid aanpassen in Logi Options+13Vereist Logi Options+-software, beschikbaar voor Windows en macOS en het juiste niveau instellen voor de workflow en monitorresolutie.
SCROLL 1000 REGELS PER SECONDE
Elektromagnetisch scrollen met MagSpeed is zo precies dat het op een pixel kan stoppen en is snel genoeg om 1000 regels per seconde te scrollen. O ja, en het is bijna stil. 
Het bewerkte staal van het wiel geeft het een uitstekende tactiliteit en voldoende gewicht om een dynamische traagheid te bieden die u voelt, maar niet hoort.",https://www.laptop.nl/picture/21197067/600/370/HighResolution/LPNL/false,https://www.laptop.nl/product/logitech-mx-master-3s-optisch/21197067/3142
Muizen,Apple Magic Mouse (2024) - Laser - Wit,"Magic Mouse is draadloos en oplaadbaar, en heeft een geoptimaliseerde voet die soepel over je bureau glijdt. Dankzij het Multi-Touch-oppervlak kun je vlot van de ene naar de andere webpagina swipen en door documenten scrollen.
De oplaadbare batterij van Magic Mouse levert zonder tussentijds opladen voldoende stroom voor ongeveer een maand. De Magic Mouse is meteen gebruiksklaar en pairt automatisch met je Mac. En met de meegeleverde geweven USB-C-oplaadkabel kun je ’m aansluiten op een USB-C-poort op je Mac om te pairen en op te laden.",https://www.laptop.nl/picture/21654748/600/370/HighResolution/LPNL/false,https://www.laptop.nl/product/apple-magic-mouse-2024-laser-wit/21654748/3142
Muizen,Logitech G502 - Optisch,"EEN HERBOREN HELD
De G502 HERO heeft een geavanceerde optische sensor voor optimale trackingprecisie, aanpasbare RGB-verlichting, aangepaste gameprofielen, aanpasbare gevoeligheid van 100 tot 16.000 dpi en verplaatsbare gewichten.
HERO 16K-sensor
De HERO is onze meest nauwkeurige gamingsensor ooit, met next-gen precisie en een volledig nieuwe architectuur. Met de snelste verwerking van framefrequentie tot nu toe biedt de HERO meer dan 400 IPS over een dpi-bereik van 100 - 16.000 zonder enige vertraging, filtering of versnelling. HERO bereikt precisie op wedstrijdniveau en biedt het meest consistente reactievermogen ooit. Je kunt je dpi-instellingen aanpassen en afstemmen met de Logitech G HUB.
11 PROGRAMMEERBARE KNOPPEN
Gebruik Logitech G HUB om je favoriete opdrachten en macro's te programmeren voor elk van de 11 knoppen. Bouwen, verstoppen, vechten, helen... breng je power moves binnen handbereik. Bewaar pasklare profielen rechtstreeks op de muis om je instellingen overal met je mee te nemen.
AFSTEMBAAR GEWICHT
Zet de muis naar je hand en beweeg soepel richting de overwinning. De G502 HERO wordt geleverd met vijf gewichten van 3,6 g, die aanpasbaar zijn in verschillende configuraties met het zwaartepunt voor, achter, links, rechts en in het midden. Experimenteer met de uitlijning en balans om ze voor jou perfect te maken en je spelprestaties te optimaliseren.
LIGHTSYNC RGB
LIGHTSYNC-technologie is next-gen RGB die kan worden aangedreven door games, audio of je scherm om de meest meeslepende RGB-ervaring ooit te creëren. Kies uit een volledig spectrum van zo'n 16,8 miljoen kleuren, en synchroniseer verlichtingsanimaties en -effecten met je andere Logitech G-apparaten. Pas het allemaal snel en eenvoudig aan met Logitech G HUB.
SPELKLARE DETAILS
Naast de kernprestaties en personalisatiefuncties zijn veel details met zorg ontworpen en ingebouwd. Kijk naar de primaire knoppen met mechanische schakelaars die zijn getest tot 50 miljoen klikken, de gevlochten kabel met klittenbandsluiting, de rubberen zijgrepen, het magnetische klepje voor het gewichtencompartiment en nog meer.",https://www.laptop.nl/picture/20902253/600/370/HighResolution/LPNL/false,https://www.laptop.nl/product/logitech-g502-optisch/20902253/3142
Muizen,Logitech MX Master 3S - Optisch,"EEN ICOON. REMASTERED.
Maak kennis met de MX Master 3S, een iconische muis, remastered.
Voel elk moment van je workflow met nog meer precisie, tactiliteit en prestaties, dankzij de stille klikken en een sensor van 8000 dpi waarmee je op glas kunt tracken9Glasdikte minimaal 4 mm.
VOEL HEM, MAAR HOOR HEM NAUWELIJKS
Maak kennis met stil klikken: creëer, maak en doe met hetzelfde klikgevoel, maar dan met minder geluid. Stil klikken levert aangename, zachte tactiele feedback met 90% minder klikgeluid11
Vergeleken met de MX Master 3 heeft de MX Master 3S 90% minder geluidsvermogensniveau bij links- en rechtsklikken, gemeten op 1 meter.
Combineer dat met een opmerkelijk stil, elektromagnetisch MagSpeed-scrolwiel en je hebt een hoogwaardige ervaring zonder afleiding.
8K DPI-TRACKING OP ELKE ONDERGROND
MX Master 3S is uitgerust met onze meest nauwkeurige sensor ooit, met eersteklas precisie en reactievermogen.
De optische sensor van 8000 dpi trackt vrijwel overal, zelfs op glas.12Glasdikte minimaal 4 mm.. Je kunt de trackgevoeligheid aanpassen in Logi Options+13Vereist Logi Options+-software, beschikbaar voor Windows en macOS en het juiste niveau instellen voor de workflow en monitorresolutie.
SCROLL 1000 REGELS PER SECONDE
Elektromagnetisch scrollen met MagSpeed is zo precies dat het op een pixel kan stoppen en is snel genoeg om 1000 regels per seconde te scrollen. O ja, en het is bijna stil. 
Het bewerkte staal van het wiel geeft het een uitstekende tactiliteit en voldoende gewicht om een dynamische traagheid te bieden die u voelt, maar niet hoort.
VERBETER JE WORKFLOW
Werk met meerdere apparaten en besturingssystemen, pas afzonderlijke knoppen aan, stel app-specifieke aanpassingen in, optimaliseer bijna elke actie van je workflow en stel de trackingsnelheid in Logi Options+ in16Vereist Logi Options+-software, beschikbaar voor Windows en macOS.
SNEL OPLADEN, ONMIDDELLIJK VERBINDEN
De MX Master 3S gaat volledig opgeladen 70 dagen mee en na één minuut snelladen kun je weer drie uur vooruit.18Batterijlevensduur kan variëren, afhankelijk van gebruiks- en computeromstandigheden. Gebruik de USB-C-oplaadkabel om even bij te laden.
De MX Master 3S is direct compatibel met alle gangbare besturingssystemen19De basisfuncties van het apparaat worden zonder software ondersteund voor andere besturingssystemen dan Windows en macOS, zoals Windows, macOS, Chrome OS™ of Linux®. Je muis maakt onmiddellijk verbinding met maximaal drie apparaten via Bluetooth Low Energy of de meegeleverde Logi Bolt USB-ontvanger20Niet compatibel met Logitech Unifying-technologie.",https://www.laptop.nl/picture/21197066/600/370/HighResolution/LPNL/false,https://www.laptop.nl/product/logitech-mx-master-3s-optisch/21197066/3142
Muizen,CHERRY MW 3000 - Optisch,"De Cherry MW 3000 is een
muis met de nieuwste Cherry technologie in een ergonomisch, modern design.
Aantrekkelijk, praktisch en van hoge kwaliteit. Deze stijlvolle, kwalitatieve
muis van Cherry is voor iedereen die zoekt naar het beste voor een zachte
prijs/
- Rubber omhulsel aan
beide zijden voor een comfortabel antislip gevoel
- Inclusief Nano USB ontvangen: zo klein dat je
deze altijd in je laptop kan laten zitten zonder enige last te ervaren
- Bevat 5 knoppen; een infrarood sensor en
aanpasbare resolutie (1000/1750 dpi)
- Geoptimaliseerd voor rechtshandig gebruik. Ben
jij linkshandig? Neem dan een kijkje tussen de linkse of gecombineerde muizen
- Nagenoeg storing loze, draadloze 2.4 GHz
technologie met een bereik van ongeveer 5 meter
- Aan/uit knop voor additioneel energie efficiënt
gebruik",https://www.laptop.nl/picture/20578571/600/370/HighResolution/LPNL/false,https://www.laptop.nl/product/cherry-mw-3000-optisch/20578571/3142
Muizen,Logitech M330 Silent Plus - Zwart,"Logitech M330 Silent Plus... Muisstil
Krijg al je werk gedaan zonder iets te missen of iemand te storen. Stille muizen bieden hetzelfde klikgevoel, maar zonder het klikgeluid, waardoor ze meer dan 90% stiller zijn.* Duurzame, hoogwaardige voetjes glijden stil over het bureaublad. Een soepel scrolwiel maakt de stille ervaring compleet. Stille muizen maken korte metten met overmatig geluid, wat de gezondheid en productiviteit van iedereen stimuleert. Maak dit je laatste irritante klik. Vrienden en familie zullen je dankbaar zijn.
Muisstil
Met hetzelfde klikgevoel maar dan 90% stiller dan reguliere muizen kunnen jij en de mensen om je heen van een stillere ervaring genieten. De voetjes zijn gemaakt van een hoogwaardig materiaal en een rubberwiel biedt geruisloos glijden en scrollen.
Ontworpen voor jouw rechterhand
Gevormde grips bieden optimaal comfort.
Batterijlevensduur van 24 maanden
De batterij gaat langer mee dankzij het energiezuinige ontwerp. M330 SILENT PLUS wordt automatisch uitgezet wanneer hij niet in gebruik is.
Eenvoudig. Betrouwbaar. Sterk.
De draadloze verbinding werkt tot op 10 meter afstand* dankzij een plug-en-forget-nano-ontvanger. De M330 SILENT PLUS is voorzien van geavanceerde optische tracking van Logitech® voor uiterst nauwkeurige bewegingen op vrijwel elk oppervlak. Geen gedoe, geen software vereist. Werkt met Windows®, Mac, Chrome OS™ of Linux®-computers.",https://www.laptop.nl/picture/20805082/600/370/HighResolution/LPNL/false,https://www.laptop.nl/product/logitech-m330-silent-plus-zwart/20805082/3142
Muizen,Logitech M220 Silent - Optisch - Zwart,"Logitech M220 Silent... muisstil
Krijg al je werk gedaan zonder iets te missen of iemand te storen. Stille muizen bieden hetzelfde klikgevoel, maar zonder het klikgeluid, waardoor ze meer dan 90% stiller zijn.* Duurzame, hoogwaardige voetjes glijden stil over het bureaublad. Een soepel scrolwiel maakt de stille ervaring compleet. Stille muizen maken korte metten met overmatig geluid, wat de gezondheid en productiviteit van iedereen stimuleert. Maak dit je laatste irritante klik. Vrienden en familie zullen je dankbaar zijn.
Ruisonderdrukking van meer dan 90%
Met hetzelfde klikgevoel maar dan 90% stiller dan reguliere muizen kunnen jij en de mensen om je heen van een stillere ervaring genieten. De voetjes zijn gemaakt van een hoogwaardig materiaal en een rubberwiel biedt geruisloos glijden en scrollen.
Eenvoudig. Betrouwbaar. Sterk.
De draadloze verbinding werkt tot op 10 meter afstand dankzij een plug-en-forget-nano-ontvanger. De M220 SILENT is voorzien van geavanceerde optische tracking van Logitech® voor uiterst nauwkeurige bewegingen op vrijwel elk oppervlak. Geen gedoe, geen software vereist. Werkt met Windows®, Mac, Chrome OS™ of Linux®-computers.
Batterijlevensduur van 18 maanden
De batterij gaat langer mee dankzij het energiezuinige ontwerp. De M220 SILENT wordt automatisch in de slaapstand gezet wanneer hij niet in gebruik is.
Comfortabele vorm. Mobiel formaat.
Het symmetrische ontwerp biedt meer comfort en precisie dan je touchpad. Het kleine formaat is ideaal om mee te nemen.",https://www.laptop.nl/picture/20805079/600/370/HighResolution/LPNL/false,https://www.laptop.nl/product/logitech-m220-silent-optisch-zwart/20805079/3142
Toetsenborden,CHERRY KC 1000,"CHERRY KC 1000 is ijzersterke CHERRY-technologie met een uitstekende prijs/prestatieverhouding. Modern, plat ontwerp met zachte, stille en duurzame slijtvaste toetsen. Universeel, betrouwbaar en geoptimaliseerd voor professioneel gebruik. In zwart of grijs.",https://www.laptop.nl/picture/20578562/600/370/HighResolution/LPNL/false,https://www.laptop.nl/product/cherry-kc-1000/20578562/17298
Toetsenborden,Logitech Wireless Keyboard K270,"Logitech® Wireless Keyboard K270. Betrouwbaar draadloos, waar u uw laptop ook gebruikt. De Logitech Unifying-ontvanger is zo klein dat deze op uw laptop aangesloten kan blijven. Bovendien kunt u een compatibele muis of compatibel toetsenbord toevoegen zonder gedoe met meerdere USB-ontvangers. De geavanceerde draadloze 2.4 GHz-verbinding van Logitech voorkomt signaalverlies tot op een afstand van 10 meter.* Twee jaar zonder gedoe met batterijen.** Acht sneltoetsen en een bliksemsnelle plug-and-play installatie maken het allemaal nog eenvoudiger. De vertrouwde, volledige lay-out met numeriek toetsenblok biedt alle toetsen waar u ze verwacht. En het biedt de hoge, duurzame kwaliteit en betrouwbaarheid die u van Logitech gewend bent, in een morsbestendig ontwerp*** en met toetsen met UV-coating voor een lange levensduur.",https://www.laptop.nl/picture/20125772/600/370/HighResolution/LPNL/false,https://www.laptop.nl/product/logitech-wireless-keyboard-k270/20125772/17298
Toetsenborden,Logitech MX Mechanical toetsenbord - QWERTY - Tactile Quite,"VOEL HET. MASTER HET.
Maak kennis met de MX Mechanical en de MX Mechanical Mini: toetsenborden met een fijn gevoel en buitengewone precisie en prestaties.
ULTRASOEPEL MECHANISCH TYPEN
Vlakke mechanische schakelaars zorgen voor een typgevoel van hogere kwaliteit.
De uiterst nauwkeurige en stabiele schakelaars bieden een diepe en geruststellende toetsaanslag met een vlakke vorm. Je vingers glijden moeiteloos over het matte oppervlak van de toetsen en door de tweekleurige keycaps kun je je vingers moeiteloos oriënteren en in de flow blijven.
JOUW OPSTELLING. JOUW KEUZE.
Kies tussen de MX Mechanical van normaal formaat met een geïntegreerd numeriek toetsenblok of de ruimtebesparende, minimalistische MX Mechanical Mini. Beide toetsenborden zijn gemaakt met een aluminium bovenkant voor ultieme stabiliteit en stijl.
3 UNIEKE SCHAKELOPTIES
Kies het type mechanische schakelaar dat bij jouw stijl en gevoelsvoorkeur past. De MX Mechanical en MX Mechanical Mini zijn uitgerust met een van de drie schakelaars die elk een eigen gevoel en geluid hebben: tactiel stil, klikkend en lineair.
VIND JE SCHAKELAAR
TACTIEL STIL
Mechanische toetsschakelaars met een aangenaam gevoel, voor nauwkeurige feedback, reactieve toetsreset en minder geluid zodat je mensen om je heen niet stoort bij het typen.
LINEAIR
Mechanische toetsschakelaars met ononderbroken toetsaanslagdiepte en minimale veerkracht, voor snelle reacties en een uiterst soepel typgevoel.
KLIKKEND
Mechanische toetsschakelaars met een aangename, hoorbare klik en voelbare feedback bij elke toetsaanslag, voor een vertrouwd mechanisch gevoel en geluid.
SLIMME VERLICHTING. NON-STOP PRESTATIES.
De verlichte toetsen lichten op magische wijze op zodra je handen dichterbij komen en passen zich automatisch aan je lichtomstandigheden aan, wat resulteert in een optimaal batterijverbruik.
Beide toetsenborden introduceren ook een verscheidenheid aan meeslepende verlichtingseffecten om je in de flow te krijgen. Je kunt schakelen tussen de effecten in Logi Options+ of door gewoon tegelijkertijd op de Fn-toets en de lamptoets te drukken.
Pulserende verlichting
Je toetsenbord komt tot leven met een pulserend verlichtingseffect.
Contrastverlichting
Speciale toetsen zijn helderder verlicht dan de rest van de toetsen voor een betere zichtbaarheid bij de randen.
Golvende verlichting
Toetsen lichten op in een progressieve, elegante golf van links naar rechts.
Willekeurige verlichting
Afzonderlijke toetsen lichten willekeurig op voor een betoverend patroon.
Reactieverlichting
Telkens wanneer je een toets indrukt, licht deze op als reactie, voor een aangename interactie tussen jou en je toetsenbord.
MEERDERE APPARATEN. MEERDERE BESTURINGSSYSTEMEN.
Koppel eenvoudig met maximaal drie apparaten via Bluetooth® Low Energy of de meegeleverde Logi Bolt USB-ontvanger en schakel met één druk op de knop tussen deze apparaten.
Beide mechanische toetsenborden hebben een indeling met twee toetsen die is geoptimaliseerd voor zowel Mac- als Windows-gebruikers en zijn compatibel met alle gangbare besturingssystemen. Geen ingewikkelde installatie of aanpassingen nodig.
OPTIES ZIJN EEN GROOT VOORDEEL
Pas je toetsenbord aan, controleer de batterijlevensduur, selecteer verlichtingseffecten, wijzig de functies van de Fn-toetsen en wijs app-specifieke profielen toe in de verbeterde en gebruiksvriendelijke Logi Options+.
TALLOZE AANPASSINGSMOGELIJKHEDEN
Met Logi Options+ kun je de hele F-rij aanpassen naar elke gewenste functie.
Stel de prioriteit van de F-rij eenvoudig in op normale F-toetsfuncties, speciale functies of persoonlijke app-specifieke aanpassingen.
NAADLOOS WERKEN
Door de Logi Options+-software te installeren, wordt Logitech Flow ingeschakeld wanneer deze is gekoppeld aan een MX-muis. Je MX-toetsenbord volgt je muis bij het schakelen tussen apparaten, zodat je meerdere computers met meerdere besturingssystemen en in één vloeiende workflow kunt bedienen.
SNEL OPLADEN, ONMIDDELLIJK VERBINDEN.
Mechanische MX-toetsenborden gaan 15 dagen mee op een volledige lading of tot 10 maanden als de verlichting is uitgeschakeld. Slechts 15 minuten opladen met de meegeleverde USB-C-kabel levert een hele dag non-stop prestaties op.
Beide mechanische toetsenborden zijn compatibel met alle gangbare besturingssystemen. Direct klaar voor gebruik. Koppel en schakel eenvoudig tussen maximaal drie apparaten door op een knop te tikken via Bluetooth Low Energy of de meegeleverde Logi Bolt USB-ontvanger.
EEN KEUZE WAAR JE JE GOED BIJ VOELT
Ons doel? Duurzaam ontwerpen Dat betekent dat we bij het innoveren van onze nieuwe generatie producten hun koolstofvoetafdruk op elke mogelijke manier verkleinen: van hun algehele bouw tot het kleinste onderdeel. Allemaal zonder compromissen op het gebied van kwaliteit en prestaties.
GEMAAKT MET GERECYCLED PLASTIC
In de plastic onderdelen van de MX Mechanical zit gecertificeerd gerecycled afvalmateriaal (45% in de MX Mechanical en 47% in de MX Mechanical Mini) om afgedankt plastic van oude consumentenelektronica nieuw leven in te blazen en ons te helpen onze koolstofvoetafdruk te verkleinen.
KOOLSTOFARM ALUMINIUM
Wist je dat de productie van aluminium zeer energie-intensief is? Daarom is het aluminium in de bovenkant van de MX Mechanical gemaakt met hernieuwbare energie in plaats van fossiele brandstoffen. Mooi en met een lagere CO2-impact.
EFFICIËNTIE VAN EEN SLIMME BATTERIJ
De verlichte toetsen passen zich automatisch aan de omgeving aan en gaan uit wanneer ze niet nodig zijn om batterijverbruik te optimaliseren. De energiebesparende modus schakelt de verlichting uit wanneer de batterij minder is dan 10% om het vermogen nog verder te verlengen.
GECERTIFICEERD CO2-NEUTRAAL
Wees gerust, want de koolstofvoetafdruk van de MX Mechanical is tot nul gereduceerd. Dat komt omdat we niet alleen ontwerpen voor duurzaamheid, maar ook onze resterende impact compenseren door bosbouw, hernieuwbare energiebronnen en klimaatgebonden gemeenschappen te ondersteunen.",https://www.laptop.nl/picture/21197070/600/370/HighResolution/LPNL/false,https://www.laptop.nl/product/logitech-mx-mechanical-toetsenbord-qwerty-tactile-quite/21197070/17298
Toetsenborden,Logitech G213 Prodigy RGB-gamingtoetsenbord,"Logitech G213 Prodigy RGB-gamingtoetsenbord
Het Logitech G213 Prodigy Gaming Toetsenbord combineert het beste op het gebied van aanraakgevoeligheid en prestaties. Met aangepaste RGB-verlichtingszones en toetsen afgestemd op een verbeterde feedback, is de Prodigy ideaal voor gaming en productiviteit.
Verlichting met een briljant kleurenspectrum
Met de Logitech G213 creëer je zelf vijf afzonderlijke verlichtingszones uit een spectrum van meer dan 16,8 miljoen kleuren. Stem kleuren af op jouw specifieke configuratie of specifieke game, of laat je favoriete kleuren zien. Synchroniseer verlichtingseffecten met andere Logitech G-apparaten met behulp van Logitech Gaming Software. Dankzij de beperking van lichtverlies komt er meer licht door de letters en lekt er minder licht rond de toetsen. Hierdoor wordt de verlichting van elke toets helderder zodat je ze in het donker gemakkelijker kunt vinden.
Comfortabel en duurzaam
De G213 Prodigy is een toetsenbord van volledig formaat voor gaming en productiviteit. De slanke behuizing is ontworpen voor gamers van elk niveau en heeft een duurzame constructie die vloeistof, kruimels en vuil afweert en gemakkelijk schoon te maken is. Met de ingebouwde handsteun en afstelbare voetjes kun je je toetsenbord in de ideale positie zetten voor comfortabel gebruik, ook tijdens zeer lange gamingsessies.
Precieze prestaties dankzij invoer via meerdere toetsen
De G213 combineert het beste op het gebied van aanraakgevoeligheid en prestaties met toetsen die precies zijn gebouwd voor de manier waarop gamers spelen. Elke toets op de G213 is gericht op een betere aanraakervaring met een supersnelle responsieve feedback die 4 keer sneller is dan bij standaardtoetsenborden. De gamingmatrix voor anti-ghosting is nauwkeurig afgesteld voor een optimale game-ervaring, zodat je de controle behoudt wanneer je op meerdere gamingtoetsen tegelijk drukt.
Specifieke mediatoetsen
Bedien je achtergrondmuziek zonder je game uit te zetten. De G213 heeft speciale mediaknoppen waarmee je muziek en video's onmiddellijk kunt afspelen, pauzeren en dempen. Pas het volume aan of ga naar het volgende nummer uit je muzieklijst met één aanraking van een knop.",https://www.laptop.nl/picture/20805667/600/370/HighResolution/LPNL/false,https://www.laptop.nl/product/logitech-g213-prodigy-rgb-gamingtoetsenbord/20805667/17298
Toetsenborden,Logitech MX Keys Mini,"Logitech MX Keys Mini Minimalist Wireless Illuminated Keyboard
Maak kennis met MX Keys Mini: een klein, slim en krachtig minimalistisch draadloos toetsenbord dat is gemaakt voor creators.
De minimalistische vorm zorgt voor betere ergonomie door je schouders op één lijn te brengen en je de mogelijkheid te geven de muis dichter bij het toetsenbord te plaatsen. Dit betekent dat je je arm minder hoeft te strekken, comfortabeler kunt werken en een betere houding aanneemt. PerfectStroke-toetsen zijn naar je vingertoppen gevormd, met optimale toetsstabiliteit en voelbare reacties, zodat je geconcentreerd en in de flow blijft.
De verlichte toetsen lichten op zodra je handen dichterbij komen en passen zich automatisch aan veranderende lichtomstandigheden aan. Slimme knoppen voor dicteren, microfoondemping in-/uitschakelen en emoji stroomlijnen je workflow nog verder. Werk naadloos op meerdere computers wanneer je je MX Keys Mini combineert met een Flow-compatibele MX Master 3 of MX Anywhere 3.
Perfect Typen met Smart Keys
Typ op toetsen die zijn gevormd voor jouw vingertoppen, met spraak-naar-tekst dicteren, microfoon dempen/dempen opheffen en emoji-toetsen
Mini-formaat, Klein maar Krachtig
Met een lay-out ontworpen voor moeiteloze precisie en met een minimalistische vorm. Het ergonomisch toetsenbord is ook draagbaar, om mee te nemen naar elke werkplek
Slimme Verlichting
De toetsen van het draadloze toetsenbord hebben achtergrondverlichting en lichten op zodra jouw handen dichtbij komen. Ook passen ze zich automatisch aan lichtomstandigheden aan
Meerdere Apparaten, Meerdere OS
Koppel het MX Keys Mini compact toetsenbord met maximaal 3 apparaten op bijna elk besturingssysteem via Bluetooth Low Energy en schakel naadloos tussen de apparaten
Meerdere Computers, één Workflow
Combineer het slanke toetsenbord met een MX Master 3 of MX Anywhere 3 en typ op meerdere computers of laptops in één vloeiende workflow
Oplaadbaar via USB-C
Het MX Keys Mini Bluetooth-toetsenbord blijft tot 10 dagen werken op een volle batterij of tot 5 maanden als de achtergrondverlichting is uitgeschakeld
Koppel 's Werelds Beste Creatieve Tools
Claim jouw gratis Adobe Creative Cloud lidmaatschap van 1 maand bij aankoop van de MX Keys Mini toetsenbord, om te creëren als nooit tevoren",https://www.laptop.nl/picture/21148794/600/370/HighResolution/LPNL/false,https://www.laptop.nl/product/logitech-mx-keys-mini/21148794/17298
Toetsenborden,CHERRY Stream Wireless,"De CHERRY STREAM KEYBOARD WIRELESS is de draadloze versie van de bekende STREAM KEYBOARD.
Het 2,4 GHz draadloze toetsenbord heeft alle functies die zijn bedrade tegenhanger zo populair hebben gemaakt. De nieuwe STREAM KEYBOARD WIRELESS is de perfecte keuze voor iedereen die heeft gewacht op de draadloze versie van de CHERRY-klassieker.Het draadloze toetsenbord is eenvoudig maar elegant en zal een brede smaak aanspreken. Het slanke ontwerp weerspiegelt ook de huidige trends. Met de voetjes omhoog of omlaag is het duidelijk dat het draadloze toetsenbord uiterst stabiel, stijf en antislip is. Daarvoor zorgen de geïntegreerde metalen plaat, de twee voetjes en de acht rubberen kussentjes aan de onderkant.
Het hart van elk toetsenbord wordt gevormd door de toetstechnologie. Zoals alle producten uit de STREAM-familie maakt ook de STREAM KEYBOARD WIRELESS gebruik van CHERRY's eigen SX-schaartechnologie. Dit zorgt voor uniek comfortabel, precies en stil typen. Al deze eigenschappen leggen de basis voor productief werken en maken het platte toetsenbord tot de ideale metgezel op kantoor of thuis.
De 2,4 GHz draadloze verbinding is ook betrouwbaar en ongecompliceerd. Het toetsenbord wordt geleverd met een plug & play-ontvanger voor aansluiting op de pc. Dankzij de draadloze technologie met een bereik van 10 meter en AES-128-codering is het bureaublad niet langer een wirwar van kabels, maar een opgeruimde ruimte waar u comfortabel kunt werken.
Het computertoetsenbord heeft een full-size layout en een numeriek toetsenbord, waardoor het meteen vertrouwd aanvoelt. Er zijn ook handige status-LED's geïntegreerd in de toetsen CAPS LOCK, NUM en SCROLL LOCK. Deze functie is meestal alleen te vinden in hogere prijsklassen. De rode status-LED laat bijvoorbeeld in één oogopslag zien of de Caps Lock-toets is geactiveerd. Bovendien knipperen de LED's wanneer u de batterijen moet vervangen. Met een batterijlevensduur tot 36 maanden gebeurt dit echter zelden.
In elke werkomgeving hebben gebruikers bepaalde functies bijzonder vaak nodig. De CHERRY STREAM KEYBOARD heeft handige extra toetsen voor de belangrijkste functies. Daartoe behoren zes toetsen voor de bediening van uw multimediaspeler. Drie andere toetsen voor de browser, e-mail en rekenmachine zijn gemakkelijk toegankelijk. De lock-toets is vooral in de kantooromgeving van onschatbare waarde. De gebruiker kan deze eenvoudig indrukken om uit te loggen bij het verlaten van de werkplek.
Extra flexibiliteit wordt geboden door de CHERRY KEYS software. Deze kan gratis worden gedownload van www.cherry.de. Met een paar klikken kunt u het kantoortoetsenbord configureren zoals u dat wilt.
Milieubescherming en duurzaamheid zijn zaken die vele aspecten omvatten. Bij het CHERRY STREAM KEYBOARD is het bijvoorbeeld gelukt om de verpakking volledig plasticvrij te maken. Het is ook onderscheiden met het oudste van alle milieukeurmerken, de Blauwe Engel. Bovendien draagt het toetsenbord het GS-keurmerk ""op veiligheid getest"". Het enige wettelijk geregelde keurmerk in Europa certificeert de naleving van gedefinieerde ergonomische en veiligheidsnormen. Al deze criteria zijn een leidraad voor duurzaamheid bij de aankoop van producten en voor de gezondheid en veiligheid van uw werknemers.
De STREAM KEYBOARD WIRELESS is het perfecte draadloze stand-alone toetsenbord voor frequente gebruikers met hoge eisen. Het draadloze toetsenbord is gebaseerd op de CHERRY SX-schaartechnologie, is stil, duurzaam en vereist geen onderhoud. Het is ideaal voor iedereen die de voordelen van het STREAM KEYBOARD waardeert, maar ook de voordelen van draadloze overdracht wil.",https://www.laptop.nl/picture/21155329/600/370/HighResolution/LPNL/false,https://www.laptop.nl/product/cherry-stream-wireless/21155329/17298
Muismatten,ACT muismat - Zwart,Bedien je muis met meer comfort door gebruik te maken van de AC8000 Muismat. Deze is gemaakt van stevig materiaal voor een lange levensduur. De muismat is geschikt voor zowel optische muizen als lasermuizen. De AC8000 zorgt voor meer comfort en optimale muis precisie.,https://www.laptop.nl/picture/21197560/600/370/HighResolution/LPNL/false,https://www.laptop.nl/product/act-muismat-zwart/21197560/17296
Muismatten,ACT ergonomische muismat - Zwart,De AC8010 Ergonomische muismat ondersteunt de pols tijdens het werken met een muis. De polssteun zorgt voor een ergonomische houding voor je pols. Veel voorkomende hand/pols-gerelateerde klachten kunnen worden verminderd en zelfs worden voorkomen. De polssteun is gemaakt van zacht schuim. Dankzij de antislip onderkant blijft de mat op de plaats liggen.,https://www.laptop.nl/picture/21202762/600/370/HighResolution/LPNL/false,https://www.laptop.nl/product/act-ergonomische-muismat-zwart/21202762/17296
Muismatten,NZXT Zone - Large,"De NZXT Zone muismat heeft een gebalanceerd microweefsel oppervlak dat de perfecte mix van snelheid en controle biedt, geschikt voor elke speelstijl. Versterkte stiksels en een morsbestendige coating zorgen voor langdurige prestaties.
Altijd de controle
Of je hem nu gebruikt om te gamen of voor productiviteit, deze muismat is ontworpen voor precisie, comfort en betrouwbaarheid.
Micro-Weave Doek Oppervlak
Biedt een gebalanceerde textuur voor zowel snelle als gecontroleerde muisbewegingen en past zich aan elke speelstijl aan.
Anti-slip basis
Houdt de boel stabiel tijdens intense bewegingen en voorkomt klapperen of wegglijden.
Morsbestendige coating
Ontworpen om vloeistoffen af te parelen en absorptie te voorkomen, zodat schoonmaken eenvoudig is.
Geschikt voor uw ruimte
Kies uit drie formaten om de ideale muismat te vinden voor jouw gamingopstelling.",https://www.laptop.nl/picture/80068411/600/370/HighResolution/LPNL/false,https://www.laptop.nl/product/nzxt-zone-large/80068411/17296
Muismatten,Laptop.nl Muismat,"Muismat met geoptimaliseerde oppervlaktetextuur en voldoende ruimte voor je muis.
Een optimaal oppervlak voor op je bureau
Creëer het optimale oppervlak voor jouw muis met deze muismat op kantoor of thuis. De gladde textuur laat je jouw cursor nauwkeurig bedienen. Het maakt niet eens uit welk type muis je gebruikt, aangezien deze muismat met alle soorten sensoren werkt.
Deze muismat heeft het ideale formaat voor op je bureau, wat inhoudt dat het een oppervlakte heeft van
270x320
mm. Dat is meer dan genoeg ruimte voor jouw muis . De muismat is 3mm dik en blijft perfect liggen dankzij de antislip-onderkant. De gestikte rand voorkomt rafelen van de muismat waardoor de muismat langer meegaat. Neem de controle over je muis terug met deze handige muismat.",https://www.laptop.nl/picture/80066536/600/370/HighResolution/LPNL/false,https://www.laptop.nl/product/laptop-nl-muismat/80066536/17296
Muismatten,NZXT Zone Gaming Muismat XL - Zwart,"De NZXT Zone muismat heeft een gebalanceerd microweefsel oppervlak dat de perfecte mix van snelheid en controle biedt, geschikt voor elke speelstijl. Versterkte stiksels en een morsbestendige coating zorgen voor langdurige prestaties.
Altijd de controle
Of je hem nu gebruikt om te gamen of voor productiviteit, deze muismat is ontworpen voor precisie, comfort en betrouwbaarheid.
Micro-Weave Doek Oppervlak
Biedt een gebalanceerde textuur voor zowel snelle als gecontroleerde muisbewegingen en past zich aan elke speelstijl aan.
Anti-slip basis
Houdt de boel stabiel tijdens intense bewegingen en voorkomt klapperen of wegglijden.
Morsbestendige coating
Ontworpen om vloeistoffen af te parelen en absorptie te voorkomen, zodat schoonmaken eenvoudig is.
Geschikt voor uw ruimte
Kies uit drie formaten om de ideale muismat te vinden voor jouw gamingopstelling.",https://www.laptop.nl/picture/21758096/600/370/HighResolution/LPNL/false,https://www.laptop.nl/product/nzxt-zone-gaming-muismat-xl-zwart/21758096/17296
Dockingstation,Lenovo ThinkPad Hybrid USB-C with USB A Dock - 40AF0135EU,"Het ThinkPad Hybrid USB-C met USB-A dock breidt de mogelijkheden van bijna elke laptop uit, nieuw of oud, waardoor het perfect is voor zakelijke klanten met gemengde pc- of gedeelde bureauomgevingen. Het ThinkPad Hybrid USB-C met USB-A dockingstation is voorzien van beheermogelijkheden op bedrijfsniveau, zoals PXE boot en MAC address pass-through, en biedt drie snelle USB 3.1-poorten en een USB-C naar USB-A adapter om poortreplicatie te bieden aan niet-Lenovo of USB-C laptopcomputers. Dit ThinkPad Hybrid dock ondersteunt ook dubbele monitoropstellingen, tot dubbele UHD 4K-resolutie en snel opladen voor ThinkPad-notebooks.
Eén dock voor alle notebooks
Verbetert de prestaties van Lenovo USB-C-notebooks en -tablets via USB-C-aansluiting, evenals van notebooks van de vorige generatie en marktnotebooks via de USB-C-naar-USB-A-adapter.
Krachtige prestaties
Biedt tot twee UHD 4K-schermen met DisplayPort™- en HDMI™-poorten. Tot 10 Gbps gegevensoverdrachtsnelheid op drie USB 3.1 Gen 2-poorten en snel opladen voor de meeste huidige notebooks uit de ThinkPad-familie.
Enterprise beheerbaarheid en vereenvoudiging
Veel beheerfuncties zoals PXE boot, Wake-on-LAN vanuit slaapstand en MAC address pass-through. Ideaal voor zakelijke klanten.
Belangrijkste details:
- Mogelijkheden op bedrijfsniveau met PXE boot, Wake-On-Lan en MAC-adres pass-through
- Ondersteunt ThinkPad RapidCharge
- Maakt verbinding met maximaal twee UHD 4K schermen met DP- en HDMI-poorten
- Levert tot 10Gbps gegevensoverdrachtsnelheid op 3 x USB 3.1 poorten",https://www.laptop.nl/picture/20871752/600/370/HighResolution/LPNL/false,https://www.laptop.nl/product/lenovo-thinkpad-hybrid-usb-c-with-usb-a-dock-40af0135eu/20871752/17152
Dockingstation,ACT USB-C hub - AC7055,"Sluit 3 USB-A apparaten aan op uw laptop met USB-C met de stevige aluminium AC7055 3-Poorts USB-C (Superspeed) Hub. De AC7055 heeft een Gigabit ethernet poort zodat eenvoudig een fysieke internet/netwerkverbinding op uw notebook/ultrabook kunt aansluiten. De hub is direct klaar voor gebruik. Er is geen externe voeding nodig.
- 2-in-1 upgrade voor je ultrabook: 3 extra USB-A poorten en een Gigabit netwerkpoort
- Plug and play op elke USB-C poort, geen extra voeding nodig
- Overeenkomstig met 10/100/1000Mbps specificaties
- Stevig aluminium ontwerp",https://www.laptop.nl/picture/20950919/600/370/HighResolution/LPNL/false,https://www.laptop.nl/product/act-usb-c-hub-ac7055/20950919/17152
Dockingstation,HP USB-C Dock G5 - 5TW10AA,"Sluit je laptop met USB-C® aan op je schermen, accessoires en bekabelde netwerk met de veelzijdige, elegante en ruimtebesparende HP USB-C® Dock G5.
Grenzeloze compatibiliteit
Dit dock is ontworpen met het oog op universele compatibiliteit en werkt met zowel HP als niet-HP laptops met USB-C® en Thunderbolt™.
Ga voor een opgeruimd bureau
Kies voor een opgeruimd bureau met een oplossing met één kabel die je gebruikt voor meerdere apparaten.
Dekking voor zekerheid
Eén jaar standaardgarantie van HP geeft zekerheid.
Beheer eenvoudig je omgeving
Help je laptop te beveiligen en op afstand te beheren met dit dock met geavanceerde netwerkbeheerfuncties.
Eén-kabel-oplossing
Sluit je accessoires en tot wel drie schermen aan op het dock. Sluit het dock vervolgens eenvoudig aan op je laptop met één USB-C®-kabel om toegang te krijgen tot je apparaten en je pc op te laden.
Compact model
Herover uw bureaublad met een compacte dock dat slechts 5x5 inch ruimte inneemt.
Efficiënte firmware-updates
Bespaar tijd met firmware-updates voor je dock die naar je laptop worden gestuurd, zelfs wanneer ze niet met elkaar verbonden zijn.",https://www.laptop.nl/picture/20954717/600/370/HighResolution/LPNL/false,https://www.laptop.nl/product/hp-usb-c-dock-g5-5tw10aa/20954717/17152
Dockingstation,Lenovo 40AY0090EU USB-C docking station,"De ThinkPad Universal USB-C Dock is een welkome innovatie docking die gebruikers verder brengt dan traditie en in het rijk van onbegrensde mogelijkheden. Ervaar universele compatibiliteit met dynamisch opladen van maximaal 100 W aan notebooks, geautomatiseerde firmware-updates, plug-and-play op volgend niveau. Alles wat je zou willen van de toekomst van docking is hier. Het is ook perfect voor gemengde pc-omgevingen, waardoor gebruikers de vrijheid hebben om alle USB Type C industray standaard notebooks aan te sluiten.
Eén docking. Geen grenzen.
Het ThinkPad Universal USB-C Dock is ontworpen met het oog op prestaties en betaalt zichzelf snel terug met een hogere productiviteit, verbeterde dynamische energieoplading voor notebooks, maximaal 100 W opladen. Als u het kunt bedenken, kan uw dock het ook.
Eén kabel. Geen gedoe.
Met 11+ doordacht geplaatste poorten levert het ThinkPad Universal USB-C Dock ongeëvenaarde prestaties terwijl het uw bureau ontlast.
Hele vloot. Eén manager.
Het ThinkPad Universal USB-C Dock wordt geleverd met basis- en geavanceerde oplossingen die zijn ontworpen om het beheer van een hele vloot docks moeiteloos efficiënt te maken. Het kan traditionele IT-tools ondersteunen zoals: PXE boot, WOL, en MAC address Pass Through op ThinkPad Notebooks, maar biedt ook stille firmware-updates. Stille reboots. Apparaat op afstand opvragen. Het is de droom van een IT-manager.",https://www.laptop.nl/picture/21142611/600/370/HighResolution/LPNL/false,https://www.laptop.nl/product/lenovo-40ay0090eu-usb-c-docking-station/21142611/17152
Dockingstation,ACT USB-C interface hub - AC7050,"Sluit 3 USB-A apparaten aan op uw laptop met USB-C met de AC7050 3-poorts USB-C 3.1 Gen1 (USB 3.0) Hub. Daarnaast heeft de AC7050 ook nog een kaartlezer voor micro SD/SD-kaarten en een USB-C pass-through poort met Power Delivery. De hub is direct klaar voor gebruik en werkt zonder externe voedingsbron.
- 3 USB-A poorten om je USB-A randapparaten op een USB-C apparaat te gebruiken
- Micro SD/SD kaartlezer voor het overzetten van foto’s en bestanden van en naar geheugenkaarten
- Power delivery Pass-Through poort voor het laden van het aangesloten USB-C apparaat
- Stevig aluminium ontwerp",https://www.laptop.nl/picture/20950918/600/370/HighResolution/LPNL/false,https://www.laptop.nl/product/act-usb-c-interface-hub-ac7050/20950918/17152
Monitorbeugels,Neomounts monitorarm - FPMA-D550DBLACK,"Met de Neomounts FPMA-D550DBLACK monitorarm bevestigt u twee flatscreens aan het bureau via een bureauklem of bladdoorvoer.
Door gebruik te maken van een monitorarm profiteert u optimaal van de mogelijkheden van uw monitor. De monitorarm is eenvoudig in hoogte en diepte te verstellen. Tevens kunt u het scherm kantelen, zwenken en roteren. Hierdoor creëert u de ideale ergonomische werkhouding. Dit verkleint de kans op nek- en rugklachten. Kabels zijn netjes weg te werken aan de onderzijde van de horizontale arm.
De FPMA-D550DBLACK heeft 3 draaipunten en is geschikt voor 2 schermen t/m 32"". Het draagvermogen van de arm is 8 kg per scherm. Dit product is geschikt voor schermen met een VESA gatenpatroon van 75x75 mm of 100x100 mm. Heeft u een afwijkend (groter) gatenpatroon, dan kunt u dit oplossen met een van onze VESA verloopplaten.",https://www.laptop.nl/picture/21045000/600/370/HighResolution/LPNL/false,https://www.laptop.nl/product/neomounts-monitorarm-fpma-d550dblack/21045000/17292
Monitorbeugels,Neomounts monitor bureausteun - FPMA-D550BLACK,"Met de Neomounts FPMA-D550BLACK monitorarm bevestigt u een flatscreen aan het bureau via een bureauklem of bureaudoorvoer.
Door gebruik te maken van een monitorarm profiteert u optimaal van de mogelijkheden van uw monitor. De monitorarm is eenvoudig in hoogte en diepte te verstellen. Tevens kunt u het scherm kantelen, zwenken en roteren. Hierdoor creëert u de ideale ergonomische werkhouding. Dit verkleint de kans op nek- en rugklachten. Kabels zijn netjes weg te werken aan de onderzijde van de horizontale arm.
De FPMA-D550BLACK heeft 3 draaipunten en is geschikt voor schermen t/m 32"". Het draagvermogen van de arm is 8 kg. Dit product is geschikt voor schermen met een VESA gatenpatroon van 75x75 mm of 100x100 mm. Dit product beschikt over een quick release VESA plaat waardoor de monitor eenvoudig aan de arm gemonteerd kan worden en er vanaf gehaald kan worden.",https://www.laptop.nl/picture/21044998/600/370/HighResolution/LPNL/false,https://www.laptop.nl/product/neomounts-monitor-bureausteun-fpma-d550black/21044998/17292
Monitorbeugels,ACT monitorarm - AC8302,"Creëer een ergonomische en ruimtebesparende werkplek door gebruik te maken van de ACT AC8302 Dubbele Monitor Bureausteun. Plaats 2 beeldschermen op jouw ideale hoogte en kijkhoek voor een betere zithouding en voorkom daarmee rug-, nek- en schouderklachten. De ACT AC8302 dubbele bureausteun is geschikt voor maximaal twee monitoren tot 32 inch en is gemakkelijk te monteren aan een bureau met het meegeleverde klem- of doorvoersysteem.
Verklein de kans op rug- en nekklachten
De ACT dubbele bureausteun verstel je zonder gereedschap in hoogte en diepte met het handige schroefsysteem. Kantel, zwenk en roteer de schermen voor het creëren van een ideale ergonomische werkhouding waardoor je de kans op nek- en rugklachten verkleint. Kabels zijn netjes weg te werken dankzij het handige kabelmanagementsysteem.
Met handig beeldscherm montagesysteem
De ACT AC8302 heeft per monitor 3 draaipunten voor het instellen van de ideale kijkafstand. De dubbele bureausteun is geschikt voor twee beeldschermen tot 32 inch met elk een maximaal gewicht van 8kg. De AC8302 is uitgerust met VESA aansluitingen van 75x75 mm en 100x100 mm. Dankzij het handige montagesysteem monteer je eenvoudig zelf de beeldschermen zonder hulp van anderen. De bureausteun wordt compleet geleverd met alle montagemiddelen voor zowel klem- alsook doorvoermontage.",https://www.laptop.nl/picture/21180681/600/370/HighResolution/LPNL/false,https://www.laptop.nl/product/act-monitorarm-ac8302/21180681/17292
Rugzakken,"HP Prelude - Laptop rugzak - 16"" - Grijs","Reis met de snelheid van het licht
Strak, stijlvol en robuust. Zet deze handige rugtas met riempjes vast op je rolkoffer en ga op pad. Je apparatuur wordt beschermd door waterbestendige stof en een gevoerde structuur voor een laptop van 13, 14, 15 of 16 inch... en nog veel meer.",https://www.laptop.nl/picture/21069590/600/370/HighResolution/LPNL/false,https://www.laptop.nl/product/hp-prelude-laptop-rugzak-16-grijs/21069590/17299
Rugzakken,"Case Logic Prevailer PREV-217 - Laptop Rugzak - 17,3"" - Zwart","Gedurfde ingeperste afdruk en frisse kleuraccenten versieren deze forensvriendelijke tas met gevoerde opbergruimte voor een laptop en een tablet.
- Het speciale laptopvak is geschikt voor laptops met een schermgrootte van maximaal 17,3""
- Geïntegreerd opbergvak voor tablets met een scherm van maximaal 10,1""
- Ruim hoofdvak voor grote koptelefoon, boeken, documenten of een extra stel kleren
- Vakje voor kleingeld op het achterpaneel biedt verborgen opbergruimte voor geld, ID of paspoort
- Smart Organization vak biedt ruimte aan uw draagbare elektronica, pennen en andere accessoires
- Verhoogd binnenvak zorgt ervoor dat dagelijkse spullen gemakkelijk toegankelijk zijn
- Gevoerde onderkant fungeert als extra beschermlaag voor al uw spullen
- Zijvak zodat u een waterfles binnen handbereik hebt",https://www.laptop.nl/picture/80064214/600/370/HighResolution/LPNL/false,https://www.laptop.nl/product/case-logic-prevailer-prev-217-laptop-rugzak-17-3-zwart/80064214/17299
Rugzakken,"Case Logic Invigo Eco - Laptop Rugzak - 16"" - Zwart","Case Logic Invigo Eco rugzak 15,6” is een eenvoudige, verfijnde rugzak gemaakt van gerecycled materiaal, met doordachte organisatorische functies - vriendelijk voor de werkplek en het milieu.",https://www.laptop.nl/picture/21561386/600/370/HighResolution/LPNL/false,https://www.laptop.nl/product/case-logic-invigo-eco-laptop-rugzak-16-zwart/21561386/17299
Rugzakken,"HP Prelude Pro - Laptop rugzak - 16"" - Zwart","Functie en stijl vloeien samen
Pendel met een stijlvolle en duurzame rugzak die zorgvuldig ontworpen werd met het milieu in het achterhoofd, en die met gerecycleerd materiaal
[1]
is gemaakt. De nieuwe HP Prelude Pro 16 inch rugzak met olijfkleurige binnenvoering is voorzien van veiligheidsfuncties voor je gemoedsrust wanneer je je apparaten meeneemt van kantoor naar huis of elders.",https://www.laptop.nl/picture/21176765/600/370/HighResolution/LPNL/false,https://www.laptop.nl/product/hp-prelude-pro-laptop-rugzak-16-zwart/21176765/17299
Rugzakken,"XD Design Bobby Hero Regular Anti-diefstal - Laptop Rugzak - 17"" - Zwart","Omschrijving XD Design Bobby Hero XL Anti-diefstal Rugzak black
Ontmoet de grootste rugzak uit de Bobby Hero collectie: de XL Anti-diefstal Rugzak. Met deze grote anti-diefstal rugzak neem je met gemak een 17"" laptop en een 12.9"" tablet mee. Dit en overige belangrijke eigendommen zijn veiliger dan ooit mee te nemen. Met dank aan de snijbestendige en hoogwaardige polyester kunnen er op geen enkele manier ongewenste handen naar binnen treden. Middels verborgen ritsen open je de tas. Het interieur is erg ruim en voorzien vanverschillende elektronicavakken, een USB oplaadpoort en een organisatiepaneel voor kleinere items. Aan de buitenzijde heeft de tas verschillende verborgen vakken, wat het woon-werk verkeer comfortabel maakt. In het donker ben je ook veilig dankzij de reflecterende strepen. De rugzak sluit perfect aan op het lichaam en is hiermee comfortabel te dragen.
Kenmerken:
- 21.5 liter volume en goed voor 9kg aan bagage
- Waterafstotend materiaal
- Snijbestendig
- Reflecterende strepen
- Gevoerd 17"" laptopvak
- Gevoerd 12.9"" tabletvak
- Geintegreerde USB oplaadpoort
- Gemakkelijke toegang
- Verborgen vakken en verborgen ritsen
- Smartsleeve",https://www.laptop.nl/picture/80066531/600/370/HighResolution/LPNL/false,https://www.laptop.nl/product/xd-design-bobby-hero-regular-anti-diefstal-laptop-rugzak-17-zwart/80066531/17299
Rugzakken,"Fjallraven Kanken - Laptop Rugzak - 17"" - Zwart","Omschrijving Fjallraven Kanken Laptop 17"" black
Op zoek naar een nieuwe laptop rugzak? Misschien voldoet deze tas uit de Kanken serie van Fjallraven wel helemaal aan jouw wensen. Ideaal voor werk, maar ook uitstekend te gebruiken als tas voor dagelijks gebruik, waar je ook je laptop op een veilige manier in mee kunt nemen. De laptop rugzak is gemaakt van vinylon en heeft een effen patroon. Deze Fjallraven tas is voorzien van een geïntegreerd laptopvak, geschikt voor een laptop van maximaal 17"". Wil je 100% zeker weten dat je laptop ook echt past? Meet dan de buitenafmeting van je laptop even op. Deze dient kleiner te zijn dan de buitenafmetingen van deze tas (de buitenafmetingen van deze laptop rugzak zijn H 42 x B 30 x D 18). Op deze tas wordt 2 jaar garantie gegeven.
Het geïntegreerde vak beschermt je laptop
Deze Fjallraven tas heeft een 17"" laptopvak. Dit biedt extra bescherming voor je laptop tegen stoten dan je laptop in het hoofdvak van je tas plaatsen. Zo is je dure laptop goed beschermd en hoef je je geen zorgen te maken over eventuele beschadigingen.
Laptopvak + Tabletvak
Niet alleen een laptopvak, maar ook nog als extra een tabletvak. Dus je laptop + tablet, of één van beiden neem je eenvoudig mee in deze laptop rugzak van Fjallraven. Net als bij een laptopvak heeft een apart vak voor je tablet als voordeel dat je tablet niet in aanraking komt met scherpe objecten in je tas, en je tablet er dus veel langer als nieuw uit blijft zien.
Compartiment voor je waterfles
Je bent zuinig op je laptop en je wilt natuurlijk voorkomen dat je laptop in aanraking komt met vocht of water. Als je je tas voor werk of school gebruikt, wil je wel drinken mee kunnen nemen. Omdat deze tas van Fjallraven voorzien is van een compartiment voor een waterfles kun je met een gerust hart je waterfles meenemen, zonder stil te staan bij de veiligheid van je laptop. Daarnaast grijp je eerder naar je waterfles als deze zichtbaar is. Zo kom jij eenvoudiger aan de dagelijks aanbevolen hoeveelheid vocht.
Extra comfort door gewatteerde schouderbanden
De Fjallraven Kanken laptoptas heeft gewatteerde schouderbanden waardoor hij erg comfortabel is. De schouderbanden van een rugzak kunnen tegen je schouders schuren, of druk veroorzaken, waardoor het onprettig wordt om je rugzak voor langere tijd te dragen. Hier heb je met deze Fjallraven laptop rugzak geen last van. De schouderbanden zijn gewatteerd zodat de tas prettig blijft zitten, hoe lang je hem ook op je rug hebt. Omdat in je tas ook een laptop zit, is je tas vaak sowieso al ietsje zwaarder. Wel zo prettig dus!
Deze waterbestendige tas houdt je spullen droog
Deze laptop rugzak is gemaakt van waterafstotend materiaal. De tas is dus niet volledig waterdicht, maar bij een goede plensbui zullen je spullen wel droog blijven. Ben je veel met je rugzak onderweg dan is een tas waarvan het materiaal waterafstotend of waterdicht is eigenlijk wel een must. Helemaal als je zuinig bent op alle spullen die je in je tas vervoerd.",https://www.laptop.nl/picture/80064120/600/370/HighResolution/LPNL/false,https://www.laptop.nl/product/fjallraven-kanken-laptop-rugzak-17-zwart/80064120/17299
Rugzakken,"XD Design Bobby Hero Regular - Laptop Rugzak - 15"" - Zwart","Omschrijving XD Design Bobby Hero Regular Anti-diefstal Rugzak black
De Regular Anti-diefstal Rugzak is een middelmaat rugzak uit de Bobby Hero collectie van XD Design. Met deze anti-diefstal rugzak neem je met gemak een 15.6"" laptop en een 12.9"" tablet mee. Dit en overige belangrijke eigendommen zijn veiliger dan ooit mee te nemen! Met dank aan de snijbestendige en hoogwaardige polyester kunnen er op geen enkele manier ongewenste handen naar binnen treden. Middels verborgen ritsen open je de tas. Het interieur is ruim en voorzien vanverschillende elektronicavakken, een USB oplaadpoort en een organisatiepaneel voor kleinere items. Aan de buitenzijde heeft de tas verschillende verborgen vakken, wat het woon-werk verkeer comfortabel maakt. In het donker ben je ook veilig dankzij de reflecterende strepen. De rugzak sluit perfect aan op het lichaam en is hiermee comfortabel te dragen.
Kenmerken:
- Waterafstotend materiaal
- Snijbestendig
- Reflecterende strepen
- Gevoerd 15.6"" laptopvak
- Gevoerd 12.9"" tabletvak
- Geintegreerde USB oplaadpoort
- Gemakkelijke toegang
- Verborgen vakken en verborgen ritsen
- Smartsleeve",https://www.laptop.nl/picture/80066534/600/370/HighResolution/LPNL/false,https://www.laptop.nl/product/xd-design-bobby-hero-regular-laptop-rugzak-15-zwart/80066534/17299
Rugzakken,"Fjallraven Kanken - Laptop Rugzak - 13"" - Zwart","Omschrijving Fjallraven Kanken Laptop 13"" black
De Fjallraven Kanken is een rugzak met laptopvak. Als je op zoek bent naar een nieuwe rugzak met laptopvak is dit product wellicht precies de tas waar je naar op zoek bent. Het formaat van je nieuwe rugzak is belangrijk, want je wilt natuurlijk zeker weten dat je al je spullen hierin kwijt kunt. Deze tas uit de Kanken serie van Fjallraven heeft een inhoud van 13 liter. De buitenafmetingen van deze rugzak zijn H 35 x B 25 x D 16 cm, en de tas wordt geleverd met 2 jaar garantie.
De inhoud van je rugzak
Een rugzak met het formaat tussen de 11 en 30 liter wordt ook wel een dagrugzak genoemd. Een rugzak met voldoende capaciteit voor dagelijks gebruik. De Fjallraven Kanken rugzak heeft een inhoud van 13 liter, dit maakt dat deze rugzak geschikt is voor vrijwel al je dagelijkse activiteiten zoals werk, school of sport. Wil je je rugzak ook gebruiken voor een korte vakantie of een stedentrip, kies dan voor een rugzak met een inhoud van minimaal 20 liter.
Met gewatteerde schouderbanden voel je je nog comfortabeler
De Fjallraven Kanken is voorzien van gewatteerde schouderbanden, waardoor hij zeer comfortabel te dragen is. Als je uren met je rugzak rondloopt, voel je misschien de schouderbanden over je schouders wrijven, maar met deze rugzak behoren dit soort vervelende ongemakken tot het verleden. De gewatteerde schouderbanden zorgen er ook voor dat de rugzak goed op z'n plek blijft zitten, waardoor je zelfs bij een langere reis of tocht nauwelijks irritaties krijgt van die rugzak die je meedraagt.
Houd je spullen droog met deze waterafstotende rugzak
De Fjallraven Kanken is waterafstotend. Dit betekent dat de stof van deze rugtas niet 100% waterdicht is, maar er wel voor zorgt dat bij een regenbui je waardevolle spullen droog blijven. Ben je veel onderweg met je rugtas en wil je voorbereid zijn op elk type weer, maar wil je je geen zorgen maken of je laptop of andere waardevolle spullen wel droog blijven? Dan is een waterafstotende rugzak een minimale vereiste. Wil je een rugzak met 100% waterdichte stof, dan is een waterdichte rugzak aan te bevelen.
Het geïntegreerde vak beschermt je laptop
De Fjallraven Kanken rugzak heeft een 13"" laptopvak. Het laptopvak biedt extra bescherming voor je laptop tegen stoten. Een rugzak met laptopvak kan perfect gebruikt worden als alternatief voor traditionele laptoptassen.
Telefoonvak; voorkom schade aan je telefoon
Deze rugzak met laptopvak van Fjallraven heeft een telefoonvak. Ideaal voor als je vaak je telefoon kwijt bent in je tas en vaak eindeloos loopt te zoeken in je tas; waar is die telefoon nu weer gebleven? Als het je lukt om je telefoon altijd op dezelfde plaats te bewaren, dan is dit verleden tijd. Daarnaast verminderd het gebruik van een telefoonvak ook nog eens de kans op beschadigingen omdat je telefoon niet in aanraking kan komen met andere spullen, zoals je sleutels.",https://www.laptop.nl/picture/80066524/600/370/HighResolution/LPNL/false,https://www.laptop.nl/product/fjallraven-kanken-laptop-rugzak-13-zwart/80066524/17299
Rugzakken,Eastpak Provider - Laptop rugzak - Blauw,"Omschrijving Eastpak Provider Blue
De Eastpak Provider hoort bij de populaire Authentic serie van Eastpak. De Eastpak Provider is een multifunctionele rugtas, perfect voor dagelijks gebruik als bijvoorbeeld schooltas.
De beide hoofdvakken bieden voldoende ruimt aan boeken en documenten van A4-formaat. Verder beschikt deze rugtas over een speciaal vak voor maximaal een 15"" laptop, dit laptopvak bevindt zich achterin het grote hoofdvak. Het voorvak beschikt over uitgebreide organisatie met verschillende vakken en sleutelhouder.
De Eastpak Provider is zeer comfortabel te dragen door het gewatteerde rugpaneel en de schouderbanden met anti-slip. Met de spanbanden aan de zijkant kan de tas zo stevig en klein mogelijk worden gemaakt.
Kenmerken:
-Grote rugzak met een inhoud van 33 liter
-Voldoende ruimte voor boeken en documenten van A4 formaat
-Gewatteerd laptopvak voor vrijwel alle 15"" laptops
-Comfortabele gewatteerde schouderbanden
-Sleutelhouder",https://www.laptop.nl/picture/80066522/600/370/HighResolution/LPNL/false,https://www.laptop.nl/product/eastpak-provider-laptop-rugzak-blauw/80066522/17299
Rugzakken,"Fjallraven Kanken - Laptop Rugzak - 17"" - Blauw","Omschrijving Fjallraven Kanken Laptop 17"" navy
De Fjällräven Kanken Laptop 17"" Rugzak is een duurzame en veelzijdige rugzak die perfect is voor studenten, reizigers en professionals. De rugzak is gemaakt van gerecycled polyester en heeft een waterafstotende coating. Hij heeft een capaciteit van 20 liter, waardoor er genoeg ruimte is voor al je spullen. Het laptopvak is geschikt voor laptops tot 17 inch en heeft een zachte voering om je laptop te beschermen. De rugzak heeft ook een hoofdvak, een voorvak en twee zijvakken voor kleinere spullen. De schouderbanden zijn verstelbaar en het rug paneel is zacht en comfortabel.
Kenmerken:
- Duurzaam materiaal: gemaakt van gerecycled polyester
- Waterafstotende coating
- 20 liter inhoud
- Padded laptopvak voor laptops tot 17 inch
- Hoofdvak, voorvak en twee zijvakken
- Verstelbare schouderbanden",https://www.laptop.nl/picture/80066527/600/370/HighResolution/LPNL/false,https://www.laptop.nl/product/fjallraven-kanken-laptop-rugzak-17-blauw/80066527/17299
Rugzakken,"Case Logic CCAM1216 - Laptop Rugzak - 16"" - Zwart","Ben jij op zoek naar een nieuwe rugzak om je laptop in mee te kunnen nemen? Dan is deze 24L rugzak van Case Logic in de kleur zwart een uitstekende keuze. Deze rugzak is duurzaam, omdat hij gemaakt is van gerecycled materiaal. Hij biedt voldoende ruimte om je laptop veilig en comfortabel op te bergen en  te vervoeren.
Het speciale laptopvak is geschikt voor laptops tot 16 inch. Je laptop is goed beschermd is tegen schokken en stoten dankzij het gewatteerde laptop vak. Dit betekent dat je met een gerust hart je laptop in deze rugzak kunt opbergen, zonder je zorgen te hoeven maken over mogelijke beschadigingen. Met genoeg vakken heb je ook voldoende ruimte voor boeken, de oplader en andere benodigdheden.",https://www.laptop.nl/picture/80062197/600/370/HighResolution/LPNL/false,https://www.laptop.nl/product/case-logic-ccam1216-laptop-rugzak-16-zwart/80062197/17299
Rugzakken,"Eastpak Back To Work - Laptop rugzak - 16"" - Zwart","Ben je op zoek naar een nieuwe rugzak voor je werk of school? Dan is de Eastpak Back To Work rugzak misschien iets voor jou. Deze rugzak is geschikt voor een laptop van 16 inch en heeft daarnaast genoeg ruimte om al je benodigdheden mee te nemen. De Back To Work rugzak is voorzien van een apart laptopvak aan de achterkant. Hiermee is je laptop extra beschermt tegen vallen en stoten ten opzichte van je laptop vervoeren in je rugtas zelf. Omdat het laptopvak een apart vak is, zullen er geen andere spullen je laptop beschadigen.
Eastpak staat bekend om de uitstekende kwaliteit en dat zie je terug in deze sterke tassen, zoals hun slogan zegt: ‘Build to resist’. De Back To Work collectie is gemaakt van 100% nylon en voorzien van gewatteerde schouderbanden waardoor de rugzak erg comfortabel is. Het rugpaneel van de rugzak is verstevigd wat ervoor zorgt dat de tas prettig blijft zitten. Door dit comfort kun je deze rugzak voor verschillende doeleinden gebruiken. Als je bijvoorbeeld naar school of werk fietst zul je merken dat gewatteerde schouderbanden wel degelijk effect hebben.
Deze rugzak heeft een inhoud van 27 liter; genoeg ruimte om al je benodigdheden mee te nemen. Zo beschikt deze rugzak over verschillende compartimenten; een laptopvak en een groot middenvak om je documenten van maximaal A4-formaat maar ook andere spullen in op te bergen. Neem de rugzak mee naar school, gebruik hem als handbagage tijdens een vakantie of gebruik de tas, zoals de naam ook zegt, als rugzak mee naar werk.
Kenmerken:
- Ruim hoofdcompartiment
- Interieur voorzien van ritsvakje
- Voorvak met ritssluiting
- Gewatteerd compartiment geschikt voor een 16"" laptop
- Verstelbare schouderbanden
- Verstevigd achterpaneel
- Stevig handvat
- Geschikt voor A4 formaat",https://www.laptop.nl/picture/80063988/600/370/HighResolution/LPNL/false,https://www.laptop.nl/product/eastpak-back-to-work-laptop-rugzak-16-zwart/80063988/17299
Rugzakken,Daniel Ray Highlands Waterafstotende Laptop Rugzak - 15.6'' - Zwart,"Omschrijving Daniel Ray Highlands Waterafstotende Laptop Backpack 15.6'' M black
Wordt de Daniel Ray Highlands Waterafstotende Laptop Backpack 15.6'' M van Daniel Ray jouw nieuwe rugtas? Eén van de belangrijkste kenmerken van een rugzak is de inhoud, dit bepaald hoe veel jij mee kunt nemen in je nieuwe rugzak. Deze Daniel Ray Highlandsheeft een inhoud van 15 liter. Aan jouw de vraag of dit voldoende is om alles te kunnen meenemen in je rugzak.
Hoeveel past er in deze rugzak?
Een rugzak met een formaat van 11 tot 30 liter wordt over het algemeen ook wel een dagrugzak genoemd. Zoals je uit de naam kunt opmaken is dit type rugzak geschikt voor dagelijks en algemeen gebruik. De Daniel Ray Highlands rugzak beschikt over een inhoud van 15 liter en is hiermee geschikt voor dagelijks gebruik. Hierbij kun je denken aan school (maar dan niet te veel boeken meenemen), werk, maar ook bijvoorbeeld je sportspullen of kleine boodschappen kun je prima in deze rugzak kwijt.
Extra comfort door gewatteerde schouderbanden
Deze Daniel Ray Highlands rugzak heeft gewatteerde schouderbanden waardoor hij erg comfortabel is. De schouderbanden van een rugzak kunnen tegen je schouders schuren, of druk veroorzaken, waardoor het onprettig wordt om je rugzak voor langere tijd te dragen. Hier heb je met de Daniel Ray Highlands Waterafstotende Laptop Backpack 15.6'' M geen last van. De schouderbanden zijn gewatteerd zodat de tas prettig blijft zitten, hoe lang je hem ook op je rug hebt.
Een bezwete rug is verleden tijd met rugventilatie
Rugventilatie is ideaal voor als je lang onderweg bent, of een flinke wandeling maakt met je rugzak. Bij het langdurig dragen van je rugzak, bestaat de kans dat je een bezwete rug krijgt. Vooral bij oplopende temperaturen voelt je rugzak warm en bezweet aan op je rug. Een rugzak met rugventilatie gaat dit tegen. De rugventilatie in de rugzak zorgt er voor dat je rugzak comfortabel blijft voelen en je geen bezwete rug krijgt. Als je van plan bent om in warm weer de rugzak een langere tijd te gebruiken, dan heeft rugventilatie zeker toegevoegde waarde.
Deze waterbestendige rugzak houdt je spullen droog
De Daniel Ray Highlands is een rugzak die gemaakt is van waterafstotend materiaal. De tas is dus niet volledig waterdicht, maar bij een goede plensbui zullen je spullen wel droog blijven. Ben je veel met je rugzak onderweg dan is een rugzak waarvan de stof waterafstotend of waterdicht is eigenlijk wel een must. Helemaal als zuinig bent op alle spullen die je in je rugzak vervoerd.
Je laptop goed beschermd met het geintregeerde laptopvak
Deze rugtas van Daniel Ray is voorzien van een laptopvak van 15,6"". Hiermee is je laptop extra beschermd tegen vallen en stoten ten opzichte van je laptop vervoeren in je rugtas zelf. Een laptopvak is hier namelijk speciaal voor ontworpen. Een rugzak met laptopvak is dan ook een goed alternatief voor een traditionele laptoptas.",https://www.laptop.nl/picture/80066533/600/370/HighResolution/LPNL/false,https://www.laptop.nl/product/daniel-ray-highlands-waterafstotende-laptop-rugzak-15-6-zwart/80066533/17299
Rugzakken,"Fjallraven Kanken - Laptop Rugzak - 13"" - Blauw","Omschrijving Fjallraven Kanken Laptop 13"" navy
De Fjallraven Kanken is een rugzak met laptopvak. Als je op zoek bent naar een nieuwe rugzak met laptopvak is dit product wellicht precies de tas waar je naar op zoek bent. Het formaat van je nieuwe rugzak is belangrijk, want je wilt natuurlijk zeker weten dat je al je spullen hierin kwijt kunt. Deze tas uit de Kanken serie van Fjallraven heeft een inhoud van 13 liter. De buitenafmetingen van deze rugzak zijn H 35 x B 25 x D 16 cm, en de tas wordt geleverd met 2 jaar garantie.
De inhoud van je rugzak
Een rugzak met het formaat tussen de 11 en 30 liter wordt ook wel een dagrugzak genoemd. Een rugzak met voldoende capaciteit voor dagelijks gebruik. De Fjallraven Kanken rugzak heeft een inhoud van 13 liter, dit maakt dat deze rugzak geschikt is voor vrijwel al je dagelijkse activiteiten zoals werk, school of sport. Wil je je rugzak ook gebruiken voor een korte vakantie of een stedentrip, kies dan voor een rugzak met een inhoud van minimaal 20 liter.
Met gewatteerde schouderbanden voel je je nog comfortabeler
De Fjallraven Kanken is voorzien van gewatteerde schouderbanden, waardoor hij zeer comfortabel te dragen is. Als je uren met je rugzak rondloopt, voel je misschien de schouderbanden over je schouders wrijven, maar met deze rugzak behoren dit soort vervelende ongemakken tot het verleden. De gewatteerde schouderbanden zorgen er ook voor dat de rugzak goed op z'n plek blijft zitten, waardoor je zelfs bij een langere reis of tocht nauwelijks irritaties krijgt van die rugzak die je meedraagt.
Houd je spullen droog met deze waterafstotende rugzak
De Fjallraven Kanken is waterafstotend. Dit betekent dat de stof van deze rugtas niet 100% waterdicht is, maar er wel voor zorgt dat bij een regenbui je waardevolle spullen droog blijven. Ben je veel onderweg met je rugtas en wil je voorbereid zijn op elk type weer, maar wil je je geen zorgen maken of je laptop of andere waardevolle spullen wel droog blijven? Dan is een waterafstotende rugzak een minimale vereiste. Wil je een rugzak met 100% waterdichte stof, dan is een waterdichte rugzak aan te bevelen.
Het geïntegreerde vak beschermt je laptop
De Fjallraven Kanken rugzak heeft een 13"" laptopvak. Het laptopvak biedt extra bescherming voor je laptop tegen stoten. Een rugzak met laptopvak kan perfect gebruikt worden als alternatief voor traditionele laptoptassen.
Telefoonvak; voorkom schade aan je telefoon
Deze rugzak met laptopvak van Fjallraven heeft een telefoonvak. Ideaal voor als je vaak je telefoon kwijt bent in je tas en vaak eindeloos loopt te zoeken in je tas; waar is die telefoon nu weer gebleven? Als het je lukt om je telefoon altijd op dezelfde plaats te bewaren, dan is dit verleden tijd. Daarnaast verminderd het gebruik van een telefoonvak ook nog eens de kans op beschadigingen omdat je telefoon niet in aanraking kan komen met andere spullen, zoals je sleutels.",https://www.laptop.nl/picture/80066525/600/370/HighResolution/LPNL/false,https://www.laptop.nl/product/fjallraven-kanken-laptop-rugzak-13-blauw/80066525/17299
Rugzakken,"Eastpak Back To Work - Laptop rugzak - 16"" - Denim Blauw","Ben je op zoek naar een nieuwe rugzak voor je werk of school? Dan is de Eastpak Back To Work rugzak misschien iets voor jou. Deze rugzak is geschikt voor een laptop van 16 inch en heeft daarnaast genoeg ruimte om al je benodigdheden mee te nemen. De Back To Work rugzak is voorzien van een apart laptopvak aan de achterkant. Hiermee is je laptop extra beschermt tegen vallen en stoten ten opzichte van je laptop vervoeren in je rugtas zelf. Omdat het laptopvak een apart vak is, zullen er geen andere spullen je laptop beschadigen.
Eastpak staat bekend om de uitstekende kwaliteit en dat zie je terug in deze sterke tassen, zoals hun slogan zegt: ‘Build to resist’. De Back To Work collectie is gemaakt van 100% nylon en voorzien van gewatteerde schouderbanden waardoor de rugzak erg comfortabel is. Het rugpaneel van de rugzak is verstevigd wat ervoor zorgt dat de tas prettig blijft zitten. Door dit comfort kun je deze rugzak voor verschillende doeleinden gebruiken. Als je bijvoorbeeld naar school of werk fietst zul je merken dat gewatteerde schouderbanden wel degelijk effect hebben.
Deze rugzak heeft een inhoud van 27 liter; genoeg ruimte om al je benodigdheden mee te nemen. Zo beschikt deze rugzak over verschillende compartimenten; een laptopvak en een groot middenvak om je documenten van maximaal A4-formaat maar ook andere spullen in op te bergen. Neem de rugzak mee naar school, gebruik hem als handbagage tijdens een vakantie of gebruik de tas, zoals de naam ook zegt, als rugzak mee naar werk.
Kenmerken:
- Ruim hoofdcompartiment
- Interieur voorzien van ritsvakje
- Voorvak met ritssluiting
- Gewatteerd compartiment geschikt voor een 16"" laptop
- Verstelbare schouderbanden
- Verstevigd achterpaneel
- Stevig handvat
- Geschikt voor A4 formaat",https://www.laptop.nl/picture/80063990/600/370/HighResolution/LPNL/false,https://www.laptop.nl/product/eastpak-back-to-work-laptop-rugzak-16-denim-blauw/80063990/17299
Rugzakken,"Herschel Supply Co. Little America - Laptop Rugzak - 15"" - Zwart","Omschrijving Herschel Supply Co. Little America Mid Backpack black
Is de rugtas van Herschel Supply uit de Little America Mid serie de tas die aan jouw wensen voldoet? De handige tas heeft een laptopvak van 15"" en komt met een fabrieksgarantie van 5 jaar. Om zeker te weten of jouw laptop past in de tas, is ons advies om de buitenafmeting van jouw laptop te meten. Is deze kleiner dan de buitenafmeting van de tas? Dan weet je zeker dat het past. Het gevoerde laptopvak zorgt voor extra bescherming zodat jouw laptop veiling kan worden meegenomen. Jouw kostbare laptop kan zo niet beschadigd worden door andere items in je tas. Deze rugzak heeft meerdere handige vakjes, waardoor je spullen altijd geordend met je mee kunt nemen. Met een inhoud van 21 liter is deze tas ook geschikt voor een dagje of paar nachten weg.
Compartiment voor je waterfles
Je bent zuinig op je laptop en je wilt natuurlijk voorkomen dat je laptop in aanraking komt met vocht of water. Als je je tas voor werk of school gebruikt, wil je wel drinken mee kunnen nemen. Omdat deze tas van Herschel Supply voorzien is van een compartiment voor een waterfles kun je met een gerust hart je waterfles meenemen, zonder stil te staan bij de veiligheid van je laptop. Daarnaast grijp je eerder naar je waterfles als deze zichtbaar is. Zo kom jij eenvoudiger aan de dagelijks aanbevolen hoeveelheid vocht.
Laptoptas met gewatteerde schouderbanden
De Herschel Supply Little America Mid laptoptas heeft gewatteerde schouderbanden waardoor hij erg comfortabel is. De schouderbanden van een rugzak kunnen tegen je schouders schuren, of druk veroorzaken, waardoor het onprettig wordt om je rugzak voor langere tijd te dragen. Hier heb je met deze Herschel Supply laptop rugzak geen last van. De schouderbanden zijn gewatteerd zodat de tas prettig blijft zitten, hoe lang je hem ook op je rug hebt. Omdat in je tas ook een laptop zit, is je tas vaak sowieso al ietsje zwaarder. Wel zo prettig dus!",https://www.laptop.nl/picture/80066528/600/370/HighResolution/LPNL/false,https://www.laptop.nl/product/herschel-supply-co-little-america-laptop-rugzak-15-zwart/80066528/17299
Rugzakken,"Herschel Supply Co. Little America - Laptop Rugzak - 16"" - Blauw","Omschrijving Herschel Supply Co. Little America Backpack navy
Is deze rugzak uit de Little America serie van het merk Herschel Supply iets voor jou? Deze Herschel Supply tas is voorzien van een geïntegreerd laptopvak, geschikt voor een laptop van maximaal 16"". Wil je 100% zeker weten dat je laptop ook echt past? Meet dan de buitenafmeting van je laptop even op. Deze dient kleiner te zijn dan de buitenafmetingen van deze tas (H 48 x B 28 x D 18). Op deze tas wordt 5 jaar garantie gegeven. Een laptopvak biedt extra bescherming voor je laptop. Je hoeft je geen zorgen te maken over eventuele beschadigingen tijdens het vervoeren. Naast een laptopvak heeft deze laptop rugzak ook nog eens een tabletvak. Niet alleen bescherming voor je laptop, maar dus ook nog de mogelijkheid om beschermd een tablet mee te nemen.
Waterflesvak
Omdat deze tas van Herschel Supply voorzien is van een waterflesvak, verklein je de kans dat water in aanraking komt met je laptop in de tas. Daarnaast is voldoende water drinken natuurlijk ook erg belangrijk en met je waterfles (of drinkfles) in het zicht, ben je eerder geneigd om je waterfles te pakken. Zo kom jij eenvoudig aan de dagelijkse hoeveelheid vocht.
Laptoptas met gewatteerde schouderbanden
De Herschel Supply Little America laptoptas heeft gewatteerde schouderbanden waardoor hij erg comfortabel is. De schouderbanden van een rugzak kunnen tegen je schouders schuren, of druk veroorzaken, waardoor het onprettig wordt om je rugzak voor langere tijd te dragen. Hier heb je met deze Herschel Supply laptop rugzak geen last van. De schouderbanden zijn gewatteerd zodat de tas prettig blijft zitten, hoe lang je hem ook op je rug hebt. Omdat in je tas ook een laptop zit, is je tas vaak sowieso al ietsje zwaarder. Wel zo prettig dus!",https://www.laptop.nl/picture/80066529/600/370/HighResolution/LPNL/false,https://www.laptop.nl/product/herschel-supply-co-little-america-laptop-rugzak-16-blauw/80066529/17299
Rugzakken,"XD Design Bobby Hero Regular Anti-diefstal - Laptop Rugzak - 15"" - Grijs","Omschrijving XD Design Bobby Hero Regular Anti-diefstal Rugzak grey
De Regular Anti-diefstal Rugzak is een middelmaat rugzak uit de Bobby Hero collectie van XD Design. Met deze anti-diefstal rugzak neem je met gemak een 15.6"" laptop en een 12.9"" tablet mee. Dit en overige belangrijke eigendommen zijn veiliger dan ooit mee te nemen! Met dank aan de snijbestendige en hoogwaardige polyester kunnen er op geen enkele manier ongewenste handen naar binnen treden. Middels verborgen ritsen open je de tas. Het interieur is ruim en voorzien vanverschillende elektronicavakken, een USB oplaadpoort en een organisatiepaneel voor kleinere items. Aan de buitenzijde heeft de tas verschillende verborgen vakken, wat het woon-werk verkeer comfortabel maakt. In het donker ben je ook veilig dankzij de reflecterende strepen. De rugzak sluit perfect aan op het lichaam en is hiermee comfortabel te dragen.
Kenmerken:
- Waterafstotend materiaal
- Snijbestendig
- Reflecterende strepen
- Gevoerd 15.6"" laptopvak
- Gevoerd 12.9"" tabletvak
- Geintegreerde USB oplaadpoort
- Gemakkelijke toegang
- Verborgen vakken en verborgen ritsen
- Smartsleeve",https://www.laptop.nl/picture/80066530/600/370/HighResolution/LPNL/false,https://www.laptop.nl/product/xd-design-bobby-hero-regular-anti-diefstal-laptop-rugzak-15-grijs/80066530/17299
Rugzakken,Daniel Ray Highlands Waterafstotende Laptop Rugzak - 15.6'' - Roze,"Omschrijving Daniel Ray Highlands Waterafstotende Laptop Backpack 15.6'' M Roze
Wordt de Daniel Ray Highlands Waterafstotende Laptop Backpack 15.6'' M van Daniel Ray jouw nieuwe rugtas? Eén van de belangrijkste kenmerken van een rugzak is de inhoud, dit bepaald hoe veel jij mee kunt nemen in je nieuwe rugzak. Deze Daniel Ray Highlandsheeft een inhoud van 15 liter. Aan jouw de vraag of dit voldoende is om alles te kunnen meenemen in je rugzak.
Hoeveel past er in deze rugzak?
Een rugzak met een formaat van 11 tot 30 liter wordt over het algemeen ook wel een dagrugzak genoemd. Zoals je uit de naam kunt opmaken is dit type rugzak geschikt voor dagelijks en algemeen gebruik. De Daniel Ray Highlands rugzak beschikt over een inhoud van 15 liter en is hiermee geschikt voor dagelijks gebruik. Hierbij kun je denken aan school (maar dan niet te veel boeken meenemen), werk, maar ook bijvoorbeeld je sportspullen of kleine boodschappen kun je prima in deze rugzak kwijt.
Extra comfort door gewatteerde schouderbanden
Deze Daniel Ray Highlands rugzak heeft gewatteerde schouderbanden waardoor hij erg comfortabel is. De schouderbanden van een rugzak kunnen tegen je schouders schuren, of druk veroorzaken, waardoor het onprettig wordt om je rugzak voor langere tijd te dragen. Hier heb je met de Daniel Ray Highlands Waterafstotende Laptop Backpack 15.6'' M geen last van. De schouderbanden zijn gewatteerd zodat de tas prettig blijft zitten, hoe lang je hem ook op je rug hebt.
Een bezwete rug is verleden tijd met rugventilatie
Rugventilatie is ideaal voor als je lang onderweg bent, of een flinke wandeling maakt met je rugzak. Bij het langdurig dragen van je rugzak, bestaat de kans dat je een bezwete rug krijgt. Vooral bij oplopende temperaturen voelt je rugzak warm en bezweet aan op je rug. Een rugzak met rugventilatie gaat dit tegen. De rugventilatie in de rugzak zorgt er voor dat je rugzak comfortabel blijft voelen en je geen bezwete rug krijgt. Als je van plan bent om in warm weer de rugzak een langere tijd te gebruiken, dan heeft rugventilatie zeker toegevoegde waarde.
Deze waterbestendige rugzak houdt je spullen droog
De Daniel Ray Highlands is een rugzak die gemaakt is van waterafstotend materiaal. De tas is dus niet volledig waterdicht, maar bij een goede plensbui zullen je spullen wel droog blijven. Ben je veel met je rugzak onderweg dan is een rugzak waarvan de stof waterafstotend of waterdicht is eigenlijk wel een must. Helemaal als zuinig bent op alle spullen die je in je rugzak vervoerd.
Je laptop goed beschermd met het geintregeerde laptopvak
Deze rugtas van Daniel Ray is voorzien van een laptopvak van 15,6"". Hiermee is je laptop extra beschermd tegen vallen en stoten ten opzichte van je laptop vervoeren in je rugtas zelf. Een laptopvak is hier namelijk speciaal voor ontworpen. Een rugzak met laptopvak is dan ook een goed alternatief voor een traditionele laptoptas.",https://www.laptop.nl/picture/80066518/600/370/HighResolution/LPNL/false,https://www.laptop.nl/product/daniel-ray-highlands-waterafstotende-laptop-rugzak-15-6-roze/80066518/17299
Rugzakken,"HP Travel - Laptop rugzak - 16"" - 25L - Blauw","Leef uit één tas
Zie de wereld en bereik je doelen met één ruime, maar dunne rugzak. Alles blijft op zijn plaats met veilige vakken, groot of klein, waar je gemakkelijk bij kunt. Deze perfecte reisgenoot is ontworpen voor mensen die licht reizen en zich snel verplaatsen, maar kan worden uitgebreid voor grote reizen. Eén tas waar alles in past.",https://www.laptop.nl/picture/21247587/600/370/HighResolution/LPNL/false,https://www.laptop.nl/product/hp-travel-laptop-rugzak-16-25l-blauw/21247587/17299
Rugzakken,Eastpak Provider - Laptop rugzak - Denim Zwart,"Omschrijving Eastpak Provider Denim Black
De Eastpak Provider hoort bij de populaire Authentic serie van Eastpak. De Eastpak Provider is een multifunctionele rugtas, perfect voor dagelijks gebruik als bijvoorbeeld schooltas.
De beide hoofdvakken bieden voldoende ruimt aan boeken en documenten van A4-formaat. Verder beschikt deze rugtas over een speciaal vak voor maximaal een 15"" laptop, dit laptopvak bevindt zich achterin het grote hoofdvak. Het voorvak beschikt over uitgebreide organisatie met verschillende vakken en sleutelhouder.
De Eastpak Provider is zeer comfortabel te dragen door het gewatteerde rugpaneel en de schouderbanden met anti-slip. Met de spanbanden aan de zijkant kan de tas zo stevig en klein mogelijk worden gemaakt.
Kenmerken:
-Grote rugzak met een inhoud van 33 liter
-Voldoende ruimte voor boeken en documenten van A4 formaat
-Gewatteerd laptopvak voor vrijwel alle 15"" laptops
-Comfortabele gewatteerde schouderbanden
-Sleutelhouder",https://www.laptop.nl/picture/80066523/600/370/HighResolution/LPNL/false,https://www.laptop.nl/product/eastpak-provider-laptop-rugzak-denim-zwart/80066523/17299
Rugzakken,"Case Logic Invigo Eco - Laptop Rugzak - 14"" - Zwart","Case Logic Invigo Eco rugzak 14” is een eenvoudige, verfijnde rugzak gemaakt van gerecycled materiaal, met doordachte organisatorische functies - vriendelijk voor de werkplek en het milieu.",https://www.laptop.nl/picture/21559753/600/370/HighResolution/LPNL/false,https://www.laptop.nl/product/case-logic-invigo-eco-laptop-rugzak-14-zwart/21559753/17299
Rugzakken,"XD Design Bobby Hero Regular Anti-diefstal - Laptop Rugzak - 17"" - Grijs","Omschrijving XD Design Bobby Hero XL Anti-diefstal Rugzak grey
Ontmoet de grootste rugzak uit de Bobby Hero collectie: de XL Anti-diefstal Rugzak. Met deze grote anti-diefstal rugzak neem je met gemak een 17"" laptop en een 12.9"" tablet mee. Dit en overige belangrijke eigendommen zijn veiliger dan ooit mee te nemen. Met dank aan de snijbestendige en hoogwaardige polyester kunnen er op geen enkele manier ongewenste handen naar binnen treden. Middels verborgen ritsen open je de tas. Het interieur is erg ruim en voorzien vanverschillende elektronicavakken, een USB oplaadpoort en een organisatiepaneel voor kleinere items. Aan de buitenzijde heeft de tas verschillende verborgen vakken, wat het woon-werk verkeer comfortabel maakt. In het donker ben je ook veilig dankzij de reflecterende strepen. De rugzak sluit perfect aan op het lichaam en is hiermee comfortabel te dragen.
Kenmerken:
- 21.5 liter volume en goed voor 9kg aan bagage
- Waterafstotend materiaal
- Snijbestendig
- Reflecterende strepen
- Gevoerd 17"" laptopvak
- Gevoerd 12.9"" tabletvak
- Geintegreerde USB oplaadpoort
- Gemakkelijke toegang
- Verborgen vakken en verborgen ritsen
- Smartsleeve",https://www.laptop.nl/picture/80066532/600/370/HighResolution/LPNL/false,https://www.laptop.nl/product/xd-design-bobby-hero-regular-anti-diefstal-laptop-rugzak-17-grijs/80066532/17299
Rugzakken,"Eastpak Back To Work - Laptop rugzak - 15"" - Denim Zwart","Ben je op zoek naar een nieuwe rugzak voor je werk of school? Dan is de Eastpak Back To Work rugzak misschien iets voor jou. Deze rugzak is geschikt voor een laptop van 16 inch en heeft daarnaast genoeg ruimte om al je benodigdheden mee te nemen. De Back To Work rugzak is voorzien van een apart laptopvak aan de achterkant. Hiermee is je laptop extra beschermt tegen vallen en stoten ten opzichte van je laptop vervoeren in je rugtas zelf. Omdat het laptopvak een apart vak is, zullen er geen andere spullen je laptop beschadigen.
Eastpak staat bekend om de uitstekende kwaliteit en dat zie je terug in deze sterke tassen, zoals hun slogan zegt: ‘Build to resist’. De Back To Work collectie is gemaakt van 100% nylon en voorzien van gewatteerde schouderbanden waardoor de rugzak erg comfortabel is. Het rugpaneel van de rugzak is verstevigd wat ervoor zorgt dat de tas prettig blijft zitten. Door dit comfort kun je deze rugzak voor verschillende doeleinden gebruiken. Als je bijvoorbeeld naar school of werk fietst zul je merken dat gewatteerde schouderbanden wel degelijk effect hebben.
Deze rugzak heeft een inhoud van 27 liter; genoeg ruimte om al je benodigdheden mee te nemen. Zo beschikt deze rugzak over verschillende compartimenten; een laptopvak en een groot middenvak om je documenten van maximaal A4-formaat maar ook andere spullen in op te bergen. Neem de rugzak mee naar school, gebruik hem als handbagage tijdens een vakantie of gebruik de tas, zoals de naam ook zegt, als rugzak mee naar werk.
Kenmerken:
- Ruim hoofdcompartiment
- Interieur voorzien van ritsvakje
- Voorvak met ritssluiting
- Gewatteerd compartiment geschikt voor een 16"" laptop
- Verstelbare schouderbanden
- Verstevigd achterpaneel
- Stevig handvat
- Geschikt voor A4 formaat",https://www.laptop.nl/picture/80066519/600/370/HighResolution/LPNL/false,https://www.laptop.nl/product/eastpak-back-to-work-laptop-rugzak-15-denim-zwart/80066519/17299
Rugzakken,"Eastpak Provider - Laptop rugzak - 16"" - Zwart","Omschrijving Eastpak Provider black
De Eastpak Provider hoort bij de populaire Authentic serie van Eastpak. De Eastpak Provider is een multifunctionele rugtas, perfect voor dagelijks gebruik als bijvoorbeeld schooltas.
De beide hoofdvakken bieden voldoende ruimt aan boeken en documenten van A4-formaat. Verder beschikt deze rugtas over een speciaal vak voor maximaal een 15"" laptop, dit laptopvak bevindt zich achterin het grote hoofdvak. Het voorvak beschikt over uitgebreide organisatie met verschillende vakken en sleutelhouder.
De Eastpak Provider is zeer comfortabel te dragen door het gewatteerde rugpaneel en de schouderbanden met anti-slip. Met de spanbanden aan de zijkant kan de tas zo stevig en klein mogelijk worden gemaakt.
Kenmerken:
-Grote rugzak met een inhoud van 33 liter
-Voldoende ruimte voor boeken en documenten van A4 formaat
-Gewatteerd laptopvak voor vrijwel alle 16"" laptops
-Comfortabele gewatteerde schouderbanden
-Sleutelhouder",https://www.laptop.nl/picture/80064006/600/370/HighResolution/LPNL/false,https://www.laptop.nl/product/eastpak-provider-laptop-rugzak-16-zwart/80064006/17299
Sleeves,"Case Logic Reflect REFPC-116 - Laptop Sleeve - 16"" - Roze","Kwaliteitslaptophoes van traagschuim biedt eersteklas bescherming in een slank ontwerp.
1. Slank ontwerp past laptops tot 15,6""
2. 6 mm dicht geheugenschuim biedt kussen en bescherming
3. Zachte binnenvoering beschermt laptop tegen krassen
4. Dankzij de asymmetrische ritsopening kun je je laptop snel pakken en terugbrengen
5. Dankzij het slanke ontwerp kan deze hoes alleen worden gedragen of past hij in je favoriete tas",https://www.laptop.nl/picture/21069213/600/370/HighResolution/LPNL/false,https://www.laptop.nl/product/case-logic-reflect-refpc-116-laptop-sleeve-16-roze/21069213/17139
Sleeves,Selencia - Teddy Laptop Sleeve - 14'' - Beige,"Met deze Selencia Teddy Laptop hoes geef je jouw laptop een trendy uitstraling én zorg je voor dagelijkse bescherming van je laptop. Het speciale teddy materiaal voelt zacht aan en dankzij de microvezel binnenkant is je kostbare laptop veilig tegen krasjes en stof.
Teddy materiaal
Het speciale teddy materiaal wat is gebruikt zorgt ervoor dat deze laptopsleeve heerlijk zacht aanvoelt. Ook geeft het teddy materiaal de hoes een trendy uiterlijk.
Handige ritssluiting
De Selencia Teddy laptop hoes heeft een stevige ritssluiting. Zo heb jij je laptop altijd snel bij de hand of juist weer opgeborgen!
Geschikt voor laptops van 13-14 inch
Let op! Deze sleeve is geschikt voor laptops met een schermgrootte van 13 tot en met 14 inch. Het formaat van de binnenkant is 32 x 25 x 2,5 cm, zoals je in de foto kunt zien. Meet jouw laptop goed op om zeker te zijn dat je de juiste maat koopt.
Waarom de Selencia Teddy laptop hoes?
- Speciaal teddy materiaal voelt superzacht aan
- Microvezel binnenkant beschermt tegen krasjes en stof
- Met een stevige ritssluiting
- Creëert moeiteloos een trendy uitstraling
- Inclusief 1 jaar garantie
Op zoek naar een trendy look én een superzachte laptopsleeve? Ga dan voor deze Selencia Teddy laptop hoes!",https://www.laptop.nl/picture/80068688/600/370/HighResolution/LPNL/false,https://www.laptop.nl/product/selencia-teddy-laptop-sleeve-14-beige/80068688/17139
Sleeves,"Case Logic Reflect - Laptop Sleeve - 14"" - Rood","Kwaliteitslaptophoes van traagschuim biedt eersteklas bescherming in een slank ontwerp.
1. Slank ontwerp past laptops tot 14""
2. 6 mm dicht geheugenschuim biedt kussen en bescherming
3. Zachte binnenvoering beschermt laptop tegen krassen
4. Dankzij de asymmetrische ritsopening kun je je laptop snel pakken en terugbrengen
5. Dankzij het slanke ontwerp kan deze hoes alleen worden gedragen of past hij in je favoriete tas",https://www.laptop.nl/picture/21754992/600/370/HighResolution/LPNL/false,https://www.laptop.nl/product/case-logic-reflect-laptop-sleeve-14-rood/21754992/17139
Sleeves,"Case Logic Reflect - Laptop Sleeve - 16"" - Zwart","Kwaliteitslaptophoes van traagschuim biedt eersteklas bescherming in een slank ontwerp.
1. Slank ontwerp past laptops tot 16""
2. 6 mm dicht geheugenschuim biedt kussen en bescherming
3. Zachte binnenvoering beschermt laptop tegen krassen
4. Dankzij de asymmetrische ritsopening kun je je laptop snel pakken en terugbrengen
5. Dankzij het slanke ontwerp kan deze hoes alleen worden gedragen of past hij in je favoriete tas",https://www.laptop.nl/picture/20986184/600/370/HighResolution/LPNL/false,https://www.laptop.nl/product/case-logic-reflect-laptop-sleeve-16-zwart/20986184/17139
Sleeves,"Case Logic Reflect - Laptop Sleeve - 16"" - Blauw","Kwaliteitslaptophoes van traagschuim biedt eersteklas bescherming in een slank ontwerp.
1. Slank ontwerp past laptops tot 16""
2. 6 mm dicht geheugenschuim biedt kussen en bescherming
3. Zachte binnenvoering beschermt laptop tegen krassen
4. Dankzij de asymmetrische ritsopening kun je je laptop snel pakken en terugbrengen
5. Dankzij het slanke ontwerp kan deze hoes alleen worden gedragen of past hij in je favoriete tas",https://www.laptop.nl/picture/20921538/600/370/HighResolution/LPNL/false,https://www.laptop.nl/product/case-logic-reflect-laptop-sleeve-16-blauw/20921538/17139
Sleeves,"Case Logic Reflect - Laptop Sleeve - 14"" - Blauw","Kwaliteitslaptophoes van traagschuim biedt eersteklas bescherming in een slank ontwerp.
1. Slank ontwerp past laptops tot 14""
2. 6 mm dicht geheugenschuim biedt kussen en bescherming
3. Zachte binnenvoering beschermt laptop tegen krassen
4. Dankzij de asymmetrische ritsopening kun je je laptop snel pakken en terugbrengen
5. Dankzij het slanke ontwerp kan deze hoes alleen worden gedragen of past hij in je favoriete tas",https://www.laptop.nl/picture/20921535/600/370/HighResolution/LPNL/false,https://www.laptop.nl/product/case-logic-reflect-laptop-sleeve-14-blauw/20921535/17139
Sleeves,"Case Logic Invigo Eco - Laptop Sleeve - 14"" - Zwart",De Cases Logic Invigo Eco-laptophoes is gemaakt van gerecycled materiaal en heeft een 10 mm dikke gewatteerde binnenkant - een milieuvriendelijke manier om je laptop te beschermen.,https://www.laptop.nl/picture/21559255/600/370/HighResolution/LPNL/false,https://www.laptop.nl/product/case-logic-invigo-eco-laptop-sleeve-14-zwart/21559255/17139
Sleeves,"HP Reversible Protective - Laptop Sleeve - 16"" - Zilver","Goede bescherming. Tweezijdig bruikbaar.
Het robuuste neopreen rubber van deze omkeerbare laptophoes beschermt je pc tegen stoten en krassen in het dagelijks gebruik.",https://www.laptop.nl/picture/21109860/600/370/HighResolution/LPNL/false,https://www.laptop.nl/product/hp-reversible-protective-laptop-sleeve-16-zilver/21109860/17139
Sleeves,"Acer NP.BAG1A.293 - Laptop Sleeve - 16"" - Grijs","De stijlvolle donkergrijze Acer 15.6"" Protective Sleeve is geschikt voor 15.6"" notebook/chromebook of kleiner en heeft een voorvak voor bijvoorbeeld documenten. De sleeve heeft een voering die jouw apparaat beschermt bij vallen of stoten. Daarnaast voorkomt de Acer 15.6"" Protective Sleeve ook krassen, of schade van vuil en vocht.
Eigenschappen
De afmeting is 297 x 412 x 18 mm. De sleeve is waterafstotend en heeft metalen ritsen.",https://www.laptop.nl/picture/20903474/600/370/HighResolution/LPNL/false,https://www.laptop.nl/product/acer-np-bag1a-293-laptop-sleeve-16-grijs/20903474/17139
Sleeves,"HP Reversible Protective - Laptop Sleeve - 14,1"" - Zilver","Goede bescherming. Tweezijdig bruikbaar
Het robuuste neopreen rubber van deze omkeerbare laptophoes beschermt je pc tegen stoten en krassen in het dagelijks gebruik.",https://www.laptop.nl/picture/21109859/600/370/HighResolution/LPNL/false,https://www.laptop.nl/product/hp-reversible-protective-laptop-sleeve-14-1-zilver/21109859/17139
Sleeves,"Case Logic - Laptop Sleeve - 17,3"" - Zwart","De Case Logic Laptop Sleeve - 17,3""
Deze traditionele hoes met subtiele details geeft een
gestroomlijnde optie die bij iedereen past. Als een soort deken omhult hij jouw laptop in een dikke foamvoering, met slimme details en een verfijnde stijl. Het is niet voor niets de meest gekozen optie onder studenten.
- Een naadloze voering van Impact Foam biedt bescherming van boven tot onder
- De Nylon band aan beide zijden biedt subtiele structuur aan het strakke ontwerp
- Zijn elegant ontwerp beschermt uw hardware, of u hem nu zo draagt of in uw favoriete tas",https://www.laptop.nl/picture/20089193/600/370/HighResolution/LPNL/false,https://www.laptop.nl/product/case-logic-laptop-sleeve-17-3-zwart/20089193/17139
Sleeves,"Case Logic Reflect - Laptop Sleeve - 14"" - Roze","Kwaliteitslaptophoes van traagschuim biedt eersteklas bescherming in een slank ontwerp.
1. Slank ontwerp past laptops tot 14""
2. 6 mm dicht geheugenschuim biedt kussen en bescherming
3. Zachte binnenvoering beschermt laptop tegen krassen
4. Dankzij de asymmetrische ritsopening kun je je laptop snel pakken en terugbrengen
5. Dankzij het slanke ontwerp kan deze hoes alleen worden gedragen of past hij in je favoriete tas",https://www.laptop.nl/picture/21069208/600/370/HighResolution/LPNL/false,https://www.laptop.nl/product/case-logic-reflect-laptop-sleeve-14-roze/21069208/17139
Sleeves,"Case Logic - Laptop Sleeve - 11,6'' - Zwart","Deze subtiele gedetailleerde traditionele hoes biedt een gestroomlijnde optie die voor elk gebruik geschikt is. De mantel contructie hangt je netbook in een dik gevoerde voering, en slimme details geven hem een verfijnde stijl. Glijdt deze strakke hoes gemakkelijk in je computertas, rugzak of enig andere tas.
- De flexibele hoes past precies om uw Chromebook™ of Ultrabook™ met een schermgrootte van maximaal 11,6""
- Een naadloze voering van Impact Foam™ biedt bescherming van boven tot onder
- De geweven band aan beide zijden voegt subtiel structuur toe aan het gestroomlijnde ontwerp
- Elegante hoes beschermt uw apparaat, ook in uw favoriete tas",https://www.laptop.nl/picture/20100256/600/370/HighResolution/LPNL/false,https://www.laptop.nl/product/case-logic-laptop-sleeve-11-6-zwart/20100256/17139
Sleeves,Selencia - Teddy Laptop Sleeve - 16'' - Beige,"Met deze Selencia Teddy Laptop hoes geef je jouw laptop een trendy uitstraling én zorg je voor dagelijkse bescherming van je laptop. Het speciale teddy materiaal voelt zacht aan en dankzij de microvezel binnenkant is je kostbare laptop veilig tegen krasjes en stof.
Teddy materiaal
Het speciale teddy materiaal wat is gebruikt zorgt ervoor dat deze laptopsleeve heerlijk zacht aanvoelt. Ook geeft het teddy materiaal de hoes een trendy uiterlijk.
Handige ritssluiting
De Selencia Teddy laptop hoes heeft een stevige ritssluiting. Zo heb jij je laptop altijd snel bij de hand of juist weer opgeborgen!
Geschikt voor laptops van 15-16 inch
Let op! Deze sleeve is geschikt voor laptops met een schermgrootte van 15 tot en met 16 inch. Het formaat van de binnenkant is 36,5 x 25,5 x 2,5 cm, zoals je in de foto kunt zien. Meet jouw laptop goed op om zeker te zijn dat je de juiste maat koopt.
Waarom de Selencia Teddy laptop hoes?
- Speciaal teddy materiaal voelt superzacht aan
- Microvezel binnenkant beschermt tegen krasjes en stof
- Met een stevige ritssluiting
- Creëert moeiteloos een trendy uitstraling
- Inclusief 1 jaar garantie
Op zoek naar een trendy look én een superzachte laptopsleeve? Ga dan voor deze Selencia Teddy laptop hoes!",https://www.laptop.nl/picture/80068689/600/370/HighResolution/LPNL/false,https://www.laptop.nl/product/selencia-teddy-laptop-sleeve-16-beige/80068689/17139
Sleeves,"Acer NP.BAG1A.294 - laptop Sleeve - 14"" - Grijs","De stijlvolle donker grijze Acer 14"" Protective Sleeve is geschikt voor 14"" notebook/chromebook of kleiner en heeft een voorvak voor bijvoorbeeld documenten. De sleeve heeft een voering die jouw apparaat beschermt bij vallen of stoten. Daarnaast voorkomt de Acer 14"" Protective Sleeve ook krassen, of schade van vuil en vocht.
Eigenschappen
De afmeting is 265 x 385 x 18 mm. De sleeve is waterafstotend en heeft metalen ritsen.",https://www.laptop.nl/picture/20903475/600/370/HighResolution/LPNL/false,https://www.laptop.nl/product/acer-np-bag1a-294-laptop-sleeve-14-grijs/20903475/17139
Sleeves,"Case Logic Reflect - Laptop Sleeve - 16"" - Oranje","Kwaliteitslaptophoes van traagschuim biedt eersteklas bescherming in een slank ontwerp.
1. Slank ontwerp past laptops tot 16""
2. 6 mm dicht geheugenschuim biedt kussen en bescherming
3. Zachte binnenvoering beschermt laptop tegen krassen
4. Dankzij de asymmetrische ritsopening kun je je laptop snel pakken en terugbrengen
5. Dankzij het slanke ontwerp kan deze hoes alleen worden gedragen of past hij in je favoriete tas",https://www.laptop.nl/picture/21754961/600/370/HighResolution/LPNL/false,https://www.laptop.nl/product/case-logic-reflect-laptop-sleeve-16-oranje/21754961/17139
Sleeves,"Case Logic Invigo Eco - Laptop Sleeve - 13"" - Zwart",De Cases Logic Invigo Eco-laptophoes is gemaakt van gerecycled materiaal en heeft een 10 mm dikke gewatteerde binnenkant - een milieuvriendelijke manier om je laptop te beschermen.,https://www.laptop.nl/picture/21559254/600/370/HighResolution/LPNL/false,https://www.laptop.nl/product/case-logic-invigo-eco-laptop-sleeve-13-zwart/21559254/17139
Sleeves,Case Logic Reflect - Laptop Sleeve - 14'' - Zwart,"Kwaliteitslaptophoes van traagschuim biedt eersteklas bescherming in een slank ontwerp.
1. Slank ontwerp past laptops tot 14""
2. 6 mm dicht geheugenschuim biedt kussen en bescherming
3. Zachte binnenvoering beschermt laptop tegen krassen
4. Dankzij de asymmetrische ritsopening kun je je laptop snel pakken en terugbrengen
5. Dankzij het slanke ontwerp kan deze hoes alleen worden gedragen of past hij in je favoriete tas",https://www.laptop.nl/picture/20921534/600/370/HighResolution/LPNL/false,https://www.laptop.nl/product/case-logic-reflect-laptop-sleeve-14-zwart/20921534/17139
Sleeves,"Case Logic Invigo Eco - Laptop Sleeve - 16"" - Zwart",De Cases Logic Invigo Eco-laptophoes is gemaakt van gerecycled materiaal en heeft een 10 mm dikke gewatteerde binnenkant - een milieuvriendelijke manier om je laptop te beschermen.,https://www.laptop.nl/picture/21559256/600/370/HighResolution/LPNL/false,https://www.laptop.nl/product/case-logic-invigo-eco-laptop-sleeve-16-zwart/21559256/17139
Oortjes,Apple AirPods 4 ANC met USB-C oplaadcase,"Apple AirPods 4 ANC met USB-C oplaadcase
Bioscoopwaardig geluid.
Persoonlijke ruimtelijke audio met dynamische hoofdtracking zorgt ervoor dat je het geluid overal om je heen hoort. Zo geniet je in 3D van muziek, tv-series, films, games en nog veel meer.
Een ongehoorde sprong vooruit.
Dankzij de krachtige Apple H2-chip in AirPods 4 klinken zowel audio als gesprekken beter dan ooit. En ze zitten vol slimme features waarmee ze zich moeiteloos aanpassen aan bijna elke omgeving. Zelfs als je volledige stilte wilt.
Superheldere belkwaliteit.
Dankzij geavanceerde computational audio vermindert Stemisolatie het achtergrond­geluid en wordt jouw stem beter hoorbaar. Je bent dus altijd goed te verstaan, ook op drukke plekken of wanneer het hard waait.
Hoor elke noot. Elke beat. Elk detail.
De gloednieuwe akoestische architectuur is gebaseerd op een door Apple ontworpen driver met minimale vervorming. Deze werkt samen met een speciaal ontwikkelde versterker met een hoog dynamisch bereik. Simpel gezegd: je hoort je muziek tot in de allerkleinste details, met diepere bassen en kristalheldere hoge tonen.
Stemt de muziek af op je oren.
Adaptieve EQ stemt muziek automatisch af op je oren. De microfoons aan de binnen­kant detecteren wat jij hoort, waarna de middelhoge en lage frequenties worden bijgesteld. Zo hoef je geen enkele noot te missen.
Gesprekken op hoog niveau.
In FaceTime geniet je nu van heldere HD-kwaliteit dankzij de AAC-ELD spraakcodec. En dankzij persoonlijke ruimtelijke audio klinken je FaceTime-groepsgesprekken natuurlijker dan ooit.
Actieve ruisonderdrukking
AirPods 4 zijn ook verkrijgbaar met actieve ruisonderdrukking, een primeur voor dit open-ear design. De kracht van de H2-chip en de nieuwe microfoons zorgen ervoor dat omgevingsgeluid met lage frequenties, zoals dat van vliegtuigmotoren, airco’s en stadsverkeer, wordt gedempt nog voordat het je oor bereikt.
Stof-, zweet- en water­bestendig.
AirPods 4 en de oplaad­case zijn zweet- en waterbestendig volgens de IP54-norm, en dus prima bestand tegen een flinke bui of een stevige work-out.
Geweldig in vorm.
Dankzij het nieuwe binnenwerk en de opnieuw vormgegeven buitenkant zitten AirPods 4 lekkerder en hebben ze een betere fit dan ooit.
Vernieuwde steel. Verbeterde druksensor.
De ingekorte steel bevat de batterij en de H2-chip. En met de nieuwe druk­sensor bedien je je audio en telefoon­gesprekken met een kort knijpje.
Kleinere case. Volop power.
De gestroomlijnde oplaad­case is meer dan 10 procent compacter dan die van de vorige generatie, terwijl het opladen nog steeds even snel gaat. AirPods 4 met actieve ruisonderdrukking hebben de kleinste draadloos oplaadbare case op de markt, die dankzij een ingebouwde speaker makkelijk terug te vinden is met ‘Zoek mijn’.
Zo gekoppeld.
AirPods 4 pairen automatisch met elk device waarop je met je Apple ID bent aangemeld. Je hoeft alleen maar je AirPods in de buurt van je iPhone of iPad te leggen en op Verbind te tikken.",https://www.laptop.nl/picture/21647790/600/370/HighResolution/LPNL/false,https://www.laptop.nl/product/apple-airpods-4-anc-met-usb-c-oplaadcase/21647790/17155
Oortjes,Apple EarPods met USB-C,"Anders dan bij de veelvoorkomende ronde oortjes is het ontwerp van de EarPods gebaseerd op de geometrie van het oor. Hierdoor zitten ze voor veel meer mensen een stuk comfortabeler dan gewone oortjes.
De speakers van de EarPods zijn ontworpen om de uitvoer te maximaliseren en leveren een geweldige geluidskwaliteit.
De EarPods (USB-C) hebben ook een ingebouwde afstandsbediening waarop je kunt drukken om het volume in te stellen, het afspelen van muziek en video te regelen en gesprekken te beantwoorden of te beëindigen.",https://www.laptop.nl/picture/21409723/600/370/HighResolution/LPNL/false,https://www.laptop.nl/product/apple-earpods-met-usb-c/21409723/17155
Oortjes,Apple AirPods 3 (2022) met lightning oplaadcase,"Ruimtelijke audio met dynamische hoofdtracking omringt je met geluid en geeft een compleet nieuwe dimensie aan muziek, series, films en nog veel meer. Het geluid komt van alle kanten, alsof je midden in je eigen bioscoop of concertzaal zit.
Afgestemd op jouw oren.
Adaptieve EQ stemt muziek automatisch af op de vorm van je oren. De microfoons aan de binnenkant detecteren wat jij hoort, waarna de middelhoge en lage frequenties in real time worden bijgesteld, zodat je geen enkel detail hoeft te missen.
Bas op nieuwe hoogten.
De door Apple ontworpen dynamische driver wordt aangestuurd door een speciale versterker en zorgt voor een extreem gedetailleerde muziek­weergave. Elke klank is raak, van diepe bassen tot kristalheldere hoge tonen.
Windkracht nul.
De microfoon in elk oortje is omhuld door akoestisch gaas dat windgeruis wegneemt tijdens het bellen. Zo is je stem altijd luid en duidelijk te horen.
Je hoort het goed. Gesprekken in HD-kwaliteit voor FaceTime.
In FaceTime geniet je nu van heldere HD-kwaliteit met een nieuwe AAC-ELD spraakcodec. En dankzij de ondersteuning voor ruimtelijke audio klinken je FaceTime-groepsgesprekken natuurlijker dan ooit.
Stijlvol van oor tot oor.
AirPods hebben een elegant design met een kortere steel en een aansluitende pasvorm, zodat het geluid precies op de juiste plek komt.
De fijnste kneepjes.
Via de druksensor heb je nog meer controle over je entertainment. Druk erop om muziek af te spelen, te pauzeren of naar het volgende nummer te gaan, en om telefoontjes aan te nemen of te beëindigen.
Zo gekoppeld.
Hou je AirPods in de buurt van je iPhone of iPad en tik op Verbind om ze te koppelen met elk device in je iCloud-account. Als je muziek afspeelt op je Mac, kun je een telefoontje aannemen op je iPhone, zonder van device te wisselen.",https://www.laptop.nl/picture/80062750/600/370/HighResolution/LPNL/false,https://www.laptop.nl/product/apple-airpods-3-2022-met-lightning-oplaadcase/80062750/17155
Oortjes,Samsung Galaxy Buds2 Pro - Zwart,"24-bits HiFi-geluid
Geluid zoals het hoort,
draadloos
Elke noot klinkt net echt, omdat het kraakheldere geluid begint bij jouw favoriete Samsung Galaxy-toestel. Het volledige 24-bits geluid wordt door de geüpgradede Samsung Seamless Codec gecodeerd en door de Galaxy Buds2 Pro gedecodeerd, waarbij het haarscherpe 24-bits geluid behouden blijft.
INTELLIGENTE ANC
Geniet volop van je afspeellijst
Active Noise Cancelling (ANC) is beter dan ooit.
Met 3 microfoons met een hoge SNR (Signal-to-Noise Ratio) kunnen de Galaxy Buds2 Pro elk omgevingsgeluidje opsporen en verwijderen - zelfs het fluisteren van de wind.
Met Voice Detect kan je gemakkelijk tot een gesprek met anderen overgaan.
Begin met praten en Voice Detect schakelt ANC uit en omgevingsgeluid in, zodat je het gesprek goed kan volgen zonder jouw Buds2 Pro uit te doen.
360 AUDIO
Realistisch geluid
Met Intelligent 360 Audio voelt het geluid realistischer. De 360 Audio-algoritmes met Direct-multichannel (5,1ch / 7,1ch / Dolby Atmos) en Enhanced Dolby Head Tracking bieden een meeslepende ervaring doordat elke beweging synchroon blijft. 360 Audio registreert zelfs de richting van het geluid als je je hoofd beweegt, zodat je het geluid in elke richting ervaart.
Eenvoudig koppelen
Maak open en tik aan
Galaxy Buds2 Pro worden automatisch gevonden door je Samsung Galaxy-toestellen en kunnen met één tik worden gekoppeld. Zo eenvoudig is het.
Auto Switch op de Galaxy Buds2 Pro vindt slim activiteiten op mobiele apparaten en schakelt moeiteloos tussen jouw Samsung Galaxy-telefoon, tablet of watch.
Zelfs als je verbonden bent met een Samsung TV kan je wisselen om je telefoon op te nemen. Als de Galaxy Buds2 Pro via Bluetooth verbonden zijn met de Samsung TV, hoef je je oordopjes niet uit te doen om de telefoon op te nemen. Als je gebeld wordt, hoef je alleen maar twee keer op de Galaxy Buds2 Pro te tikken.
SMARTTHINGS FIND
Weet waar je oordopjes zijn
Bang dat je je Galaxy Buds2 Pro kwijt raakt? Geen paniek. Met de zoek locatie-functie van SmartThings Find kan je je geliefde Galaxy Buds2 Pro altijd vinden. Het kan zelfs zonder de case.
Het geïntegreerde alarm waarschuwt je als je je Galaxy Buds2 Pro ergens laat liggen, en je telefoon geeft een melding zodat je ze niet per ongeluk vergeet.
FIT
In jecomfort zone
Geniet van een comfortabele pasvorm dankzij het ergonomisch ontwerp van de oordopjes. Verbeterde luchtstroomtechnologie vermindert de druk in het gehoorkanaal en zorgt voor minimaal lawaai, voor comfort en helder geluid.
Batterij
Kan tot 5 uur lang audio afspelen met ANC, met nog eens 18 uur van de case.
Bluetooth 5.3
Kan gebruik maken van BT 5.3. LE Audio wordt later ondersteund.
Waterbestendig (IPX7)
Muziek in de regen en in de zon. De Galaxy Buds2 Pro zijn waterbestendig en beschermd tegen zweet, water en morsen.",https://www.laptop.nl/picture/80063326/600/370/HighResolution/LPNL/false,https://www.laptop.nl/product/samsung-galaxy-buds2-pro-zwart/80063326/17155
Oortjes,Apple AirPods 4 met USB-C oplaadcase,"Apple AirPods 4 met USB-C oplaadcase
Bioscoopwaardig geluid.
Persoonlijke ruimtelijke audio met dynamische hoofdtracking zorgt ervoor dat je het geluid overal om je heen hoort. Zo geniet je in 3D van muziek, tv-series, films, games en nog veel meer.
Een ongehoorde sprong vooruit.
Dankzij de krachtige Apple H2-chip in AirPods 4 klinken zowel audio als gesprekken beter dan ooit. En ze zitten vol slimme features waarmee ze zich moeiteloos aanpassen aan bijna elke omgeving. Zelfs als je volledige stilte wilt.
Superheldere belkwaliteit.
Dankzij geavanceerde computational audio vermindert Stemisolatie het achtergrond­geluid en wordt jouw stem beter hoorbaar. Je bent dus altijd goed te verstaan, ook op drukke plekken of wanneer het hard waait.
Hoor elke noot. Elke beat. Elk detail.
De gloednieuwe akoestische architectuur is gebaseerd op een door Apple ontworpen driver met minimale vervorming. Deze werkt samen met een speciaal ontwikkelde versterker met een hoog dynamisch bereik. Simpel gezegd: je hoort je muziek tot in de allerkleinste details, met diepere bassen en kristalheldere hoge tonen.
Stemt de muziek af op je oren.
Adaptieve EQ stemt muziek automatisch af op je oren. De microfoons aan de binnen­kant detecteren wat jij hoort, waarna de middelhoge en lage frequenties worden bijgesteld. Zo hoef je geen enkele noot te missen.
Gesprekken op hoog niveau.
In FaceTime geniet je nu van heldere HD-kwaliteit dankzij de AAC-ELD spraakcodec. En dankzij persoonlijke ruimtelijke audio klinken je FaceTime-groepsgesprekken natuurlijker dan ooit.
Actieve ruisonderdrukking
AirPods 4 zijn ook verkrijgbaar met actieve ruisonderdrukking, een primeur voor dit open-ear design. De kracht van de H2-chip en de nieuwe microfoons zorgen ervoor dat omgevingsgeluid met lage frequenties, zoals dat van vliegtuigmotoren, airco’s en stadsverkeer, wordt gedempt nog voordat het je oor bereikt.
Stof-, zweet- en water­bestendig.
AirPods 4 en de oplaad­case zijn zweet- en waterbestendig volgens de IP54-norm, en dus prima bestand tegen een flinke bui of een stevige work-out.
Geweldig in vorm.
Dankzij het nieuwe binnenwerk en de opnieuw vormgegeven buitenkant zitten AirPods 4 lekkerder en hebben ze een betere fit dan ooit.
Vernieuwde steel. Verbeterde druksensor.
De ingekorte steel bevat de batterij en de H2-chip. En met de nieuwe druk­sensor bedien je je audio en telefoon­gesprekken met een kort knijpje.
Kleinere case. Volop power.
De gestroomlijnde oplaad­case is meer dan 10 procent compacter dan die van de vorige generatie, terwijl het opladen nog steeds even snel gaat. AirPods 4 met actieve ruisonderdrukking hebben de kleinste draadloos oplaadbare case op de markt, die dankzij een ingebouwde speaker makkelijk terug te vinden is met ‘Zoek mijn’.
Zo gekoppeld.
AirPods 4 pairen automatisch met elk device waarop je met je Apple ID bent aangemeld. Je hoeft alleen maar je AirPods in de buurt van je iPhone of iPad te leggen en op Verbind te tikken.",https://www.laptop.nl/picture/21647789/600/370/HighResolution/LPNL/false,https://www.laptop.nl/product/apple-airpods-4-met-usb-c-oplaadcase/21647789/17155
Oortjes,Xiaomi Redmi Buds 5 Pro - Zwart,"Redmi Buds 5 Pro
Hoor alleen uw muziek
Draadloze audio met hoge resolutie
Ondersteunt geavanceerde LDAC-audiocodec
De Redmi Buds 5 Pro is gecertificeerd voor draadloze audio met hoge resolutie en ondersteunt de LDAC-audiocodec met een reactiesnelheid van maximaal 24-bits/96 kHz*, waardoor Ultra HD-audio met minimale vervorming mogelijk is.
Aangepast ontwerp met twee coaxdrivers
Hifi-geluidskwaliteit met hoge resolutie
De Redmi Buds 5 Pro heeft een ontwerp met twee coaxdrivers: een driver van 11 mm met een titanium diafragma voor de bas en een piëzo-elektrische keramische tweeter van 10 mm. Dit ontwerp zorgt voor een nauwkeurige audioweergave bij alle frequenties en een uitgebalanceerde geluidservaring met vloeiende hoge tonen, rijke middentonen en volle lage tonen. Zo geniet u altijd van hoogwaardig hifi-geluid.
Ingebouwd meeslepend geluid
De Redmi Buds 5 Pro biedt een verbeterde audio-ervaring voor allerlei content en is ideaal voor het kijken van films op tv, computers of tablets. De oordopjes bieden elke keer weer een meeslepende audio-ervaring*
Ontwerp met kunstleren textuur
Ingetogen en verfijnd
Voor het eerst is het onderste deel van de zwarte uitvoering van de case voorzien van kunstleer. Dit geeft de case en een verfijnde uitstraling een unieke textuur die prettig aanvoelt.
Ontwerp met marmertextuur
In het ontwerp van het steeltje van de oordopjes zijn natuurlijke elementen verwerkt. De steel is voorzien van een meerlaagse coating voor een onderscheidende marmertextuur. De subtiele maar opvallende afwerking weerspiegelt een onopvallende en tegelijkertijd charmante persoonlijkheid.
Marmertextuur is alleen verkrijgbaar voor de witte en zwarte uitvoering.
Tot 52 dB actieve ruisonderdrukking
Dankzij de toonaangevende actieve ruisonderdrukkingstechnologie tot 52 dB is de maximale ruisonderdrukking verdrievoudigd in vergelijking met de Redmi Buds 4 Pro. Dit betekent dat u in alle rust van uw muziek kunt genieten
Drie transparantiemodi
Luister naar de geluiden om u heen
In de normale transparantiemodus kunt u omgevingsgeluiden horen zonder een beat te missen. Als u iemand persoonlijk wilt spreken, kunt u overschakelen naar Spraakmodus verbeteren. De nieuwe modus voor het verbeteren van de omgevingsgeluiden zorgt dat u subtiele geluiden uit de omgeving hoort om uw veiligheid altijd en overal te waarborgen
3 microfoons met ruisonderdrukking op basis van AI voor gesprekken
Kristalheldere gesprekken
De oordopjes zijn voorzien van 3 microfoons, gecombineerd met een AI-algoritme voor ruisonderdrukking om omgevingsgeluid tijdens gesprekken te detecteren en te onderdrukken en om windruis te elimineren die ontstaat bij een windsnelheid van 9 m/s*. Dit garandeert dat u ook in rumoerige omgevingen duidelijk verstaanbaar bent
Extra lange batterijduur en snelladen
Geniet non-stop van muziek
Luister maximaal 10 uur non-stop naar muziek met één keer opladen of tot 38 uur bij gebruik in combinatie met de oplaadcase, zodat u zo lang naar muziek kunt luisteren als u wilt.
Dankzij de krachtige functie voor snelladen kunt u tot wel 2 uur muziek afspelen na 5 minuten opladen.
Aanraakbediening
Moeiteloze responsieve bediening
Druk voorzichtig op het aanraakgevoelige gebied van de oordopjes om tussen nummers te schakelen, oproepen te pauzeren, te beantwoorden en te beëindigen en andere functies te bedienen.
Slimme connectiviteit voor twee apparaten
Schakel moeiteloos over
U kunt eenvoudig schakelen tussen entertainment en werk, door bijvoorbeeld een oproep te beantwoorden terwijl u video's bekijkt op een tablet of computer.",https://www.laptop.nl/picture/80067922/600/370/HighResolution/LPNL/false,https://www.laptop.nl/product/xiaomi-redmi-buds-5-pro-zwart/80067922/17155
Oortjes,Apple EarPods met Lightning connector,"Unlike traditional, circular earbuds, the design of the EarPods is defined by the geometry of the ear. Which makes them more comfortable for more people than any other earbud-style headphones.
The speakers inside the EarPods have been engineered to maximise sound output and minimise sound loss, which means you get high-quality audio.
The EarPods with Lightning Connector also include a built-in remote that lets you adjust the volume, control the playback of music and video, and answer or end calls with a pinch of the cord.
- Designed by Apple
- Deeper, richer bass tones
- Greater protection from sweat and water
- Control music and video playback
- Answer and end calls
Works with all devices that have a Lightning connector and support iOS 10 or later, including iPod touch, iPad and iPhone.",https://www.laptop.nl/picture/21638964/600/370/HighResolution/LPNL/false,https://www.laptop.nl/product/apple-earpods-met-lightning-connector/21638964/17155
Oortjes,Sony MDR-EX15AP,"Geniet van hoge-resolutie hoge en middentonen met een krachtige bas geproduceerd door de krachtige neodymiummagneten van Sony MDR-EX15LP. Wordt geleverd met snoerschuif om te voorkomen dat het snoer in de knoop raakt.
- Geniet van helder, krachtig geluid met krachtige neodymiummagneten.
- Vermijd vervelende klitten met het Y-type snoer en schuifregelaar.
- Comfortabele pasvorm met hybride siliconenoordopjes (3 maten).
- Koordversteller meegeleverd.
Geweldig geluid
Geniet van krachtig geluid en hoge-resolutie hoge en middentonen met krachtige neodymiummagneten.",https://www.laptop.nl/picture/80064398/600/370/HighResolution/LPNL/false,https://www.laptop.nl/product/sony-mdr-ex15ap/80064398/17155
Oortjes,Anker Soundcore Liberty 4 NC - Zwart,"Soundcore Liberty 4 NC: De Ultieme Draadloze Oordopjes met Geavanceerde Ruisonderdrukking
De Soundcore Liberty 4 NC oordopjes zijn de nieuwste toevoeging aan de indrukwekkende line-up van Soundcore. Deze draadloze oordopjes bieden een ongeëvenaarde luisterervaring dankzij hun geavanceerde functies en betaalbare prijs.
Uitmuntende Ruisonderdrukking
Met de Soundcore Liberty 4 NC geniet je van een ongekende stilte, zelfs in de meest rumoerige omgevingen. De Adaptive ANC 2.0 technologie past zich in real-time aan jouw oren en omgeving aan, waardoor tot 98,5% van het omgevingsgeluid wordt geëlimineerd1. Of je nu in een drukke stad loopt of in een lawaaierig kantoor werkt, deze oordopjes zorgen voor een serene luisterervaring.
Superieure Geluidskwaliteit
De 11mm drivers, gecombineerd met Hi-Res Wireless en LDAC technologie, leveren een kristalhelder geluid met diepe bassen en heldere hoge tonen1. Dankzij de volledig aanpasbare EQ met Hear ID 2.0 kun je het geluid afstemmen op jouw persoonlijke voorkeuren, zodat je altijd geniet van de beste geluidskwaliteit.
Langdurige Batterijduur
Met een batterijduur van 10 uur op een enkele lading en tot 50 uur met de oplaadcase, hoef je je geen zorgen te maken over het opladen tijdens lange reizen of drukke werkdagen1. Bovendien zorgt de snellaadfunctie ervoor dat je binnen enkele minuten weer urenlang kunt luisteren.
Kristalheldere Gesprekken
De Soundcore Liberty 4 NC is uitgerust met zes microfoons en een AI-algoritme dat achtergrondgeluiden onderdrukt, waardoor je altijd duidelijk verstaanbaar bent tijdens telefoongesprekken1. Of je nu in een druk café zit of onderweg bent, je gesprekken blijven helder en zonder storingen.
Waterbestendig en Comfortabel
Dankzij de IPX4 waterbestendigheid zijn de oordopjes bestand tegen zweet en regen, waardoor ze ideaal zijn voor sport en buitenactiviteiten2. De ergonomische pasvorm en verschillende maten oordopjes zorgen ervoor dat ze comfortabel blijven zitten, zelfs tijdens langdurig gebruik.
Eenvoudige Connectiviteit
Met Bluetooth 5.3 en multipoint connectiviteit kun je de Soundcore Liberty 4 NC eenvoudig verbinden met meerdere apparaten tegelijk2. De Fast Pair functie maakt het koppelen met je apparaten snel en probleemloos.
Conclusie
De Soundcore Liberty 4 NC biedt een indrukwekkende combinatie van geavanceerde ruisonderdrukking, superieure geluidskwaliteit en langdurige batterijduur, allemaal verpakt in een comfortabel en waterbestendig ontwerp. Deze oordopjes zijn de perfecte keuze voor iedereen die op zoek is naar hoogwaardige draadloze oordopjes zonder de bank te breken.",https://www.laptop.nl/picture/21405513/600/370/HighResolution/LPNL/false,https://www.laptop.nl/product/anker-soundcore-liberty-4-nc-zwart/21405513/17155
Oortjes,Apple AirPods Pro (2022) met draadloze oplaadcase - USB-C,"AirPods Pro (2e generatie)
Audioprestaties
H2. Grootser en meeslepender.
De nieuwe, door Apple ontworpen H2-chip is het brein achter het geavanceerde geluid van AirPods Pro. Deze chip stuurt onder meer de speciaal ontwikkelde speakerdriver en versterker aan, waardoor je heldere hoge tonen en een vol, diep basgeluid hoort. Dus waar je ook naar luistert, het komt allemaal nog beter tot z’n recht.
De gloednieuwe H2-chip heeft een nog groter takenpakket dan de vorige chip. Met behulp van computationale algoritmes wordt ruisonderdrukking nog slimmer, kun jij genieten van een subliem 3D-geluid en gaat de batterij zo lang mogelijk mee. En dat allemaal tegelijkertijd.
De chip maakt gebruik van krachtige nieuwe aanpassings­algoritmes om het geluid sneller te kunnen verwerken en te finetunen precies op het moment dat je het hoort. Elk detail wordt hierbij afgestemd op de vorm van je oor, zodat je volledig wordt ondergedompeld in geluid van nog hogere kwaliteit.
De vernieuwde microfoon aan de binnenkant maakt gebruik van stemverbeterings­algoritmes om je stem beter te herkennen en ook beter door te geven. Daardoor klink je natuurlijker als je met iemand belt of in een videogesprek zit.
Transparante AirPods Pro waarin de H2-chip aan de achterkant van het oortje duidelijk zichtbaar is.
De speciaal ontwikkelde speakerdriver en versterker zorgen er samen met de H2-chip voor dat er minder vervorming optreedt. Daardoor klinken de lage tonen voller en de hoge tonen helderder, ongeacht het volume.
Transparante AirPods Pro met de speciaal ontwikkelde speakerdriver en versterker.
Ruis­onderdrukking
Luister naar de stilte.
Met de AirPods Pro met H2-chip kun je in alle rust luisteren. De ruisonderdrukking is met bijna een factor twee toegenomen ten opzichte van de vorige generatie. Jij bepaalt wat je hoort — en wat niet — waardoor je helemaal kunt opgaan in muziek en podcasts.
Tot 2x zoveel actieve ruisonderdrukking.
Mede dankzij de nieuwe speakerdriver en verbeterde akoestische algoritmes kan de actieve ruisonderdrukking meer ongewenste geluiden filteren, zodat je ongestoord kunt luisteren. Ideaal als je met het openbaar vervoer reist en wanneer je je echt even moet concentreren.
De microfoons voor ruis­onderdrukking en de ventilatie-opening aan de achterkant zijn zo gepositioneerd dat ze het binnenkomende geluid supersnel detecteren. Daardoor is er voldoende tijd om ruis te blokkeren voordat die je oor bereikt. De AirPods Pro-microfoon aan de buitenkant.
Er zitten vier paar siliconen oortips bij, waaronder de nieuwe maat XS. Hierdoor zijn ze voor nog meer verschillende soorten oren geschikt. De oortips sluiten je gehoorgang helemaal af, zodat het geluid niet kan ontsnappen en je AirPods Pro op een prettige manier stevig in je oor blijven zitten.
Dankzij de kracht van de H2-chip geeft de adaptieve transparantie harde geluiden zoals het geluid van een sirene of drilboor een stuk zachter door. Je hoort dus gewoon de wereld om je heen, maar dan zonder dat het stoort.
Reduceert het geluid 48.000 keer per seconde.
Nog meer je eigen touch.
Met de touch-bediening regel je alle afspeelfuncties op de steel. Als je het volume wilt aanpassen, swipe je omhoog of omlaag. Wil je je muziek afspelen of pauzeren of een telefoontje aannemen of beëindigen, dan druk je één keer op het touch-vlak. En wil je switchen tussen de actieve ruisonderdrukking en de adaptieve transparantie, dan houd je het touch-vlak ingedrukt.
Geluid. Afgestemd op jou.
AirPods Pro kan het geluid dat je hoort een bijzonder persoonlijk tintje geven. Persoonlijke ruimtelijke audio met dynamische hoofdtracking werkt met al je devices, zodat je het geluid nog intenser overal om je heen hoort.2 En de adaptieve EQ past de weergave aan de vorm van je oor aan, dus je hoort elke frequentie zoals die bedoeld is.
Persoonlijke ruimtelijke audio maakt met behulp van de TrueDepth-camera van je iPhone een persoonlijk profiel van je hoofd om het geluid op de vorm van je oren te kunnen afstemmen. Dat profiel wordt met al je devices gesynchroniseerd, zodat je altijd geweldig geluid hoort.2
Dynamische hoofdtracking werkt nu ook voor groepsgesprekken in FaceTime, zodat je tijdens zo’n gesprek 3D-geluid hoort. Als je het thuisfront of je vrienden spreekt, klinkt het dus alsof jullie in dezelfde ruimte zitten.
Adaptieve EQ stemt de muziek in real time af op je oren en baseert zich daarbij op de pasvorm van AirPods Pro. De microfoons aan de binnenkant meten wat je hoort en passen de lage en hoge frequenties van de muziek aan. Dus naar welk nummer je ook luistert, je hoort altijd ongelofelijk veel details.
Case
Pure powerplay.
De nieuwe MagSafe-oplaad­case zit boordevol handige features voor onderweg. Het design is verder verbeterd, zodat je de case makkelijker terugvindt en bij de hand houdt. En dankzij de verlengde batterijduur kun je langer luisteren, kijken en praten voordat je de case opnieuw moet opladen. Een case met meer mogelijk­heden ga je niet vinden.",https://www.laptop.nl/picture/21409722/600/370/HighResolution/LPNL/false,https://www.laptop.nl/product/apple-airpods-pro-2022-met-draadloze-oplaadcase-usb-c/21409722/17155
Oortjes,Samsung Galaxy Buds FE - Wit,"Awards
Great Value Award
'Betaalbare oortjes met verrassend goede ruisonderdrukking'
Face to face
Face to face
Hou je Galaxy Buds FE aan, zelfs als je nieuwe vrienden maakt op reis. Zet de Interpreter-app aan en hoor de vertaling in je oren. De Galaxy Buds FE horen je woorden en de speaker van je Samsung Galaxy-smartphone vertaalt ze voor je nieuwe vriend.
Via de telefoon
Via de telefoon
De microfoons van je Galaxy Buds FE registreren je woorden duidelijk tijdens telefoongesprekken via Live Translation door middel van een spraakherkenningsalgoritme. Daarna zet Live Translate op de gekoppelde Galaxy-smartphone de woorden om naar de betreffende taal. Lees het gesprek zonder je telefoon aan je oor te houden.
Tijdloze kleuren, passend bij elk geluid
De kleuren Graphite en Mystic White zijn tijdloos en zorgen ervoor dat je altijd stijlvol voor de dag komt. Ze passen perfect bij je kledingstijl en bij iedere gelegenheid.
Houd externe ruis buiten je gehoor met de krachtige ANC
Blijf in je bubbel zonder geluiden van buitenaf. Dankzij Active Noise Canceling kun je in alle rust van je muziek genieten. Sluit ruis buiten en laat je meevoeren in het pure geluid.
Stilte binnen handbereik
Zet de Active Noise Canceling aan of uit door je vinger op de touchzone te houden. Wil je met een vriend(in) naast je praten? Schakel dan over naar de Ambient Sound-modus om ze te horen zonder je oordoppen uit te hoeven doen.
Enriched Bass Sound
Laat je meeslepen door het rijke geluid van de Galaxy Buds FE met een diepe, krachtige bas uit de nieuwe 1-wegspeaker, ongeacht waar je naar luistert.
Extra veel luisterplezier met de batterij die lang meegaat
Compact en toch krachtig. Een opgeladen batterij gaat 30 uur mee: genoeg voor je lange afspeellijsten met muziek, podcasts of video's voor social media.
Schakel naadloos over van het ene naar het andere apparaat
Gebruik Auto Switch, de touchbediening of Bixby om je buds te koppelen met andere Samsung Galaxy-apparaten. Het geluid volgt vanzelf. Sterker nog: het geluid volgt je zelfs als je overschakelt van je smartphone naar je TV via Smart View. Je kunt je favoriete serie dus op een groter scherm verder kijken zonder iets te missen.
Hi Bixby, zet mijn favoriete nummer op
Zet de Bixby Voice wake-up-modus aan en gebruik je stem om het weer te checken, muzieknummers op te zoeken, je vrienden een bericht te sturen en meer. Je hoeft alleen maar ""Hi, Bixby” te zeggen en Bixby doet het voor je.
Vind je verloren buds in een handomdraai
Ben je je buds kwijt? Niet lang! Je spoort ze in een mum van tijd weer op door middel van de locatiefunctie. Als ze door de telefoon van iemand anders worden gevonden, worden jouw contactgegevens gedeeld en krijgt diegene een 'Lost and Found'-bericht te zien. Zo verlies je je Galaxy Buds FE dus nooit meer uit het oog.
Vergeet je oordopjes niet
Ben je iets vergeten? De Galaxy Buds FE geven je een melding als je je oordopjes vergeet. Dat scheelt weer tijd.
Stem het geluid af op je persoonlijke voorkeuren
Met de Galaxy Wearable-app kun je de instellingen van je Galaxy Buds FE snel personaliseren met behulp van je Samsung Galaxy-apparaten. Van de equalizer tot Bixby Voice wake-up: dankzij de intuïtieve en gebruiksvriendelijke instellingen stel je jouw oordopjes in no time naar wens in.
Je favoriete accessoires passen nog steeds
Je kunt je favoriete case cover nog steeds gebruiken voor de Galaxy Buds FE. Ze zijn namelijk compatibel met hoesjes voor de Galaxy Buds2, Galaxy Buds2 Pro en Galaxy Buds Live. Geniet van je oordopjes zonder afscheid te hoeven nemen van je favoriete case cover.
Optimaal draagcomfort voor jouw oren
Het kleine, ergonomische ontwerp van de Galaxy Buds FE biedt extra draagcomfort en zorgt ervoor dat de buds stevig op hun plaats blijven. Pas de pasvorm van je oordoppen aan met een ruime keuze in maten voor de wingtips en eartips.
Jouw stem is perfect verstaanbaar
Dankzij de drie microfoons op de Galaxy Buds FE ben je altijd uitstekend verstaanbaar tijdens telefoongesprekken. Main Mic, Sub Mic en Inner Mic werken alle drie samen om jouw stem zo goed mogelijk over te brengen aan de luisteraar.
De earbuds gepersonaliseerd voor jou
Galaxy Buds FE gebruiken Personalized Beamforming om zich automatisch aan te passen aan uw draagpatroon voor de optimale ontvangst van uw stem. Doe ze in en ze lokaliseren uw stem wanneer u begint te praten.
Zorg dat je goed verstaanbaar bent, zelfs bij omgevingsgeluid
Of je nu in een drukke stad loopt of bovenop een winderige berg staat: dankzij de DNN-oplossing van de Galaxy Buds FE ben je zelfs bij hard omgevingsgeluid goed verstaanbaar. Het achtergrondgeluid wordt namelijk weggefilterd van je stem.",https://www.laptop.nl/picture/80065998/600/370/HighResolution/LPNL/false,https://www.laptop.nl/product/samsung-galaxy-buds-fe-wit/80065998/17155
Oortjes,JBL Wave Beam - Zwart,"JBL Deep Bass-geluid
Haal het meeste uit je muziek met hoogwaardige audio van veilige, betrouwbare oordopjes met 8 mm drivers met JBL Deep Bass Sound.
Comfortabele pasvorm
Het ergonomische, stick-closed ontwerp van de JBL Wave Beam zit zo comfortabel dat je bijna vergeet dat je ze draagt. Het stick-closed ontwerp sluit externe geluiden uit en verbetert de basprestaties.
Tot 32 uur (8 + 24 uur) batterijduur met snelladen
De JBL Wave Beam heeft een batterijduur van 8 uur voor de oordopjes en 24 uur in de oplaadcase en biedt de hele dag audio. En als je meer batterij nodig hebt, kun je in slechts 10 minuten twee uur extra opladen.
Blijf je bewust van je omgeving
Ga overal naartoe en hoor alles met Smart Ambient-technologie. Wanneer je even wilt pauzeren voor een kort gesprek, kun je met TalkThru jezelf en de mensen om je heen horen zonder je oordopjes uit te doen. Of gebruik Ambient Aware om de muziek af te spelen terwijl je je bewust blijft van je omgeving.
Handsfree bellen met VoiceAware
Wanneer je onderweg handsfree stereogesprekken voert, kun je met VoiceAware bepalen hoeveel van je  eigen stem je hoort terwijl je met anderen praat.
Water- en stofbestendig
Van het strand tot het fietspad, de IP54-certified oordopjes en IPX2-opIaadcase zijn water- en stofbestendig en gaan dus de hele dag mee.",https://www.laptop.nl/picture/80068282/600/370/HighResolution/LPNL/false,https://www.laptop.nl/product/jbl-wave-beam-zwart/80068282/17155
Oortjes,Xiaomi Mi True Wireless Earbuds Basic 2 - Zwart,"Oppakken en aansluiten
Indoen en gebruikenDe Mi True Wireless Earbuds Basic 2 zijn ongelooflijk eenvoudig in het gebruik, zodra u ze uit het oplaaddoosje haalt. U hoeft ze alleen maar in uw oren te doen om van een fantastische audio-ervaring te genieten.*U moet de Mi True Wireless Earbuds Basic 2 de eerste keer handmatig verbinden met uw telefoon, daarna is handmatig verbinden niet meer nodig.
Handig en naadloos schakelen tussen de enkele en dubbele oormodus
De Mi True Wireless Earbuds Basic 2 optimaliseren de manier waarop de linker en rechter oordoppen zijn verbonden. Zonder beperkingen voor primaire en secundaire apparaten kunt u naadloos schakelen tussen enkel- en dubbeloors. Doe één oordopje in voor monogeluid en doe daarna de andere in om automatisch het stereogeluid te hervatten zonder opnieuw te hoeven koppelen.
Bluetooth 5.0
High performance met snellere en stabielere verbindingen
De Mi True Wireless Earbuds Basic 2 zijn uitgerust met de nieuwste Bluetooth 5.0-chip, die twee keer sneller gegevens dan de vorige generatie doorgeeft en snellere en stabielere verbindingen heeft. Zo zou de nieuwste generatie eruit moeten zien.
Beter luisteren naar muziek en duidelijkere gesprekken
Dankzij de geluidsdriver van 7,2 mm leveren de oordopjes een uitstekende geluidskwaliteit met fantastische gemiddelde en lage tonen door de nauwkeurige afstemming door experts. De DSP-ruisonderdrukkingstechnologie filtert het omgevingsgeluid effectief weg en zorgt voor een kristalheldere geluidskwaliteit.
Op een volle lading gaan de draadloze oordopjes zeker 4 uur non-stop mee en circa 12 uur in combinatie met het compacte oplaaddoosje.
*Testomstandigheden accuduur: De totale tijd dat online nummers continu worden afgespeeld op een volume van 50%, van volledig opladen tot automatisch uitschakelen. De waarde is alleen ter referentie en de werkelijke levensduur van de batterij is afhankelijk van externe factoren zoals de omgeving en het gebruik.
Laag gewicht van slechts 4,1 gram
Oordopjes in drie maten zodat er voor iedereen een goede pasvorm bij zit.
Extra lange totale luistertijd van 12 uur
Op een volle lading gaan de draadloze oordopjes zeker 4 uur non-stop mee en circa 12 uur in combinatie met het compacte oplaaddoosje.",https://www.laptop.nl/picture/21058846/600/370/HighResolution/LPNL/false,https://www.laptop.nl/product/xiaomi-mi-true-wireless-earbuds-basic-2-zwart/21058846/17155
Oortjes,Samsung Galaxy Buds FE - Graphite,"Awards
Great Value Award
'Betaalbare oortjes met verrassend goede ruisonderdrukking'
Face to face
Face to face
Hou je Galaxy Buds FE aan, zelfs als je nieuwe vrienden maakt op reis. Zet de Interpreter-app aan en hoor de vertaling in je oren. De Galaxy Buds FE horen je woorden en de speaker van je Samsung Galaxy-smartphone vertaalt ze voor je nieuwe vriend.
Via de telefoon
Via de telefoon
De microfoons van je Galaxy Buds FE registreren je woorden duidelijk tijdens telefoongesprekken via Live Translation door middel van een spraakherkenningsalgoritme. Daarna zet Live Translate op de gekoppelde Galaxy-smartphone de woorden om naar de betreffende taal. Lees het gesprek zonder je telefoon aan je oor te houden.
Tijdloze kleuren, passend bij elk geluid
De kleuren Graphite en Mystic White zijn tijdloos en zorgen ervoor dat je altijd stijlvol voor de dag komt. Ze passen perfect bij je kledingstijl en bij iedere gelegenheid.
Houd externe ruis buiten je gehoor met de krachtige ANC
Blijf in je bubbel zonder geluiden van buitenaf. Dankzij Active Noise Canceling kun je in alle rust van je muziek genieten. Sluit ruis buiten en laat je meevoeren in het pure geluid.
Stilte binnen handbereik
Zet de Active Noise Canceling aan of uit door je vinger op de touchzone te houden. Wil je met een vriend(in) naast je praten? Schakel dan over naar de Ambient Sound-modus om ze te horen zonder je oordoppen uit te hoeven doen.
Enriched Bass Sound
Laat je meeslepen door het rijke geluid van de Galaxy Buds FE met een diepe, krachtige bas uit de nieuwe 1-wegspeaker, ongeacht waar je naar luistert.
Extra veel luisterplezier met de batterij die lang meegaat
Compact en toch krachtig. Een opgeladen batterij gaat 30 uur mee: genoeg voor je lange afspeellijsten met muziek, podcasts of video's voor social media.
Schakel naadloos over van het ene naar het andere apparaat
Gebruik Auto Switch, de touchbediening of Bixby om je buds te koppelen met andere Samsung Galaxy-apparaten. Het geluid volgt vanzelf. Sterker nog: het geluid volgt je zelfs als je overschakelt van je smartphone naar je TV via Smart View. Je kunt je favoriete serie dus op een groter scherm verder kijken zonder iets te missen.
Hi Bixby, zet mijn favoriete nummer op
Zet de Bixby Voice wake-up-modus aan en gebruik je stem om het weer te checken, muzieknummers op te zoeken, je vrienden een bericht te sturen en meer. Je hoeft alleen maar ""Hi, Bixby” te zeggen en Bixby doet het voor je.
Vind je verloren buds in een handomdraai
Ben je je buds kwijt? Niet lang! Je spoort ze in een mum van tijd weer op door middel van de locatiefunctie. Als ze door de telefoon van iemand anders worden gevonden, worden jouw contactgegevens gedeeld en krijgt diegene een 'Lost and Found'-bericht te zien. Zo verlies je je Galaxy Buds FE dus nooit meer uit het oog.
Vergeet je oordopjes niet
Ben je iets vergeten? De Galaxy Buds FE geven je een melding als je je oordopjes vergeet. Dat scheelt weer tijd.
Stem het geluid af op je persoonlijke voorkeuren
Met de Galaxy Wearable-app kun je de instellingen van je Galaxy Buds FE snel personaliseren met behulp van je Samsung Galaxy-apparaten. Van de equalizer tot Bixby Voice wake-up: dankzij de intuïtieve en gebruiksvriendelijke instellingen stel je jouw oordopjes in no time naar wens in.
Je favoriete accessoires passen nog steeds
Je kunt je favoriete case cover nog steeds gebruiken voor de Galaxy Buds FE. Ze zijn namelijk compatibel met hoesjes voor de Galaxy Buds2, Galaxy Buds2 Pro en Galaxy Buds Live. Geniet van je oordopjes zonder afscheid te hoeven nemen van je favoriete case cover.
Optimaal draagcomfort voor jouw oren
Het kleine, ergonomische ontwerp van de Galaxy Buds FE biedt extra draagcomfort en zorgt ervoor dat de buds stevig op hun plaats blijven. Pas de pasvorm van je oordoppen aan met een ruime keuze in maten voor de wingtips en eartips.
Jouw stem is perfect verstaanbaar
Dankzij de drie microfoons op de Galaxy Buds FE ben je altijd uitstekend verstaanbaar tijdens telefoongesprekken. Main Mic, Sub Mic en Inner Mic werken alle drie samen om jouw stem zo goed mogelijk over te brengen aan de luisteraar.
De earbuds gepersonaliseerd voor jou
Galaxy Buds FE gebruiken Personalized Beamforming om zich automatisch aan te passen aan uw draagpatroon voor de optimale ontvangst van uw stem. Doe ze in en ze lokaliseren uw stem wanneer u begint te praten.
Zorg dat je goed verstaanbaar bent, zelfs bij omgevingsgeluid
Of je nu in een drukke stad loopt of bovenop een winderige berg staat: dankzij de DNN-oplossing van de Galaxy Buds FE ben je zelfs bij hard omgevingsgeluid goed verstaanbaar. Het achtergrondgeluid wordt namelijk weggefilterd van je stem.",https://www.laptop.nl/picture/80065996/600/370/HighResolution/LPNL/false,https://www.laptop.nl/product/samsung-galaxy-buds-fe-graphite/80065996/17155
Laptopstandaarden,Neomounts NSLS100 - Tablet / Laptop standaard,"De NS-LS100 is een universele tablet / notebook standaard. Gemakkelijk verstelbaar in 6 standen ideaal voor de juiste kijkhouding ten opzicht van de tablet / notebook. Door zijn design eenvoudig in te klappen, licht gewicht en mobiel. De breedte van de standaard is verstelbaar waardoor de meeste laptops en tablets op deze steun geplaatst kunnen worden. Het unieke design laat warme lucht eenvoudig wegstromen waardoor oververhitting van de notebook wordt voorkomen. Hierdoor blijft de tablet / notebook snel en betrouwbaar.
De standaard wordt geleverd inclusief hoes, welke ook te gebruiken is als muispad. Ideaal voor onderweg.
Model NS-LS100, het model voor de mobiele werkplek. Compact, licht en makkelijk mee te nemen.",https://www.laptop.nl/picture/20004688/600/370/HighResolution/LPNL/false,https://www.laptop.nl/product/neomounts-nsls100-tablet-laptop-standaard/20004688/17484
Laptopstandaarden,Neomounts opvouwbare laptop stand - NSLS200,"De Neomounts NSLS200 is een universele standaard voor laptops van 10"" tot 17"", met een maximum draagvermogen van 5 kg. De standaard heeft zes verschillende hoogteposities, diepteverstelling en een slim opvouwbaar ontwerp. 
Het lichtgewicht, compacte ontwerp maakt de standaard ideaal om mee te nemen waartoe je maar wilt. De open configuratie zorgt voor een goede ventilatie van de laptop en de siliconen anti-slipkussentjes en randstopbeveiliging zorgen voor een solide positionering.",https://www.laptop.nl/picture/21045163/600/370/HighResolution/LPNL/false,https://www.laptop.nl/product/neomounts-opvouwbare-laptop-stand-nsls200/21045163/17484
Laptopstandaarden,ACT laptopstandaard - Grijs,"Gebruik de AC8130 Aluminium Laptop Standaard voor het ergonomisch werken op een laptop. Deze stevige stand heeft antislip rubberen pads die de laptop op de plek houden. De stand heeft een kijkhoek van 13° en is geschikt voor laptops tot 15,6”. Het open ontwerp zorgt voor een maximale luchtstroom voor een betere warmtegeleiding. De ruimte onder de stand kan gebruikt worden voor het opbergen van een toetsenbord, documenten en andere randapparatuur.
Ergonomisch: ontlast rug, nek en schouders
De AC8130 ergonomische laptop standaard verhoogt de laptop tot een comfortabel niveau met een kijkhoek van 13°. Hierdoor worden je nek, rug en schouders ontlast.
Geschikt voor laptops tot 15,6”
De aluminium laptopstandaard is geschikt voor laptops tot 15,6”. De antislip rubberen pads zorgen ervoor dat de laptop op de plek blijft liggen. De ruimte onder de laptop kan worden gebruikt voor het opbergen van een toetsenbord, documenten en andere randapparatuur.
Open ontwerp voor een maximale luchtstroom
Het open ontwerp van de notebookstandaard voorkomt oververhitting van de laptop. De vrije luchtstroom zorgt voor een betere warmtegeleiding.",https://www.laptop.nl/picture/21221843/600/370/HighResolution/LPNL/false,https://www.laptop.nl/product/act-laptopstandaard-grijs/21221843/17484
Laptopstandaarden,ACT opvouwbare laptop standaard - Grijs,"De stevige aluminium AC8135 opvouwbare laptopstandaard is veelzijdig in gebruik. De stand is geschikt voor laptops tot 15,6” en heeft diverse kijkhoeken voor het verkrijgen van een goede houding bij het werken op een notebook. Neem de stand gemakkelijk mee dankzij het opvouwbare en lichtgewicht ontwerp. De antislip rubberen pads houden de laptop op de plaats. Het open ontwerp zorgt voor een maximale luchtstroom voor een betere warmtegeleiding.
Ergonomisch ontwerp: diverse kijkhoeken mogelijk
De AC8135 is een stevige aluminium laptopstandaard en geschikt voor laptops tot 15,6”. De opvouwbare stand heeft diverse kijkhoeken. Kies de gewenste hoek voor de beste houding bij het werken op een laptop. De antislip pads houden de laptop op de plaats.
Eenvoudig mee te nemen dankzij het lichtgewicht opvouwbaar ontwerp
De AC8135 laptop stand is gemakkelijk mee te nemen in een tas door het opvouwbare ontwerp.
Open ontwerp voor een betere luchtstroom
Het open ontwerp van de notebookstandaard voorkomt oververhitting van de laptop. De vrije luchtstroom zorgt voor een betere warmtegeleiding.
Ook geschikt voor tablets en boeken
De AC8135 is een veelzijdige stand. Gebruik de standaard om je tablet of een boek op een comfortabele hoogte te plaatsen.",https://www.laptop.nl/picture/21221844/600/370/HighResolution/LPNL/false,https://www.laptop.nl/product/act-opvouwbare-laptop-standaard-grijs/21221844/17484
Laptopstandaarden,Neomounts opvouwbare laptop stand - NSLS075BLACK,"De Neomounts NSLS075BLACK is een universele notebook standaard waarmee u uw notebook in een ergonomische positie plaatst.
De laptop stand is eenvoudig verstelbaar in 5 standen (10-60°); ideaal voor de juiste kijkhouding ten opzichte van de laptop. De laptop stand is eenvoudig in te klappen, lichtgewicht en compact. Het open design zorgt voor optimale luchtcirculatie, waardoor eventuele oververhitting van de laptop wordt voorkomen. Hierdoor blijft uw notebook snel en betrouwbaar.",https://www.laptop.nl/picture/21039932/600/370/HighResolution/LPNL/false,https://www.laptop.nl/product/neomounts-opvouwbare-laptop-stand-nsls075black/21039932/17484
Laptopstandaarden,ACT opvouwbare laptopstandaard - Wit,"De stevige aluminium AC8120 opvouwbare laptopstandaard is onmisbaar wanneer je op diverse locaties werkt. Deze laptop stand is geschikt voor laptops tot 15,6” en heeft 7 verschillende ergonomische kijkhoeken voor een betere houding bij het werken op een notebook. Het opvouwbare lichtgewicht ontwerp en het meegeleverde tasje zorgen dat de stand gemakkelijk mee te nemen is. De laptop blijft op de plaats dankzij de antislip rubberen pads. Het open ontwerp zorgt voor een maximale luchtstroom voor een betere warmtegeleiding.
7 verschillende kijkhoeken voor maximaal comfort
De AC8120 ergonomische laptop standaard is een stevige stand en geschikt voor laptops tot 15,6”. Stel eenvoudig de gewenste hoogte in. De antislip rubberen pads houden de laptop op de plaats.
Eenvoudig mee te nemen dankzij het lichtgewicht opvouwbaar ontwerp
De aluminium laptopstandaard heeft een lichtgewicht en opvouwbaar ontwerp. Hierdoor is de stand gemakkelijk mee te nemen. De AC8120 wordt geleverd met een handig tasje.
Open ontwerp voor een betere luchtstroom
Het open ontwerp van de notebookstandaard voorkomt oververhitting van de laptop. De vrije luchtstroom zorgt voor een betere warmtegeleiding.
Ook geschikt voor tablets en boeken
De AC8120 is een veelzijdige stand. Gebruik de standaard om je tablet of een boek op een comfortabele hoogte te plaatsen.",https://www.laptop.nl/picture/21221841/600/370/HighResolution/LPNL/false,https://www.laptop.nl/product/act-opvouwbare-laptopstandaard-wit/21221841/17484
Usb-sticks,Kingston Exodia M - 64 GB,"Kingston DataTraveler® Exodia™ M beschikt over USB 3.2 Gen 1 prestaties voor eenvoudige toegang tot laptops, desktop PC's, monitoren en andere digitale apparaten. DT Exodia M maakt snelle overdracht en handige opslag van documenten, muziek, video's en meer mogelijk. Hij is verkrijgbaar in meerdere stijlvolle kleuropties die overeenkomen met capaciteiten tot 256GB1. Het praktische ontwerp maakt het een ideale opslagoplossing voor onderweg, of het nu op het werk, thuis of op school is. DT Exodia M wordt ondersteund door vijf jaar garantie, gratis technische ondersteuning en de legendarische betrouwbaarheid van Kingston®.
Functioneel ontwerp
Het ontwerp met bewegende kap beschermt de USB-connector en uw gegevens wanneer deze niet worden gebruikt.
Gemak binnen handbereik
De lichtgewicht opslagoplossing die voldoet aan USB 3.2 Gen 1 zorgt voor snelle bestandsoverdracht.
Ultieme draagbaarheid
Verschillende capaciteiten met kleurrijke dop en een lus die gemakkelijk aan sleutelhangers kan worden bevestigd.",https://www.laptop.nl/picture/21197737/600/370/HighResolution/LPNL/false,https://www.laptop.nl/product/kingston-exodia-m-64-gb/21197737/17255
Usb-sticks,Samsung MUF-128BE - 128 GB,"Speed in style
A modern take on a classic. The next generation BAR Plus elevates the flash drive to an everyday essential, offering impressive speed and striking design. The metal unibody is pure minimalism in a drive that cleverly blends style, speed and reliability.
Move files in a flash
Get your time back. Fast and convenient read speeds up to 300 MB/s with the latest USB 3.1 standard give you more time to work, play, watch, and create. Send a 3GB 4K UHD video file from your Bar Plus to your PC in just 10 seconds.
Rugged refinement
As strong as it is stylish. The sturdy metal body keeps your data safe and intact, and the integrated keyring prevents accidental misplacement or loss. The BAR Plus is the ideal combination of stunning design and worry-free durability.
Tough & Trusted
Files stay secure, anywhere you go. Samsung’s leadership in flash memory makes the BAR Plus a trustworthy drive to store your valuable data. It works through it all with a waterproof, shock-proof, temperature-proof, magnet-proof, and X-ray-proof body.",https://www.laptop.nl/picture/80059776/600/370/HighResolution/LPNL/false,https://www.laptop.nl/product/samsung-muf-128be-128-gb/80059776/17255
Usb-sticks,Kingston DataTraveler Exodia - 256 GB,"DataTraveler Exodia USB-flashdrive met beschermkap en sleutelhanger in meerdere kleuren
Kingston's DataTraveler® Exodia biedt USB 3.2 Gen 1 prestaties voor eenvoudige toegang tot laptops, desktop PC's, monitoren en andere digitale apparaten. DT Exodia zorgt voor snelle overdrachten en handige opslag van documenten, muziek, video's en meer. Het praktische ontwerp en de modieuze kleuren maken het ideaal voor dagelijks gebruik op het werk, thuis, op school of waar u uw gegevens ook maar mee naartoe wilt nemen. DT Exodia is verkrijgbaar in capaciteiten tot 256 GB1 en wordt ondersteund door een garantie van vijf jaar, gratis technische ondersteuning en de legendarische betrouwbaarheid van Kingston®.
Ultieme draagbaarheid
Diverse capaciteiten met kleurrijke lus die gemakkelijk aan sleutelhangers kan worden bevestigd
Snel en handig
De lichtgewicht opslagoplossing met USB 3.2 Gen 1-snelheden die u gemakkelijk kunt meenemen.",https://www.laptop.nl/picture/21039547/600/370/HighResolution/LPNL/false,https://www.laptop.nl/product/kingston-datatraveler-exodia-256-gb/21039547/17255
Usb-sticks,Samsung MUF-256BE - 256 GB,"Speed in style
A modern take on a classic. The next generation BAR Plus elevates the flash drive to an everyday essential, offering impressive speed and striking design. The metal unibody is pure minimalism in a drive that cleverly blends style, speed and reliability.
Move files in a flash
Get your time back. Fast and convenient read speeds up to 300 MB/s with the latest USB 3.1 standard give you more time to work, play, watch, and create. Send a 3GB 4K UHD video file from your Bar Plus to your PC in just 10 seconds.
Rugged refinement
As strong as it is stylish. The sturdy metal body keeps your data safe and intact, and the integrated keyring prevents accidental misplacement or loss. The BAR Plus is the ideal combination of stunning design and worry-free durability.
Tough & Trusted
Files stay secure, anywhere you go. Samsung’s leadership in flash memory makes the BAR Plus a trustworthy drive to store your valuable data. It works through it all with a waterproof, shock-proof, temperature-proof, magnet-proof, and X-ray-proof body.",https://www.laptop.nl/picture/80059777/600/370/HighResolution/LPNL/false,https://www.laptop.nl/product/samsung-muf-256be-256-gb/80059777/17255
Usb-sticks,Kingston DataTraveler Exodia - 128 GB,"DataTraveler Exodia USB Flash Drive with Protective Cap and Keyring in Multiple Colors
Kingston’s DataTraveler® Exodia features USB 3.2 Gen 1 performance for easy access to laptops, desktop PCs, monitors and other digital devices. DT Exodia allows quick transfers and convenient storage of documents, music, videos and more. Its practical design and fashionable colors make it ideal for everyday use at work, home, school or wherever you need to take your data. DT Exodia is available in capacities up to 256GB1 and is backed by a five-year warranty, free technical support and legendary Kingston® reliability.
Ultimate portability
Range of capacities with colorful loop that easily attaches to key rings
Quick and convenient
The lightweight storage solution with USB 3.2 Gen 1 speeds that’s easy to take with you.",https://www.laptop.nl/picture/21039546/600/370/HighResolution/LPNL/false,https://www.laptop.nl/product/kingston-datatraveler-exodia-128-gb/21039546/17255
Usb-sticks,Kingston Exodia M - 128 GB,"Kingston DataTraveler® Exodia™ M beschikt over USB 3.2 Gen 1 prestaties voor eenvoudige toegang tot laptops, desktop PC's, monitoren en andere digitale apparaten. DT Exodia M maakt snelle overdracht en handige opslag van documenten, muziek, video's en meer mogelijk. Hij is verkrijgbaar in meerdere stijlvolle kleuropties die overeenkomen met capaciteiten tot 256GB1. Het praktische ontwerp maakt het een ideale opslagoplossing voor onderweg, of het nu op het werk, thuis of op school is. DT Exodia M wordt ondersteund door vijf jaar garantie, gratis technische ondersteuning en de legendarische betrouwbaarheid van Kingston®.
Functioneel ontwerp
Het ontwerp met bewegende kap beschermt de USB-connector en uw gegevens wanneer deze niet worden gebruikt.
Gemak binnen handbereik
De lichtgewicht opslagoplossing die voldoet aan USB 3.2 Gen 1 zorgt voor snelle bestandsoverdracht.
Ultieme draagbaarheid
Verschillende capaciteiten met kleurrijke dop en een lus die gemakkelijk aan sleutelhangers kan worden bevestigd.",https://www.laptop.nl/picture/21197734/600/370/HighResolution/LPNL/false,https://www.laptop.nl/product/kingston-exodia-m-128-gb/21197734/17255
Usb-sticks,Samsung MUF-64BE - 64 GB,"Snelheid in stijl
Een moderne kijk op een klassieker. De volgende generatie BAR Plus verheft de flash drive tot een alledaagse must, met een indrukwekkende snelheid en een opvallend design. De metalen behuizing is puur minimalisme in een schijf die stijl, snelheid en betrouwbaarheid slim combineert.
Verplaats bestanden in een oogwenk
Krijg uw tijd terug. Snelle en handige leessnelheden tot 300 MB/s met de nieuwste USB 3.1-standaard geven u meer tijd om te werken, spelen, kijken en creëren. Verstuur een 4K UHD-videobestand van 3 GB van uw Bar Plus naar uw pc in slechts 10 seconden.
Robuuste verfijning
Even sterk als stijlvol. De stevige metalen behuizing houdt uw gegevens veilig en intact, en de geïntegreerde sleutelhanger voorkomt per ongeluk misplaatsen of verlies. De BAR Plus is de ideale combinatie van een prachtig design en zorgeloze duurzaamheid.
Sterk en vertrouwd
Bestanden blijven veilig, waar u ook gaat. Samsung's leiderschap in flash geheugen maakt de BAR Plus een betrouwbare schijf om uw waardevolle gegevens op te slaan. De BAR Plus is waterdicht, schokbestendig, temperatuurbestendig, magneetbestendig en röntgenbestendig.",https://www.laptop.nl/picture/21182110/600/370/HighResolution/LPNL/false,https://www.laptop.nl/product/samsung-muf-64be-64-gb/21182110/17255
Usb-sticks,SanDisk Ultra Dual Drive Go - 64 GB,"Volledige levensduur, geen volledige opslag
Op zoek naar opslag die werkt op uw USB Type-C™- en Type-A-apparaten? Met de SanDisk Ultra® Dual Drive Go kunt u eenvoudig bestanden verplaatsen tussen uw USB Type-C smartphone, tablets en Macs en USB Type-A computers2 .
De 2-in-1 flashdrive voor uw USB Type-C™- en Type-A-apparaten
Maakt u foto's op uw USB type-C-smartphone en hebt u die nodig op uw pc? Wij hebben u. Met de SanDisk Ultra® Dual Drive Go kunt u naadloos bestanden verplaatsen tussen uw USB Type-C smartphone, tablets en Macs en USB Type-A computers.2
Maak ruimte vrij om meer foto's te maken
Heeft u geen ruimte meer op uw USB Type-C-smartphone? Sluit gewoon de SanDisk Ultra® Dual Drive Go USB Flash Drive aan en verplaats eenvoudig bestanden van uw apparaat, waardoor kostbare ruimte vrijkomt.2 Met al die extra ruimte kunt u meer reisfoto's, films, muziek, games en wat u maar wilt maken.
Automatische back-up is slechts een plug-in verwijderd
Maak automatisch een back-up van uw nieuwste foto's, video's, muziek, documenten en contacten met de SanDisk Memory zone-app.3 Wees gerust dat zelfs als u ooit uw smartphone verliest, u de herinneringen hebt die er het meest toe doen.
Snel bestanden verplaatsen naar uw computer
Neem afscheid van het e-mailen van foto's tussen apparaten. Zodra bestanden op uw SanDisk Ultra® Dual Drive Go staan, kunt u dankzij de hoogwaardige USB 3.1 Gen 1-prestaties met 150 MB/s leessnelheden uw bestanden snel naar uw computer verplaatsen.1
Draaibaar ontwerp om connectoren te beschermen
Stop hem in uw tas of zak. De SanDisk Ultra® Dual Drive Go is ontworpen om de connectors van de drive te beschermen wanneer u onderweg bent.
Grijpen en meenemen met het sleutelringgat
Bevestig uw drive aan uw sleutelring om hem handig en veilig op te bergen. Nu hebt u hem altijd bij de hand als u onderweg ruimte moet vrijmaken.",https://www.laptop.nl/picture/21182089/600/370/HighResolution/LPNL/false,https://www.laptop.nl/product/sandisk-ultra-dual-drive-go-64-gb/21182089/17255
Geheugenkaarten,Kingston Canvas Select Plus MicroSDXC - 512 GB,"Krachtige prestaties, snelheid en duurzaamheid
De Canvas Select Plus microSD van Kingston is compatibel met Android-apparaten en levert prestaties van A1-klasse. De kaart biedt een hogere snelheid en verschillende capaciteiten tot 512 GB* om apps sneller te laden en foto's en video's vast te leggen. De Canvas Select Plus microSD levert krachtige prestaties, snelheid en duurzaamheid waar u op kunt vertrouwen bij het maken en ontwikkelen van foto's met een hoge resolutie of het vastleggen en bewerken van Full HD-video's. Kingston Canvas kaarten zijn onder de zwaarste omstandigheden getest op duurzaamheid, dus u kunt uw kaart overal mee naartoe nemen in het vertrouwen dat uw foto’s, video’s en andere gegevens beschermd zijn. Beschikbaar met levenslange garantie.
- UHS-I snelheidsklasse 10 tot 100 MB/s**
- Geoptimaliseerd voor gebruik met Android-apparaten
- Capaciteit tot 512 GB*
- Duurzaam
- Levenslange garantie
* Een deel van de vermelde capaciteit op een flashgeheugen is bedoeld voor formattering en andere functies en is daarom niet beschikbaar voor gegevensopslag. Daardoor is de werkelijk beschikbare capaciteit voor gegevensopslag kleiner dan wat op de producten wordt vermeld. Ga voor meer informatie naar de Flashgeheugengids van Kingston op kingston.com/flashguide.
** Snelheid kan variëren op grond van de hardware, software en het gebruik van de host.",https://www.laptop.nl/picture/20989024/600/370/HighResolution/LPNL/false,https://www.laptop.nl/product/kingston-canvas-select-plus-microsdxc-512-gb/20989024/17294
Geheugenkaarten,Kingston Canvas Select Plus MicroSDXC - 256 GB,"Krachtige prestaties, snelheid en duurzaamheid
De Canvas Select Plus microSD van Kingston is compatibel met Android-apparaten en levert prestaties van A1-klasse. De kaart biedt een hogere snelheid en verschillende capaciteiten tot 512 GB* om apps sneller te laden en foto's en video's vast te leggen. De Canvas Select Plus microSD levert krachtige prestaties, snelheid en duurzaamheid waar u op kunt vertrouwen bij het maken en ontwikkelen van foto's met een hoge resolutie of het vastleggen en bewerken van Full HD-video's. Kingston Canvas kaarten zijn onder de zwaarste omstandigheden getest op duurzaamheid, dus u kunt uw kaart overal mee naartoe nemen in het vertrouwen dat uw foto’s, video’s en andere gegevens beschermd zijn. Beschikbaar met levenslange garantie.
- UHS-I snelheidsklasse 10 tot 100 MB/s**
- Geoptimaliseerd voor gebruik met Android-apparaten
- Capaciteit tot 512 GB*
- Duurzaam
- Levenslange garantie
* Een deel van de vermelde capaciteit op een flashgeheugen is bedoeld voor formattering en andere functies en is daarom niet beschikbaar voor gegevensopslag. Daardoor is de werkelijk beschikbare capaciteit voor gegevensopslag kleiner dan wat op de producten wordt vermeld. Ga voor meer informatie naar de Flashgeheugengids van Kingston op kingston.com/flashguide.
** Snelheid kan variëren op grond van de hardware, software en het gebruik van de host.",https://www.laptop.nl/picture/20989020/600/370/HighResolution/LPNL/false,https://www.laptop.nl/product/kingston-canvas-select-plus-microsdxc-256-gb/20989020/17294
Geheugenkaarten,Kingston Canvas Select Plus MicroSDXC - 128 GB,"Krachtige prestaties, snelheid en duurzaamheid
De Canvas Select Plus microSD van Kingston is compatibel met Android-apparaten en levert prestaties van A1-klasse. De kaart biedt een hogere snelheid en verschillende capaciteiten tot 512 GB* om apps sneller te laden en foto's en video's vast te leggen. De Canvas Select Plus microSD levert krachtige prestaties, snelheid en duurzaamheid waar u op kunt vertrouwen bij het maken en ontwikkelen van foto's met een hoge resolutie of het vastleggen en bewerken van Full HD-video's. Kingston Canvas kaarten zijn onder de zwaarste omstandigheden getest op duurzaamheid, dus u kunt uw kaart overal mee naartoe nemen in het vertrouwen dat uw foto’s, video’s en andere gegevens beschermd zijn. Beschikbaar met levenslange garantie.
- UHS-I snelheidsklasse 10 tot 100 MB/s**
- Geoptimaliseerd voor gebruik met Android-apparaten
- Capaciteit tot 512 GB*
- Duurzaam
- Levenslange garantie
* Een deel van de vermelde capaciteit op een flashgeheugen is bedoeld voor formattering en andere functies en is daarom niet beschikbaar voor gegevensopslag. Daardoor is de werkelijk beschikbare capaciteit voor gegevensopslag kleiner dan wat op de producten wordt vermeld. Ga voor meer informatie naar de Flashgeheugengids van Kingston op kingston.com/flashguide.
** Snelheid kan variëren op grond van de hardware, software en het gebruik van de host.",https://www.laptop.nl/picture/20989016/600/370/HighResolution/LPNL/false,https://www.laptop.nl/product/kingston-canvas-select-plus-microsdxc-128-gb/20989016/17294
Geheugenkaarten,Kingston Canvas Select Plus MicroSDXC - 64 GB,"Krachtige prestaties, snelheid en duurzaamheid
De Canvas Select Plus microSD van Kingston is compatibel met Android-apparaten en levert prestaties van A1-klasse. De kaart biedt een hogere snelheid en verschillende capaciteiten tot 512 GB* om apps sneller te laden en foto's en video's vast te leggen. De Canvas Select Plus microSD levert krachtige prestaties, snelheid en duurzaamheid waar u op kunt vertrouwen bij het maken en ontwikkelen van foto's met een hoge resolutie of het vastleggen en bewerken van Full HD-video's. Kingston Canvas kaarten zijn onder de zwaarste omstandigheden getest op duurzaamheid, dus u kunt uw kaart overal mee naartoe nemen in het vertrouwen dat uw foto’s, video’s en andere gegevens beschermd zijn. Beschikbaar met levenslange garantie.
- UHS-I snelheidsklasse 10 tot 100 MB/s**
- Geoptimaliseerd voor gebruik met Android-apparaten
- Capaciteit tot 512 GB*
- Duurzaam
- Levenslange garantie
* Een deel van de vermelde capaciteit op een flashgeheugen is bedoeld voor formattering en andere functies en is daarom niet beschikbaar voor gegevensopslag. Daardoor is de werkelijk beschikbare capaciteit voor gegevensopslag kleiner dan wat op de producten wordt vermeld. Ga voor meer informatie naar de Flashgeheugengids van Kingston op kingston.com/flashguide.
** Snelheid kan variëren op grond van de hardware, software en het gebruik van de host.",https://www.laptop.nl/picture/20989074/600/370/HighResolution/LPNL/false,https://www.laptop.nl/product/kingston-canvas-select-plus-microsdxc-64-gb/20989074/17294
Externe-ssds,Verbatim Vx500 - 480 GB,"Nieuwste opslagtechnologie
De externe SSD Vx500 van Verbatim gebruikt zeer snel flashgeheugen en een USB 3.1 Gen 2-controller, geoptimaliseerd voor ongekende prestaties.
Behoud de controle over uw gegevens
Opslaan, verplaatsen en reservekopieën van grote hoeveelheden van digitale gegevens kunnen zwaar werk zijn en veel tijd in beslag nemen. Met overdrachtssnelheden tot 500 MB/s* kunnen zelfs bestanden met video’s in hoge resolutie in enkele seconden verplaatst worden. De verbeterde prestaties van de Vx500 maken deze ideaal voor het gebruik van virtuele machines op uw computer.
Eenvoudig, slank ontwerp
De externe SSD Vx500 is gemaakt van kosmosgrijs aluminium en weegt slechts 29 gram. Dit geeft een zeer slank en hoogwaardig uiterlijk en gevoel. Ondanks de kleine afmetingen heeft de schijf een aanzienlijke opslagcapaciteit. Met capaciteiten tot 480 GB is deze het perfecte hulpmiddel voor Ultrabooks met beperkte interne opslagcapaciteit.
Goed verbonden
De Vx500 beschikt over USB-A- en USB-C*-kabels. Hij kan dus onmiddellijk gebruikt worden met een breed aanbod aan toestellen, van pc’s en tv’s tot de nieuwste mobiele apparaten.",https://www.laptop.nl/picture/20918940/600/370/HighResolution/LPNL/false,https://www.laptop.nl/product/verbatim-vx500-480-gb/20918940/17295
Externe-ssds,Samsung Portable SSD T7 - 1 TB,"De nieuwe norm in externe opslag
De draagbare SSD T7 is licht en van zakformaat, levert hoge snelheden en beschermt gegevens voor een eenvoudige manier om grote bestanden op te slaan en over te zetten. Ervaar de dagelijkse hoge prestaties in je werk en je vrije tijd met de T7.
Overdracht in
een oogwenk
Breng enorme bestanden binnen enkele seconden over met de ongelooflijke snelheid van USB 3.2 Gen 2 op de T7. De ingebouwde PCIe NVMe-technologie maakt sequentiële lees-/schrijfsnelheden tot respectievelijk 1.050/1.000 MB/s mogelijk, waardoor de T7 bijna twee keer zo snel is als het vorige T5-model.
Sterk en
veilig gebouwd
SSD staat voor Solid State Drive, wat betekent dat er geen bewegende onderdelen aan te pas komen. De hardware kan worden beveiligd met een AES 256-bits versleuteld wachtwoord en zit in een stevige metalen behuizing die gegevens intact houdt bij een val van maximaal 2 meter.
Geavanceerde thermische oplossing
Gebruik de T7 zonder je zorgen te maken over oververhitting. De geavanceerde thermische oplossing van de T7 maakt gebruik van ePCM-technologie en de Dynamic Thermal Guard om warmte te weerstaan en te beheersen, zodat de compacte SSD zelfs bij hoge snelheden op een optimale temperatuur blijft.
Slanke en compacte stijl
De T7 heeft standaard een lichtgewicht behuizing van zakformaat en is slank. De solide unibodyconstructie van aluminium is ongeveer net zo groot als een creditcard en weegt 58 gram, waardoor hij comfortabel in de palm van je hand past.
Vind de beste pasvorm
De T7 biedt verschillende opties zodat je de perfecte match kunt vinden. Kies een kleur, van klassiek zwart tot opvallend blauw en rood, en kies uit drie capaciteiten die passen bij jouw levensstijl: 500 GB, 1 TB of 2 TB.
Compatibel met meerdere apparaten
Altijd en overal toegang tot je bestanden. De T7 is compatibel met pc, Mac, Android-apparaten, spelconsoles en meer. In de doos zitten USB Type C-to-C en Type C-to-A kabels voor extra gebruiksgemak.
Beheersoftware
De T7 wordt geleverd met bijgewerkte software voor pc's en Mac's om je te helpen een wachtwoord in te stellen en de nieuwste firmware-updates te krijgen. Je kunt ook de mobiele app voor Android smartphones en tablets downloaden.
Flashgeheugen 's werelds nummer 1
Ervaar de superieure prestaties en betrouwbaarheid die je alleen kunt krijgen van 's werelds nummer één merk voor flashgeheugen sinds 2002. Alle firmware en componenten, waaronder Samsung's wereldberoemde DRAM en NAND, worden in eigen huis geproduceerd, waardoor end-to-end integratie mogelijk is voor kwaliteit waarop je kunt vertrouwen.",https://www.laptop.nl/picture/20998577/600/370/HighResolution/LPNL/false,https://www.laptop.nl/product/samsung-portable-ssd-t7-1-tb/20998577/17295
Externe-ssds,Kingston XS1000 - 2 TB,"Kingston's XS1000 externe SSD is een ongelooflijk handige back-upoplossing. De slanke, compacte vormfactor is ontworpen om naadloos in uw levensstijl te passen, zodat u hem gemakkelijk overal mee naartoe kunt nemen. Laat u niet misleiden door het formaat - deze kleine krachtpatser heeft snelheden tot 1.050 MB/s en een hoge capaciteit tot 2 TB, waardoor er voldoende snelheid en ruimte is om uw waardevolle gegevens op te slaan. Met zijn ongeëvenaarde gebruiksgemak en indrukwekkende opslagmogelijkheden is de XS1000 uw betrouwbare metgezel voor probleemloze back-up van bestanden, zodat uw belangrijke documenten, dierbare herinneringen en mediabestanden altijd direct toegankelijk zijn. Zeg vaarwel tegen bulk en hallo tegen gestroomlijnde opslagefficiëntie met de XS1000 externe SSD.
Ultieme draagbaarheid
Compact en met een gewicht van net geen 29 gram past deze slanke, volledig zwarte SSD in uw handpalm, zodat u uw bestanden moeiteloos mee kunt nemen onderweg.
Betrouwbare back-up van bestanden
Neem alles met je mee. Draag je documenten, grote foto's en video's over en sla ze op zonder onderbreking.
Meer opslagruimte
Breid je digitale bibliotheek uit met hoge capaciteiten tot 2TB2 om de mooiste momenten van het leven te bewaren.
USB 3.2 Gen 2-ondersteuning
Bereik lees-/schrijfsnelheden tot 1.050 MB/s met achterwaartse compatibiliteit met USB 3.2 Gen 1 voor naadloze connectiviteit met oudere apparaten.",https://www.laptop.nl/picture/21330538/600/370/HighResolution/LPNL/false,https://www.laptop.nl/product/kingston-xs1000-2-tb/21330538/17295
Externe-ssds,Transcend ESD380C - 500 GB,"Transcend's ESD380C is een draagbare solid state drive met een robuuste siliconen rubberen behuizing in militair groen. De USB 3.2 Gen 2x2 interface biedt ongeëvenaarde overdrachtssnelheden. Met zijn hoge capaciteit en compatibiliteit is de ESD380C zonder twijfel de perfecte keuze voor veilige en draagbare opslag.
Razendsnelle overdrachtssnelheden
De ESD380C is uitgerust met de USB 3.2 Gen 2x2 interface en ondersteunt UASP (USB Attached SCSI Protocol), waardoor hij verbluffend hoge overdrachtsnelheden tot 2.000MB/s biedt en zijn gelijken overtreft met zijn ongeëvenaarde prestaties.
Elegant anti-schok ontwerp
Transcend's ESD380C wordt geleverd in een militair groene siliconen rubberen behuizing die robuust en schokabsorberend is. Met een schokbeschermingssysteem dat voldoet aan de MIL-STD-810G US militaire valtest normen, kunt u er zeker van zijn dat de gegevens op de schijf volledig beschermd zijn. De extra compacte en draagbare ESD380C van handpalmformaat past perfect in je zak en neem je mee op al je avonturen.
Breid opslag in een handomdraai uit
De ESD380C wordt geleverd met capaciteiten tot 4 TB, zodat u genoeg ruimte hebt voor back-ups en voor het opslaan van uw hogeresolutieafbeeldingen, 4K-video's en andere mediabestanden!
Ondersteuning voor meerdere apparaten
De ESD380C kan worden gebruikt met meerdere apparaten en besturingssystemen, waaronder Windows, macOS en Android. Het biedt ultrasnelle overdrachtssnelheden en extra grote capaciteitsuitbreiding voor pc's, laptops, tablets, smartphones en zelfs spelconsoles. De grote compatibiliteit maakt het een handige en efficiënte",https://www.laptop.nl/picture/21308686/600/370/HighResolution/LPNL/false,https://www.laptop.nl/product/transcend-esd380c-500-gb/21308686/17295
Externe-ssds,Samsung Portable SSD T7 - 2 TB,"The new norm in external storage
Light and pocket-sized, the Portable SSD T7 both delivers fast speeds and safeguards data for an easy way to store and transfer large files. Experience everyday high performance in your work and play with the T7.
Transfer in a flash
Transfer massive files within seconds with the incredible speed of USB 3.2 Gen 2 on the T7. The embedded PCIe NVMe technology facilitates sequential read/write speeds of up to 1,050/1,000 MB/s, respectively, making the T7 almost twice as fast as the previous T5 model.
Built strong and secure
SSD stands for Solid State Drive, which means it's built with no moving parts. The hardware can be secured with an AES 256-bit encrypted password and is encased in a sturdy metal body that keeps data intact from falls of up to 2 meters.
Sophisticated thermal solution
Use T7 without worrying about overheating. The T7's advanced thermal solution uses ePCM technology and the Dynamic Thermal Guard to withstand and control heat, so the compact SSD stays at an optimal temperature even at fast speeds.
Sleek and compact style
Pocket-sized and slim, the lightweight body comes standard on the T7. Roughly the size of a credit card and weighing in at 58 grams, the solid aluminum unibody construction fits comfortably in the palm of your hand.
Find your best fit
The T7 gives you a range of options so you can find your perfect match. Pick a color from classic black to striking blue and red, and choose from three capacities to fit what your lifestyle demands: 500GB, 1TB, or 2TB.
Multi-device compatibility
ccess your files anytime, anywhere. The T7 is compatible with PC, Mac, Android devices, gaming consoles, an more. Included in the box are USB Type C-to-C and Type C-to-A cables for added convenience.
Management software
The T7 comes embedded with upgraded software for PCs and Macs to help you set up a password and get the latest firmware updates. You can also download the mobile app for Android smartphones and tablets.
World's No. 1 Flash Memory
Experience the superior performance and reliability that you can only get from the world's number one brand forflash memory since 2002. All firmware and components,including Samsung's world-renowned DRAM and NAND, are produced in-house, allowing end-to-end integration for quality you can trust",https://www.laptop.nl/picture/20998580/600/370/HighResolution/LPNL/false,https://www.laptop.nl/product/samsung-portable-ssd-t7-2-tb/20998580/17295
Externe-ssds,Kingston XS1000 - 1 TB,"Kingston's XS1000 externe SSD is een ongelooflijk handige back-upoplossing. De slanke, compacte vormfactor is ontworpen om naadloos in uw levensstijl te passen, zodat u hem gemakkelijk overal mee naartoe kunt nemen. Laat u niet misleiden door het formaat - deze kleine krachtpatser heeft snelheden tot 1.050 MB/s en een hoge capaciteit tot 2 TB, waardoor er voldoende snelheid en ruimte is om uw waardevolle gegevens op te slaan. Met zijn ongeëvenaarde gebruiksgemak en indrukwekkende opslagmogelijkheden is de XS1000 uw betrouwbare metgezel voor probleemloze back-up van bestanden, zodat uw belangrijke documenten, dierbare herinneringen en mediabestanden altijd direct toegankelijk zijn. Zeg vaarwel tegen bulk en hallo tegen gestroomlijnde opslagefficiëntie met de XS1000 externe SSD.
Ultieme draagbaarheid
Compact en met een gewicht van net geen 29 gram past deze slanke, volledig zwarte SSD in uw handpalm, zodat u uw bestanden moeiteloos mee kunt nemen onderweg.
Betrouwbare back-up van bestanden
Neem alles met je mee. Draag je documenten, grote foto's en video's over en sla ze op zonder onderbreking.
Meer opslagruimte
Breid je digitale bibliotheek uit met hoge capaciteiten tot 2TB2 om de mooiste momenten van het leven te bewaren.
USB 3.2 Gen 2-ondersteuning
Bereik lees-/schrijfsnelheden tot 1.050 MB/s met achterwaartse compatibiliteit met USB 3.2 Gen 1 voor naadloze connectiviteit met oudere apparaten.",https://www.laptop.nl/picture/21330537/600/370/HighResolution/LPNL/false,https://www.laptop.nl/product/kingston-xs1000-1-tb/21330537/17295
